record_id,year,month,district,soil_type,crop_type,season,cultivated_area_ha,avg_temperature_c,humidity_percent,rainfall_mm,seed_demand_kg,urea_demand_kg,dap_demand_kg,potash_demand_kg,pesticide_demand_l,urgency,lead_time_days
AGRI-10000,2023,4,Thanjavur,Cauvery Delta Alluvium,Paddy (Rice),Navarai (Dec-Mar),23.15,32.4,87.5,16.4,891.4,4903.5,2547.9,1818.2,65.0,Low,7
AGRI-10001,2025,5,Perambalur,Black Cotton Soil,Sugarcane,Mid (Feb-Mar),77.37,33.8,56.5,72.6,26222.4,32884.4,12008.8,15637.4,354.33,Normal,7
AGRI-10002,2025,5,Thanjavur,Cauvery Delta Alluvium,Maize,Kharif (Jun-Sep),79.22,32.1,74.2,56.2,1398.2,19278.3,9865.8,5673.6,155.25,Normal,4
AGRI-10003,2023,4,Pudukkottai,Red Laterite & Gravelly,Sugarcane,Mid (Feb-Mar),64.49,35.8,53.0,53.4,22166.0,29001.3,9451.0,13656.5,288.17,Low,3
AGRI-10004,2021,6,Pudukkottai,Red Laterite & Gravelly,Paddy (Rice),Kuruvai (Jun-Sep),39.61,29.4,58.9,40.7,1612.7,8291.0,4200.1,3473.7,120.03,High,7
AGRI-10005,2023,4,Perambalur,Black Cotton Soil,Groundnut,Adipattam (Jul-Aug),94.75,24.7,81.7,61.3,11540.5,4400.5,8609.7,6947.9,166.08,Low,5
AGRI-10006,2026,12,Karur,Red Sandy & Black Clay,Groundnut,Chithirai Pattam (Apr-May),13.1,31.4,62.3,153.1,1715.2,708.0,1356.9,919.6,23.11,High,7
AGRI-10007,2022,9,Nagapattinam,Coastal Alluvium & Saline,Sugarcane,Mid (Feb-Mar),90.7,33.2,54.7,263.0,31163.4,47646.2,14986.7,18680.3,416.13,High,6
AGRI-10008,2024,9,Tiruvarur,Deltaic Alluvium,Sugarcane,Late (Apr-May),17.77,32.4,90.5,239.2,6194.1,9478.8,3026.5,3749.3,119.87,High,3
AGRI-10009,2021,10,Nagapattinam,Coastal Alluvium & Saline,Paddy (Rice),Samba/Thaladi (Aug-Jan),53.74,28.5,79.7,215.7,2163.1,13212.4,6788.2,4571.9,268.94,High,6
AGRI-10010,2024,4,Madurai,Clayey Red Loam,Sugarcane,Mid (Feb-Mar),11.23,33.5,67.3,60.6,3794.7,5251.8,1735.1,2103.1,44.97,Normal,6
AGRI-10011,2023,8,Tiruvarur,Deltaic Alluvium,Maize,Kharif (Jun-Sep),25.61,31.6,86.2,59.8,484.0,6757.2,3485.4,2034.0,59.14,Normal,3
AGRI-10012,2024,1,Madurai,Clayey Red Loam,Maize,Kharif (Jun-Sep),17.73,22.1,88.9,59.1,326.4,4607.9,2370.2,1355.4,37.94,Normal,3
AGRI-10013,2026,9,Nagapattinam,Coastal Alluvium & Saline,Paddy (Rice),Navarai (Dec-Mar),8.14,26.8,70.0,284.0,314.2,2072.1,1065.9,643.7,22.16,High,3
AGRI-10014,2022,10,Perambalur,Black Cotton Soil,Paddy (Rice),Navarai (Dec-Mar),57.49,29.2,74.5,172.6,2249.9,15089.4,7082.4,4785.8,179.2,High,4
AGRI-10015,2021,8,Madurai,Clayey Red Loam,Cotton,Winter Irrigated (Aug-Feb),59.96,30.4,72.6,42.3,178.3,9021.0,5258.4,3752.2,228.52,Low,6
AGRI-10016,2025,1,Karur,Red Sandy & Black Clay,Groundnut,Thai Pattam (Dec-Jan),64.28,33.8,54.4,54.5,8357.0,3012.2,5585.9,4639.1,103.41,Normal,4
AGRI-10017,2023,1,Karur,Red Sandy & Black Clay,Groundnut,Adipattam (Jul-Aug),11.04,28.4,50.1,64.5,1357.3,517.3,998.7,814.9,16.93,Low,2
AGRI-10018,2023,10,Tiruvarur,Deltaic Alluvium,Groundnut,Chithirai Pattam (Apr-May),53.61,28.6,65.3,180.1,6844.6,2857.7,5467.4,4036.8,99.56,High,6
AGRI-10019,2022,7,Tiruvarur,Deltaic Alluvium,Sugarcane,Early (Dec-Jan),4.79,34.1,89.1,75.7,1728.2,2039.6,745.2,1004.7,30.68,Normal,5
AGRI-10020,2021,11,Karur,Red Sandy & Black Clay,Sugarcane,Early (Dec-Jan),20.36,24.4,90.6,92.7,7097.3,11349.4,3524.8,4319.9,127.17,Normal,4
AGRI-10021,2025,7,Karur,Red Sandy & Black Clay,Paddy (Rice),Kuruvai (Jun-Sep),34.48,31.1,91.3,26.8,1424.1,7836.1,3959.8,3020.4,96.77,High,5
AGRI-10022,2025,6,Thanjavur,Cauvery Delta Alluvium,Pulses (Blackgram/Greengram),Rainfed (Oct-Nov),63.86,28.1,63.7,66.0,1248.2,1644.0,3154.4,1647.9,76.4,Normal,6
AGRI-10023,2023,5,Perambalur,Black Cotton Soil,Groundnut,Chithirai Pattam (Apr-May),21.94,33.4,63.5,35.3,2759.0,1035.7,2065.4,1695.5,38.97,Low,4
AGRI-10024,2026,5,Pudukkottai,Red Laterite & Gravelly,Paddy (Rice),Kuruvai (Jun-Sep),23.28,25.1,85.7,9.7,946.7,4912.5,2611.1,1967.2,66.05,High,7
AGRI-10025,2022,3,Tiruchirappalli,Alluvial Clay & Red Loam,Paddy (Rice),Samba/Thaladi (Aug-Jan),76.88,30.2,73.4,11.1,3099.2,17147.7,8302.3,6752.3,228.12,High,7
AGRI-10026,2022,12,Perambalur,Black Cotton Soil,Groundnut,Adipattam (Jul-Aug),82.19,27.8,85.3,114.7,10310.9,4108.2,8455.5,6330.9,211.17,High,4
AGRI-10027,2022,3,Pudukkottai,Red Laterite & Gravelly,Groundnut,Chithirai Pattam (Apr-May),23.89,33.0,52.7,32.3,2978.5,1033.2,2132.9,1891.6,41.77,Normal,7
AGRI-10028,2023,5,Perambalur,Black Cotton Soil,Maize,Kharif (Jun-Sep),72.2,25.1,72.9,48.7,1273.3,17966.5,8943.9,5254.8,161.01,Low,5
AGRI-10029,2025,9,Tiruvarur,Deltaic Alluvium,Maize,Kharif (Jun-Sep),4.99,25.5,51.1,217.9,90.0,1345.0,737.0,356.2,10.31,High,5
AGRI-10030,2021,8,Karur,Red Sandy & Black Clay,Maize,Rabi (Oct-Jan),4.29,24.4,82.8,59.0,80.7,1029.5,531.0,303.4,8.46,Normal,7
AGRI-10031,2023,3,Nagapattinam,Coastal Alluvium & Saline,Maize,Rabi (Oct-Jan),58.55,29.0,63.1,114.5,1066.4,17947.5,8644.1,4660.1,117.41,High,6
AGRI-10032,2023,11,Nagapattinam,Coastal Alluvium & Saline,Paddy (Rice),Navarai (Dec-Mar),58.04,30.6,68.0,234.4,2300.0,15527.5,7578.7,4616.8,191.9,High,7
AGRI-10033,2024,3,Madurai,Clayey Red Loam,Pulses (Blackgram/Greengram),Rice Fallow (Jan-Feb),70.38,31.8,83.9,45.2,1406.5,1829.3,3437.5,1843.5,97.16,Normal,2
AGRI-10034,2025,10,Madurai,Clayey Red Loam,Sugarcane,Mid (Feb-Mar),64.31,30.1,63.7,153.2,22131.5,32346.9,11200.1,13531.0,279.41,High,6
AGRI-10035,2026,7,Nagapattinam,Coastal Alluvium & Saline,Paddy (Rice),Kuruvai (Jun-Sep),47.69,33.0,77.1,65.1,1847.3,10106.1,5346.5,3915.5,145.84,High,5
AGRI-10036,2023,12,Pudukkottai,Red Laterite & Gravelly,Maize,Rabi (Oct-Jan),44.47,25.5,80.3,119.6,836.9,13213.7,6443.2,3437.9,144.21,High,6
AGRI-10037,2023,4,Karur,Red Sandy & Black Clay,Paddy (Rice),Kuruvai (Jun-Sep),35.88,23.9,55.3,56.4,1391.0,7355.6,3861.7,3024.8,104.07,High,2
AGRI-10038,2021,7,Karur,Red Sandy & Black Clay,Maize,Kharif (Jun-Sep),47.99,28.5,56.4,8.8,872.7,11906.6,6298.7,3645.2,109.18,Normal,5
AGRI-10039,2023,10,Madurai,Clayey Red Loam,Cotton,Summer Irrigated (Feb-Jul),59.95,32.5,89.8,138.1,183.3,10518.5,6002.4,3628.9,327.99,High,5
AGRI-10040,2022,5,Madurai,Clayey Red Loam,Cotton,Winter Irrigated (Aug-Feb),67.89,32.2,78.9,57.8,212.6,10794.7,6137.3,4488.5,285.61,Normal,3
AGRI-10041,2025,12,Tiruchirappalli,Alluvial Clay & Red Loam,Sugarcane,Mid (Feb-Mar),78.74,36.5,69.7,134.4,27131.9,41196.1,13498.1,15900.8,366.66,High,7
AGRI-10042,2021,2,Pudukkottai,Red Laterite & Gravelly,Groundnut,Adipattam (Jul-Aug),23.68,36.5,74.7,73.5,3044.9,1019.0,2135.2,1751.7,38.69,Normal,6
AGRI-10043,2023,7,Madurai,Clayey Red Loam,Paddy (Rice),Samba/Thaladi (Aug-Jan),33.33,35.2,63.9,53.7,1393.3,7714.2,3684.7,2799.7,96.1,High,4
AGRI-10044,2026,9,Thanjavur,Cauvery Delta Alluvium,Maize,Kharif (Jun-Sep),45.23,21.4,76.2,172.2,785.4,12614.3,6512.4,3267.4,166.97,High,5
AGRI-10045,2025,4,Thanjavur,Cauvery Delta Alluvium,Paddy (Rice),Navarai (Dec-Mar),68.15,27.3,85.3,54.5,2845.8,14599.9,7650.5,5690.4,203.99,Normal,5
AGRI-10046,2024,4,Madurai,Clayey Red Loam,Groundnut,Chithirai Pattam (Apr-May),87.77,29.4,86.3,0.0,10942.1,4226.7,7905.4,6866.4,143.57,Low,4
AGRI-10047,2025,8,Madurai,Clayey Red Loam,Sugarcane,Mid (Feb-Mar),34.42,32.7,69.1,32.6,12321.4,15733.3,5025.4,7134.1,133.06,Normal,7
AGRI-10048,2024,1,Perambalur,Black Cotton Soil,Maize,Kharif (Jun-Sep),14.18,31.2,54.2,59.4,259.3,3508.2,1766.0,1030.8,31.59,Normal,6
AGRI-10049,2025,1,Pudukkottai,Red Laterite & Gravelly,Pulses (Blackgram/Greengram),Rainfed (Oct-Nov),59.62,23.0,62.1,28.2,1249.7,1556.2,3041.8,1393.7,71.2,Normal,4
AGRI-10050,2023,6,Tiruchirappalli,Alluvial Clay & Red Loam,Cotton,Winter Irrigated (Aug-Feb),37.17,25.5,73.8,55.6,107.8,6307.8,3385.3,2310.0,156.51,Normal,3
AGRI-10051,2024,5,Madurai,Clayey Red Loam,Pulses (Blackgram/Greengram),Rainfed (Oct-Nov),64.18,32.5,62.1,44.2,1341.5,1729.9,3144.5,1707.7,86.07,Normal,5
AGRI-10052,2021,4,Nagapattinam,Coastal Alluvium & Saline,Maize,Rabi (Oct-Jan),37.78,25.8,79.4,62.5,705.8,9886.5,5144.0,2993.9,85.42,Normal,4
AGRI-10053,2022,10,Pudukkottai,Red Laterite & Gravelly,Sugarcane,Late (Apr-May),25.68,38.6,78.6,156.0,9266.4,12425.7,4369.9,4826.4,190.69,High,4
AGRI-10054,2022,9,Perambalur,Black Cotton Soil,Sugarcane,Early (Dec-Jan),83.57,30.4,61.4,89.9,30196.6,43258.3,13803.6,17267.6,337.28,Low,7
AGRI-10055,2021,7,Perambalur,Black Cotton Soil,Groundnut,Adipattam (Jul-Aug),3.79,29.4,78.3,60.8,489.9,182.7,327.7,271.5,5.83,Normal,6
AGRI-10056,2026,8,Nagapattinam,Coastal Alluvium & Saline,Pulses (Blackgram/Greengram),Rice Fallow (Jan-Feb),86.62,26.0,55.9,94.5,1739.9,2352.3,5173.5,2036.3,110.42,Low,7
AGRI-10057,2026,3,Perambalur,Black Cotton Soil,Groundnut,Thai Pattam (Dec-Jan),84.4,34.6,75.9,69.1,10783.4,3655.9,7554.0,6047.8,140.58,Normal,7
AGRI-10058,2023,4,Pudukkottai,Red Laterite & Gravelly,Paddy (Rice),Samba/Thaladi (Aug-Jan),92.06,24.9,76.9,56.5,3810.1,20519.1,10214.1,8153.4,260.53,High,3
AGRI-10059,2022,9,Tiruchirappalli,Alluvial Clay & Red Loam,Cotton,Winter Irrigated (Aug-Feb),25.69,24.2,51.1,131.9,75.2,4433.2,2723.2,1668.0,104.56,High,5
AGRI-10060,2024,9,Madurai,Clayey Red Loam,Cotton,Winter Irrigated (Aug-Feb),22.99,32.5,88.2,163.8,70.2,3953.8,2498.1,1564.7,138.8,High,2
AGRI-10061,2021,2,Madurai,Clayey Red Loam,Pulses (Blackgram/Greengram),Rainfed (Oct-Nov),32.3,25.6,76.2,54.7,642.3,823.3,1581.9,804.1,40.96,Normal,7
AGRI-10062,2022,7,Nagapattinam,Coastal Alluvium & Saline,Maize,Rabi (Oct-Jan),33.85,26.5,54.0,57.6,605.5,8063.9,4586.6,2361.2,77.9,Normal,2
AGRI-10063,2022,9,Thanjavur,Cauvery Delta Alluvium,Pulses (Blackgram/Greengram),Rainfed (Oct-Nov),8.05,34.3,78.1,142.1,168.2,229.9,482.1,186.7,15.7,High,4
AGRI-10064,2025,4,Pudukkottai,Red Laterite & Gravelly,Paddy (Rice),Navarai (Dec-Mar),16.81,27.3,64.7,43.7,662.4,3564.8,1836.0,1434.8,53.45,Low,6
AGRI-10065,2026,5,Tiruchirappalli,Alluvial Clay & Red Loam,Groundnut,Thai Pattam (Dec-Jan),5.18,23.3,88.7,32.7,629.9,239.8,446.1,400.6,9.81,Low,2
AGRI-10066,2024,6,Nagapattinam,Coastal Alluvium & Saline,Maize,Rabi (Oct-Jan),17.06,25.3,89.5,102.4,299.1,5116.5,2435.6,1192.8,57.43,High,5
AGRI-10067,2024,5,Madurai,Clayey Red Loam,Groundnut,Adipattam (Jul-Aug),22.44,29.1,54.7,60.8,2825.8,985.8,1963.2,1796.9,34.79,Normal,3
AGRI-10068,2023,6,Nagapattinam,Coastal Alluvium & Saline,Sugarcane,Mid (Feb-Mar),13.6,32.0,55.4,68.8,4809.0,6304.9,2010.3,2664.4,61.46,Normal,5
AGRI-10069,2025,7,Madurai,Clayey Red Loam,Paddy (Rice),Samba/Thaladi (Aug-Jan),55.54,30.2,54.8,11.6,2293.0,12496.4,6312.2,4994.5,151.91,High,2
AGRI-10070,2025,2,Nagapattinam,Coastal Alluvium & Saline,Maize,Rabi (Oct-Jan),39.11,25.3,64.0,37.9,683.0,9841.0,5290.7,2852.3,88.1,Normal,7
AGRI-10071,2023,4,Nagapattinam,Coastal Alluvium & Saline,Paddy (Rice),Kuruvai (Jun-Sep),18.55,29.4,73.7,77.7,771.2,4188.9,2139.8,1527.1,61.46,High,4
AGRI-10072,2024,8,Tiruvarur,Deltaic Alluvium,Maize,Kharif (Jun-Sep),60.9,31.4,64.8,23.6,1056.1,15001.4,7748.4,4643.8,144.3,Low,2
AGRI-10073,2024,10,Perambalur,Black Cotton Soil,Maize,Kharif (Jun-Sep),62.79,25.0,56.3,183.7,1157.7,18154.7,9079.7,4507.5,132.94,High,5
AGRI-10074,2023,7,Tiruvarur,Deltaic Alluvium,Cotton,Summer Irrigated (Feb-Jul),40.31,27.6,83.1,64.3,117.1,6654.4,3549.6,2695.0,161.04,Normal,6
AGRI-10075,2026,3,Pudukkottai,Red Laterite & Gravelly,Paddy (Rice),Navarai (Dec-Mar),87.3,24.7,77.8,0.0,3378.9,19471.8,9740.8,7192.5,241.05,Low,7
AGRI-10076,2025,6,Thanjavur,Cauvery Delta Alluvium,Pulses (Blackgram/Greengram),Rainfed (Oct-Nov),4.19,23.9,58.1,5.7,84.3,105.9,214.5,104.6,5.59,Normal,6
AGRI-10077,2022,12,Perambalur,Black Cotton Soil,Sugarcane,Early (Dec-Jan),73.83,34.2,68.4,145.9,25359.3,38078.3,12461.8,15242.7,313.39,High,6
AGRI-10078,2022,6,Nagapattinam,Coastal Alluvium & Saline,Cotton,Summer Irrigated (Feb-Jul),65.24,30.8,82.3,91.0,195.3,11455.7,6549.6,4286.0,432.82,Low,2
AGRI-10079,2026,9,Madurai,Clayey Red Loam,Cotton,Winter Irrigated (Aug-Feb),81.23,24.6,61.5,104.0,238.8,14911.5,8280.8,4878.7,283.27,High,6
AGRI-10080,2021,6,Pudukkottai,Red Laterite & Gravelly,Sugarcane,Mid (Feb-Mar),23.27,30.8,80.0,32.7,7846.8,11179.5,3480.9,4861.9,105.52,Normal,5
AGRI-10081,2023,4,Tiruchirappalli,Alluvial Clay & Red Loam,Paddy (Rice),Kuruvai (Jun-Sep),79.73,29.1,72.2,17.1,3148.1,16438.4,8700.0,7041.9,237.33,High,2
AGRI-10082,2021,11,Madurai,Clayey Red Loam,Groundnut,Thai Pattam (Dec-Jan),50.17,27.2,68.0,160.5,6255.5,2673.3,4977.4,4011.8,78.03,High,6
AGRI-10083,2021,11,Tiruchirappalli,Alluvial Clay & Red Loam,Maize,Rabi (Oct-Jan),38.29,24.0,65.0,124.1,702.4,10409.0,5771.2,2968.0,75.62,High,4
AGRI-10084,2026,8,Pudukkottai,Red Laterite & Gravelly,Pulses (Blackgram/Greengram),Rice Fallow (Jan-Feb),93.23,27.8,55.7,29.5,1856.8,2452.7,4649.1,2157.1,123.9,Normal,4
AGRI-10085,2023,2,Tiruchirappalli,Alluvial Clay & Red Loam,Pulses (Blackgram/Greengram),Rainfed (Oct-Nov),76.44,27.4,68.5,70.1,1493.4,1975.6,3771.3,1986.7,93.43,Low,2
AGRI-10086,2025,3,Perambalur,Black Cotton Soil,Paddy (Rice),Samba/Thaladi (Aug-Jan),52.96,26.8,77.8,22.1,2114.9,12041.1,5739.1,4170.1,171.96,High,4
AGRI-10087,2021,11,Perambalur,Black Cotton Soil,Cotton,Winter Irrigated (Aug-Feb),61.47,25.9,78.5,178.8,177.6,10632.8,6539.3,3895.5,367.54,High,6
AGRI-10088,2026,8,Tiruchirappalli,Alluvial Clay & Red Loam,Groundnut,Chithirai Pattam (Apr-May),90.27,25.8,74.1,42.6,11492.1,3929.9,7810.3,6975.7,154.96,Low,5
AGRI-10089,2026,8,Thanjavur,Cauvery Delta Alluvium,Cotton,Summer Irrigated (Feb-Jul),22.35,32.2,91.9,32.1,64.8,3418.3,2054.4,1553.8,92.18,Low,4
AGRI-10090,2025,9,Pudukkottai,Red Laterite & Gravelly,Pulses (Blackgram/Greengram),Rice Fallow (Jan-Feb),29.36,26.6,79.8,160.7,582.8,813.4,1770.1,762.5,56.61,High,5
AGRI-10091,2024,9,Tiruchirappalli,Alluvial Clay & Red Loam,Cotton,Summer Irrigated (Feb-Jul),14.5,27.8,70.1,142.0,44.0,2531.4,1473.3,877.6,55.6,High,6
AGRI-10092,2026,10,Pudukkottai,Red Laterite & Gravelly,Sugarcane,Late (Apr-May),19.33,36.9,88.2,132.5,6691.3,10367.4,3283.1,4102.4,143.12,High,2
AGRI-10093,2025,5,Karur,Red Sandy & Black Clay,Sugarcane,Late (Apr-May),14.08,29.5,71.1,0.0,5050.5,6467.6,2184.3,2828.8,64.72,Normal,2
AGRI-10094,2026,4,Tiruchirappalli,Alluvial Clay & Red Loam,Pulses (Blackgram/Greengram),Rainfed (Oct-Nov),73.44,26.6,70.9,48.2,1536.5,1840.5,3783.9,1877.8,90.4,Low,2
AGRI-10095,2024,8,Tiruchirappalli,Alluvial Clay & Red Loam,Sugarcane,Mid (Feb-Mar),45.46,30.9,86.2,29.5,16363.8,20605.3,6550.5,8694.3,179.09,Normal,5
AGRI-10096,2023,7,Tiruvarur,Deltaic Alluvium,Paddy (Rice),Kuruvai (Jun-Sep),82.44,25.8,91.8,45.7,3313.3,17112.2,8971.6,6927.4,233.72,High,6
AGRI-10097,2023,8,Pudukkottai,Red Laterite & Gravelly,Paddy (Rice),Kuruvai (Jun-Sep),57.77,34.3,62.0,19.7,2294.4,12588.5,6065.7,4555.3,175.92,High,4
AGRI-10098,2025,8,Karur,Red Sandy & Black Clay,Paddy (Rice),Samba/Thaladi (Aug-Jan),73.21,29.2,91.0,10.3,2900.6,17247.2,8258.4,5910.8,220.41,High,6
AGRI-10099,2022,12,Tiruchirappalli,Alluvial Clay & Red Loam,Paddy (Rice),Kuruvai (Jun-Sep),33.31,27.7,75.5,149.5,1352.6,8042.9,4420.4,2918.8,152.01,High,4
AGRI-10100,2024,1,Madurai,Clayey Red Loam,Pulses (Blackgram/Greengram),Rainfed (Oct-Nov),36.57,30.5,80.5,8.9,753.7,956.7,1842.7,940.0,47.95,Low,3
AGRI-10101,2022,1,Perambalur,Black Cotton Soil,Sugarcane,Late (Apr-May),55.46,33.5,68.5,37.1,18990.8,25088.6,8411.7,10989.3,256.13,Normal,7
AGRI-10102,2025,6,Tiruvarur,Deltaic Alluvium,Groundnut,Chithirai Pattam (Apr-May),94.83,28.8,90.2,53.8,11962.4,4401.3,8848.5,7269.5,173.59,Low,4
AGRI-10103,2023,9,Madurai,Clayey Red Loam,Sugarcane,Early (Dec-Jan),30.11,37.5,79.0,153.1,10648.6,16675.4,5309.1,5800.2,208.56,High,6
AGRI-10104,2022,5,Perambalur,Black Cotton Soil,Maize,Rabi (Oct-Jan),6.39,28.9,84.8,20.6,113.2,1511.8,850.7,458.1,12.37,Normal,6
AGRI-10105,2024,6,Nagapattinam,Coastal Alluvium & Saline,Paddy (Rice),Kuruvai (Jun-Sep),68.86,32.3,89.3,98.1,2693.7,18721.0,8555.0,5951.9,357.82,High,2
AGRI-10106,2026,1,Nagapattinam,Coastal Alluvium & Saline,Groundnut,Thai Pattam (Dec-Jan),86.97,34.0,70.8,70.7,11354.7,4139.3,7802.3,6189.6,136.73,Low,3
AGRI-10107,2026,3,Madurai,Clayey Red Loam,Pulses (Blackgram/Greengram),Rainfed (Oct-Nov),3.8,26.6,78.3,8.2,77.3,94.1,188.6,92.1,4.79,Normal,2
AGRI-10108,2022,1,Tiruvarur,Deltaic Alluvium,Maize,Rabi (Oct-Jan),26.62,20.6,90.1,26.8,460.5,6841.7,3527.3,1855.4,52.38,Normal,4
AGRI-10109,2026,2,Perambalur,Black Cotton Soil,Pulses (Blackgram/Greengram),Rainfed (Oct-Nov),61.58,32.2,59.3,80.6,1232.8,1909.1,3496.1,1578.4,86.43,Low,6
AGRI-10110,2025,2,Nagapattinam,Coastal Alluvium & Saline,Sugarcane,Late (Apr-May),51.11,32.3,88.5,88.7,18037.0,25250.8,9129.0,10081.7,362.13,Low,7
AGRI-10111,2024,1,Madurai,Clayey Red Loam,Paddy (Rice),Navarai (Dec-Mar),44.44,28.1,52.4,33.6,1822.2,9673.1,5043.1,3897.8,135.81,Normal,2
AGRI-10112,2025,1,Pudukkottai,Red Laterite & Gravelly,Pulses (Blackgram/Greengram),Rice Fallow (Jan-Feb),88.95,23.2,82.3,51.8,1866.8,2195.7,4611.9,2348.3,111.44,Low,7
AGRI-10113,2021,3,Tiruvarur,Deltaic Alluvium,Pulses (Blackgram/Greengram),Rainfed (Oct-Nov),94.34,27.3,91.1,116.4,1977.5,2710.8,5543.4,2319.9,187.88,High,3
AGRI-10114,2022,5,Nagapattinam,Coastal Alluvium & Saline,Maize,Rabi (Oct-Jan),19.93,37.8,87.3,55.1,363.6,4967.4,2635.5,1570.7,40.4,Normal,2
AGRI-10115,2022,1,Madurai,Clayey Red Loam,Sugarcane,Late (Apr-May),15.46,37.9,74.3,106.4,5309.9,8492.1,2796.4,3086.4,65.11,High,4
AGRI-10116,2026,3,Tiruchirappalli,Alluvial Clay & Red Loam,Groundnut,Thai Pattam (Dec-Jan),60.4,28.1,90.8,58.5,7530.9,2588.6,5368.8,4680.2,103.11,Normal,3
AGRI-10117,2025,7,Tiruvarur,Deltaic Alluvium,Maize,Kharif (Jun-Sep),92.02,27.4,60.2,21.5,1727.6,24317.9,11475.1,7099.5,184.18,Normal,4
AGRI-10118,2025,12,Tiruchirappalli,Alluvial Clay & Red Loam,Paddy (Rice),Kuruvai (Jun-Sep),64.61,25.9,88.1,133.2,2653.5,17033.4,8381.0,5805.8,321.47,High,7
AGRI-10119,2025,6,Nagapattinam,Coastal Alluvium & Saline,Maize,Kharif (Jun-Sep),74.24,25.5,65.1,46.0,1342.7,17535.3,10115.7,5514.7,171.13,Normal,3
AGRI-10120,2025,4,Pudukkottai,Red Laterite & Gravelly,Maize,Kharif (Jun-Sep),71.07,28.8,62.4,24.1,1293.7,17178.7,9285.9,5658.2,147.14,Low,5
AGRI-10121,2026,6,Madurai,Clayey Red Loam,Maize,Kharif (Jun-Sep),18.16,29.6,88.5,47.0,315.5,4245.2,2442.6,1446.1,40.4,Normal,2
AGRI-10122,2021,12,Tiruvarur,Deltaic Alluvium,Pulses (Blackgram/Greengram),Rice Fallow (Jan-Feb),16.47,24.9,52.5,207.0,337.6,478.4,926.8,409.8,22.12,High,5
AGRI-10123,2025,3,Tiruvarur,Deltaic Alluvium,Paddy (Rice),Kuruvai (Jun-Sep),24.79,29.0,64.9,71.2,1037.5,5447.5,2656.9,2159.0,71.24,High,2
AGRI-10124,2024,7,Tiruchirappalli,Alluvial Clay & Red Loam,Paddy (Rice),Samba/Thaladi (Aug-Jan),53.62,24.1,68.2,68.6,2224.6,11139.4,5914.8,4222.2,150.99,High,7
AGRI-10125,2021,11,Madurai,Clayey Red Loam,Cotton,Winter Irrigated (Aug-Feb),88.12,35.5,51.4,180.8,276.7,16506.8,9350.5,5881.9,332.89,High,2
AGRI-10126,2022,10,Karur,Red Sandy & Black Clay,Sugarcane,Late (Apr-May),79.71,25.6,63.9,131.9,29264.5,42843.2,13751.1,16996.5,308.89,High,5
AGRI-10127,2025,10,Nagapattinam,Coastal Alluvium & Saline,Paddy (Rice),Samba/Thaladi (Aug-Jan),90.82,25.3,51.2,245.0,3795.2,22857.5,11695.2,7867.2,248.26,High,6
AGRI-10128,2021,2,Karur,Red Sandy & Black Clay,Sugarcane,Late (Apr-May),27.29,28.7,56.5,25.1,9248.1,13157.9,4070.9,5644.7,106.99,Normal,2
AGRI-10129,2021,1,Perambalur,Black Cotton Soil,Maize,Rabi (Oct-Jan),10.79,27.8,82.9,26.3,199.1,2735.1,1471.8,774.0,23.26,Normal,7
AGRI-10130,2023,5,Tiruvarur,Deltaic Alluvium,Sugarcane,Mid (Feb-Mar),48.11,27.4,67.7,56.8,16546.4,20934.8,7306.7,9709.3,192.82,Normal,2
AGRI-10131,2023,10,Karur,Red Sandy & Black Clay,Paddy (Rice),Samba/Thaladi (Aug-Jan),37.64,31.9,68.1,158.9,1525.9,9285.5,4810.6,3277.1,112.58,High,3
AGRI-10132,2026,12,Perambalur,Black Cotton Soil,Cotton,Summer Irrigated (Feb-Jul),61.04,28.5,83.0,98.6,176.2,11670.3,6597.5,3775.0,398.81,Normal,7
AGRI-10133,2022,11,Perambalur,Black Cotton Soil,Pulses (Blackgram/Greengram),Rainfed (Oct-Nov),30.51,26.2,67.8,148.1,618.6,892.4,1760.4,807.4,42.45,High,5
AGRI-10134,2021,4,Tiruchirappalli,Alluvial Clay & Red Loam,Cotton,Winter Irrigated (Aug-Feb),63.33,27.5,51.9,23.1,198.9,10077.8,5420.7,3946.9,245.23,Low,6
AGRI-10135,2024,8,Nagapattinam,Coastal Alluvium & Saline,Maize,Rabi (Oct-Jan),73.94,28.1,64.5,44.7,1332.2,17764.6,9595.8,5497.9,156.56,Normal,7
AGRI-10136,2021,12,Pudukkottai,Red Laterite & Gravelly,Paddy (Rice),Samba/Thaladi (Aug-Jan),13.15,34.0,78.4,137.0,512.5,3373.5,1739.7,1067.2,61.46,High,3
AGRI-10137,2024,1,Tiruvarur,Deltaic Alluvium,Pulses (Blackgram/Greengram),Rainfed (Oct-Nov),70.71,32.2,68.0,25.4,1458.9,1797.1,3641.4,1768.7,88.39,Normal,3
AGRI-10138,2025,11,Thanjavur,Cauvery Delta Alluvium,Cotton,Summer Irrigated (Feb-Jul),31.49,28.9,54.8,160.6,92.2,5974.0,3357.2,2165.2,124.04,High,7
AGRI-10139,2022,5,Tiruvarur,Deltaic Alluvium,Cotton,Winter Irrigated (Aug-Feb),13.32,29.1,66.3,67.2,39.9,2137.6,1203.3,915.9,56.29,Low,3
AGRI-10140,2022,3,Tiruvarur,Deltaic Alluvium,Maize,Rabi (Oct-Jan),31.6,26.7,65.1,58.0,581.1,7839.5,4247.6,2354.1,61.66,Normal,2
AGRI-10141,2022,9,Karur,Red Sandy & Black Clay,Paddy (Rice),Samba/Thaladi (Aug-Jan),29.2,31.9,82.4,118.8,1181.5,7167.3,3709.7,2652.3,140.63,High,2
AGRI-10142,2024,2,Madurai,Clayey Red Loam,Groundnut,Chithirai Pattam (Apr-May),70.58,30.2,86.7,14.8,9154.2,2995.2,6584.2,4963.2,129.42,Low,3
AGRI-10143,2022,10,Pudukkottai,Red Laterite & Gravelly,Pulses (Blackgram/Greengram),Rainfed (Oct-Nov),15.38,25.8,52.5,141.4,310.2,432.7,902.4,370.4,18.8,High,6
AGRI-10144,2021,5,Thanjavur,Cauvery Delta Alluvium,Sugarcane,Mid (Feb-Mar),82.7,26.8,84.8,81.6,29062.3,43508.3,13935.8,16244.5,557.91,Normal,7
AGRI-10145,2023,12,Perambalur,Black Cotton Soil,Groundnut,Thai Pattam (Dec-Jan),89.11,35.2,80.7,152.4,11052.3,4332.4,9254.6,6367.0,239.28,High,3
AGRI-10146,2023,6,Madurai,Clayey Red Loam,Cotton,Summer Irrigated (Feb-Jul),53.13,34.6,50.7,0.0,165.6,8024.8,4715.0,3219.9,212.61,Normal,7
AGRI-10147,2026,12,Tiruchirappalli,Alluvial Clay & Red Loam,Maize,Rabi (Oct-Jan),72.36,26.5,54.0,135.2,1320.0,20968.2,10758.4,4999.4,150.01,High,2
AGRI-10148,2024,2,Perambalur,Black Cotton Soil,Pulses (Blackgram/Greengram),Rice Fallow (Jan-Feb),23.68,24.2,62.6,16.0,491.9,607.5,1205.0,550.7,30.91,Low,6
AGRI-10149,2026,4,Tiruvarur,Deltaic Alluvium,Maize,Rabi (Oct-Jan),60.6,23.4,78.8,63.7,1141.7,14804.2,7594.3,4370.2,118.28,Low,6
AGRI-10150,2026,5,Karur,Red Sandy & Black Clay,Pulses (Blackgram/Greengram),Rice Fallow (Jan-Feb),21.5,28.8,66.5,61.5,443.5,519.2,1062.7,513.9,28.52,Low,2
AGRI-10151,2022,7,Tiruchirappalli,Alluvial Clay & Red Loam,Cotton,Summer Irrigated (Feb-Jul),82.13,30.6,78.7,15.4,237.4,12340.1,7605.5,5317.1,326.17,Normal,6
AGRI-10152,2021,11,Perambalur,Black Cotton Soil,Pulses (Blackgram/Greengram),Rainfed (Oct-Nov),52.13,29.0,63.0,158.3,1076.7,1514.4,2964.7,1323.0,72.02,High,7
AGRI-10153,2026,4,Thanjavur,Cauvery Delta Alluvium,Cotton,Summer Irrigated (Feb-Jul),7.86,25.6,69.0,53.8,24.2,1309.3,680.5,524.3,31.7,Normal,3
AGRI-10154,2026,5,Pudukkottai,Red Laterite & Gravelly,Groundnut,Thai Pattam (Dec-Jan),17.94,31.5,52.7,62.5,2168.4,805.9,1592.0,1338.7,31.25,Normal,4
AGRI-10155,2026,12,Karur,Red Sandy & Black Clay,Paddy (Rice),Navarai (Dec-Mar),13.17,23.7,88.6,145.8,516.4,3222.9,1735.3,1083.6,67.31,High,6
AGRI-10156,2026,1,Pudukkottai,Red Laterite & Gravelly,Paddy (Rice),Navarai (Dec-Mar),19.09,27.7,85.5,24.4,733.6,4032.2,2113.3,1566.8,58.89,Normal,5
AGRI-10157,2025,4,Madurai,Clayey Red Loam,Sugarcane,Late (Apr-May),16.43,32.7,79.1,10.4,5913.3,7293.3,2523.2,3174.7,66.0,Normal,3
AGRI-10158,2026,5,Madurai,Clayey Red Loam,Paddy (Rice),Kuruvai (Jun-Sep),11.1,28.4,65.6,47.1,464.8,2357.8,1191.8,912.6,35.54,High,7
AGRI-10159,2023,4,Pudukkottai,Red Laterite & Gravelly,Cotton,Summer Irrigated (Feb-Jul),9.41,21.9,74.6,23.3,28.3,1492.0,849.9,651.2,34.04,Normal,4
AGRI-10160,2022,11,Karur,Red Sandy & Black Clay,Paddy (Rice),Kuruvai (Jun-Sep),30.64,31.1,59.0,137.1,1255.0,8335.3,3835.7,2415.2,88.03,High,3
AGRI-10161,2025,12,Tiruchirappalli,Alluvial Clay & Red Loam,Maize,Rabi (Oct-Jan),53.39,29.0,52.6,164.0,939.7,15197.5,8130.5,4247.1,104.21,High,6
AGRI-10162,2021,4,Karur,Red Sandy & Black Clay,Paddy (Rice),Kuruvai (Jun-Sep),85.98,27.6,88.0,53.6,3314.8,18899.5,9143.8,7352.8,276.45,High,5
AGRI-10163,2026,7,Madurai,Clayey Red Loam,Paddy (Rice),Samba/Thaladi (Aug-Jan),18.48,25.9,61.8,48.8,729.3,4032.3,2043.1,1459.5,52.86,High,3
AGRI-10164,2025,4,Perambalur,Black Cotton Soil,Sugarcane,Late (Apr-May),60.84,30.1,70.4,78.6,21186.6,26200.0,8960.7,11594.3,283.67,Normal,4
AGRI-10165,2025,4,Madurai,Clayey Red Loam,Groundnut,Adipattam (Jul-Aug),92.59,22.0,61.2,61.8,11985.0,4403.1,8063.2,7005.9,169.58,Normal,7
AGRI-10166,2025,10,Tiruchirappalli,Alluvial Clay & Red Loam,Pulses (Blackgram/Greengram),Rainfed (Oct-Nov),15.64,28.3,51.6,100.7,300.8,450.4,884.2,395.7,21.48,High,4
AGRI-10167,2021,3,Tiruvarur,Deltaic Alluvium,Cotton,Winter Irrigated (Aug-Feb),56.76,34.4,89.6,52.5,168.1,8631.8,4933.4,3919.3,233.22,Low,5
AGRI-10168,2025,12,Pudukkottai,Red Laterite & Gravelly,Sugarcane,Late (Apr-May),84.79,33.1,78.0,172.0,30449.9,42745.8,14154.9,15605.9,603.49,High,6
AGRI-10169,2022,10,Perambalur,Black Cotton Soil,Groundnut,Chithirai Pattam (Apr-May),31.94,33.8,76.9,124.0,3951.8,1556.5,3255.1,2318.7,89.68,High,2
AGRI-10170,2023,4,Pudukkottai,Red Laterite & Gravelly,Maize,Kharif (Jun-Sep),25.58,23.5,54.5,6.2,472.4,6877.0,3453.3,1906.9,53.45,Normal,6
AGRI-10171,2022,8,Thanjavur,Cauvery Delta Alluvium,Maize,Kharif (Jun-Sep),9.32,29.9,63.4,24.3,172.1,2358.1,1259.8,652.8,20.41,Normal,6
AGRI-10172,2025,7,Tiruchirappalli,Alluvial Clay & Red Loam,Maize,Kharif (Jun-Sep),17.03,24.0,58.0,70.9,314.4,4128.9,2165.5,1220.6,32.97,Low,6
AGRI-10173,2023,1,Madurai,Clayey Red Loam,Sugarcane,Early (Dec-Jan),42.05,28.4,75.2,22.1,14237.3,19992.9,6186.6,8238.6,180.07,Normal,7
AGRI-10174,2022,6,Thanjavur,Cauvery Delta Alluvium,Pulses (Blackgram/Greengram),Rainfed (Oct-Nov),84.41,26.6,61.1,45.1,1661.5,1982.0,4327.0,2152.7,98.89,Low,4
AGRI-10175,2025,1,Perambalur,Black Cotton Soil,Groundnut,Chithirai Pattam (Apr-May),80.27,32.3,72.5,73.0,10428.6,3617.3,6920.1,6353.9,144.26,Low,6
AGRI-10176,2022,3,Tiruvarur,Deltaic Alluvium,Paddy (Rice),Samba/Thaladi (Aug-Jan),92.43,30.1,67.8,94.6,3881.2,23948.0,12083.0,7531.9,302.58,High,2
AGRI-10177,2025,6,Thanjavur,Cauvery Delta Alluvium,Maize,Rabi (Oct-Jan),81.74,28.4,50.5,67.8,1516.0,19349.4,10253.9,6161.1,178.59,Normal,2
AGRI-10178,2024,5,Thanjavur,Cauvery Delta Alluvium,Cotton,Summer Irrigated (Feb-Jul),37.93,29.8,51.6,35.7,115.5,6275.4,3256.3,2597.2,141.15,Normal,3
AGRI-10179,2021,6,Madurai,Clayey Red Loam,Cotton,Summer Irrigated (Feb-Jul),78.11,28.4,70.6,51.3,243.3,11874.7,7363.3,5008.4,323.17,Low,4
AGRI-10180,2021,4,Perambalur,Black Cotton Soil,Groundnut,Thai Pattam (Dec-Jan),43.36,33.2,70.3,44.1,5230.6,2046.3,3732.9,3338.0,72.88,Low,6
AGRI-10181,2022,1,Tiruchirappalli,Alluvial Clay & Red Loam,Sugarcane,Early (Dec-Jan),25.58,28.8,79.6,0.0,9001.9,11802.4,3692.7,4730.2,106.75,Normal,6
AGRI-10182,2023,3,Tiruvarur,Deltaic Alluvium,Maize,Rabi (Oct-Jan),79.98,18.4,53.8,41.8,1411.2,19215.4,10555.0,5980.5,185.29,Normal,7
AGRI-10183,2022,10,Madurai,Clayey Red Loam,Sugarcane,Late (Apr-May),76.58,27.8,89.6,185.4,26395.2,42179.3,13674.5,15145.2,490.04,High,4
AGRI-10184,2021,9,Perambalur,Black Cotton Soil,Groundnut,Chithirai Pattam (Apr-May),94.95,29.9,61.9,172.9,11753.2,4773.5,9655.5,6847.3,168.57,High,7
AGRI-10185,2025,4,Karur,Red Sandy & Black Clay,Sugarcane,Early (Dec-Jan),85.72,33.8,78.6,60.0,31495.3,37374.9,12753.3,16771.0,330.71,Low,7
AGRI-10186,2026,9,Nagapattinam,Coastal Alluvium & Saline,Cotton,Winter Irrigated (Aug-Feb),61.54,27.5,65.1,235.3,188.2,11478.9,6238.0,3962.6,250.22,High,7
AGRI-10187,2026,2,Tiruvarur,Deltaic Alluvium,Pulses (Blackgram/Greengram),Rainfed (Oct-Nov),23.06,23.8,65.6,64.3,447.6,540.8,1168.5,580.6,30.48,Normal,5
AGRI-10188,2025,5,Thanjavur,Cauvery Delta Alluvium,Pulses (Blackgram/Greengram),Rainfed (Oct-Nov),40.71,30.6,91.7,38.5,814.8,978.5,2091.2,1024.3,48.52,Normal,2
AGRI-10189,2024,7,Perambalur,Black Cotton Soil,Pulses (Blackgram/Greengram),Rainfed (Oct-Nov),91.79,27.3,58.4,37.5,1815.6,2420.9,4447.5,2344.1,121.46,Normal,3
AGRI-10190,2021,7,Pudukkottai,Red Laterite & Gravelly,Cotton,Winter Irrigated (Aug-Feb),49.06,28.8,51.9,76.4,148.2,7917.2,4386.1,3262.3,174.41,Normal,5
AGRI-10191,2021,4,Nagapattinam,Coastal Alluvium & Saline,Sugarcane,Mid (Feb-Mar),23.25,26.2,55.2,110.6,8086.8,12345.3,4119.4,4712.6,101.84,High,2
AGRI-10192,2021,12,Thanjavur,Cauvery Delta Alluvium,Pulses (Blackgram/Greengram),Rice Fallow (Jan-Feb),13.21,27.6,60.6,183.2,269.9,353.7,753.6,308.8,17.09,High,6
AGRI-10193,2025,12,Tiruvarur,Deltaic Alluvium,Maize,Kharif (Jun-Sep),59.64,20.9,70.9,231.9,1110.9,18449.1,8789.5,4390.1,118.53,High,6
AGRI-10194,2024,6,Madurai,Clayey Red Loam,Sugarcane,Late (Apr-May),24.19,26.5,70.8,90.8,8475.9,13477.1,4074.3,4487.3,110.92,Normal,2
AGRI-10195,2024,12,Pudukkottai,Red Laterite & Gravelly,Pulses (Blackgram/Greengram),Rainfed (Oct-Nov),13.22,29.3,87.6,177.0,271.3,374.7,748.2,309.7,26.45,High,5
AGRI-10196,2024,11,Karur,Red Sandy & Black Clay,Maize,Rabi (Oct-Jan),84.47,24.7,80.5,117.4,1519.6,24812.1,12980.8,6409.4,310.68,High,7
AGRI-10197,2021,7,Tiruvarur,Deltaic Alluvium,Maize,Rabi (Oct-Jan),43.26,27.6,80.4,90.8,795.8,12720.0,6423.9,3338.6,146.88,Low,7
AGRI-10198,2025,1,Perambalur,Black Cotton Soil,Sugarcane,Late (Apr-May),3.58,37.3,69.7,42.8,1287.6,1575.7,527.9,688.6,15.39,Low,6
AGRI-10199,2021,8,Perambalur,Black Cotton Soil,Maize,Kharif (Jun-Sep),43.59,27.5,70.9,38.7,792.0,11484.7,5832.0,3480.0,96.36,Low,6
AGRI-10200,2023,6,Nagapattinam,Coastal Alluvium & Saline,Pulses (Blackgram/Greengram),Rainfed (Oct-Nov),78.84,23.7,75.2,81.6,1577.9,2141.1,4605.3,1814.0,156.16,Normal,7
AGRI-10201,2021,3,Pudukkottai,Red Laterite & Gravelly,Pulses (Blackgram/Greengram),Rice Fallow (Jan-Feb),48.05,35.5,67.2,27.9,933.0,1270.7,2334.2,1253.7,57.71,Normal,4
AGRI-10202,2026,10,Perambalur,Black Cotton Soil,Paddy (Rice),Navarai (Dec-Mar),13.9,32.3,74.8,162.6,534.0,3658.9,1767.7,1163.7,42.54,High,6
AGRI-10203,2026,3,Tiruvarur,Deltaic Alluvium,Pulses (Blackgram/Greengram),Rice Fallow (Jan-Feb),12.08,30.4,63.5,85.6,245.2,359.1,677.1,295.9,15.02,Normal,4
AGRI-10204,2025,12,Tiruvarur,Deltaic Alluvium,Sugarcane,Mid (Feb-Mar),84.5,32.5,73.0,180.5,29865.5,42093.4,14153.1,17359.0,377.46,High,7
AGRI-10205,2025,9,Tiruvarur,Deltaic Alluvium,Pulses (Blackgram/Greengram),Rice Fallow (Jan-Feb),66.72,26.8,64.8,208.9,1361.1,1904.0,3931.5,1745.1,81.91,High,5
AGRI-10206,2021,7,Tiruchirappalli,Alluvial Clay & Red Loam,Groundnut,Chithirai Pattam (Apr-May),15.94,30.3,81.5,20.1,1957.7,757.4,1461.9,1152.8,28.88,Normal,2
AGRI-10207,2026,12,Madurai,Clayey Red Loam,Paddy (Rice),Navarai (Dec-Mar),54.47,23.3,66.3,156.3,2228.2,14248.6,6578.3,4524.6,160.69,High,7
AGRI-10208,2021,12,Pudukkottai,Red Laterite & Gravelly,Groundnut,Chithirai Pattam (Apr-May),25.75,32.3,86.5,175.2,3308.7,1348.5,2692.7,2001.6,77.32,High,4
AGRI-10209,2021,3,Madurai,Clayey Red Loam,Sugarcane,Late (Apr-May),91.53,33.6,51.7,29.1,31218.1,43532.2,13050.8,18122.0,430.33,Normal,2
AGRI-10210,2026,10,Pudukkottai,Red Laterite & Gravelly,Groundnut,Chithirai Pattam (Apr-May),80.49,23.3,73.1,175.7,10130.2,4365.0,8046.9,6045.6,135.29,High,4
AGRI-10211,2023,6,Nagapattinam,Coastal Alluvium & Saline,Sugarcane,Late (Apr-May),35.87,25.2,72.3,80.1,13074.3,18972.1,6262.5,7631.9,160.09,Normal,4
AGRI-10212,2025,12,Thanjavur,Cauvery Delta Alluvium,Maize,Rabi (Oct-Jan),28.66,23.2,68.7,145.2,539.3,7869.9,4480.2,2151.0,54.91,High,2
AGRI-10213,2026,7,Nagapattinam,Coastal Alluvium & Saline,Pulses (Blackgram/Greengram),Rice Fallow (Jan-Feb),79.8,25.9,53.0,76.7,1542.7,1908.6,3891.0,1856.5,109.96,Normal,4
AGRI-10214,2024,6,Perambalur,Black Cotton Soil,Maize,Rabi (Oct-Jan),4.06,29.2,76.9,63.8,74.0,1050.7,505.2,322.5,7.97,Normal,7
AGRI-10215,2024,7,Thanjavur,Cauvery Delta Alluvium,Cotton,Summer Irrigated (Feb-Jul),78.55,23.4,83.5,68.3,239.7,12250.1,7343.1,5436.6,327.73,Normal,7
AGRI-10216,2022,2,Tiruchirappalli,Alluvial Clay & Red Loam,Groundnut,Thai Pattam (Dec-Jan),6.36,29.7,73.0,18.0,816.2,297.3,555.9,503.6,11.76,Normal,3
AGRI-10217,2023,4,Tiruvarur,Deltaic Alluvium,Sugarcane,Late (Apr-May),13.1,34.4,52.3,63.4,4431.8,6076.3,1916.0,2488.0,57.22,Normal,4
AGRI-10218,2021,5,Tiruvarur,Deltaic Alluvium,Pulses (Blackgram/Greengram),Rice Fallow (Jan-Feb),59.81,31.5,68.9,64.7,1211.2,1517.4,2950.0,1446.6,75.82,Normal,2
AGRI-10219,2026,11,Nagapattinam,Coastal Alluvium & Saline,Sugarcane,Late (Apr-May),42.84,34.4,80.8,275.8,14878.3,21633.7,7428.1,8108.5,298.85,High,4
AGRI-10220,2023,12,Tiruvarur,Deltaic Alluvium,Groundnut,Chithirai Pattam (Apr-May),84.49,23.1,51.3,216.7,10699.6,4660.7,8789.8,6346.4,160.83,High,5
AGRI-10221,2022,10,Tiruvarur,Deltaic Alluvium,Cotton,Summer Irrigated (Feb-Jul),70.32,27.7,71.4,201.9,215.1,13678.9,7501.2,4626.1,251.89,High,6
AGRI-10222,2022,10,Tiruvarur,Deltaic Alluvium,Maize,Kharif (Jun-Sep),90.26,29.7,65.1,187.3,1568.9,25571.3,12876.9,6437.9,210.93,High,4
AGRI-10223,2021,1,Perambalur,Black Cotton Soil,Maize,Rabi (Oct-Jan),93.2,23.4,71.9,20.7,1636.7,23953.6,11952.8,7115.8,214.65,Normal,6
AGRI-10224,2024,6,Perambalur,Black Cotton Soil,Sugarcane,Late (Apr-May),78.09,27.5,87.3,39.7,27503.9,34160.8,11303.8,14737.2,342.65,Low,2
AGRI-10225,2026,2,Nagapattinam,Coastal Alluvium & Saline,Maize,Rabi (Oct-Jan),47.04,26.8,56.8,21.1,825.1,12047.3,5833.4,3548.6,91.19,Normal,4
AGRI-10226,2026,1,Perambalur,Black Cotton Soil,Groundnut,Thai Pattam (Dec-Jan),83.76,36.7,89.8,12.1,10495.4,3777.7,7326.8,6166.5,132.62,Normal,6
AGRI-10227,2026,6,Karur,Red Sandy & Black Clay,Sugarcane,Late (Apr-May),87.82,32.6,65.9,43.2,31400.7,41652.1,13312.0,16626.3,409.94,Normal,6
AGRI-10228,2026,3,Thanjavur,Cauvery Delta Alluvium,Paddy (Rice),Samba/Thaladi (Aug-Jan),85.93,28.2,89.4,60.5,3429.8,20062.0,9639.1,7189.7,282.86,High,5
AGRI-10229,2024,3,Perambalur,Black Cotton Soil,Cotton,Winter Irrigated (Aug-Feb),26.04,23.8,72.8,45.0,77.6,4003.1,2414.9,1661.0,91.98,Low,5
AGRI-10230,2025,6,Karur,Red Sandy & Black Clay,Cotton,Summer Irrigated (Feb-Jul),59.1,34.9,58.6,37.6,173.1,9587.1,5310.4,4103.8,232.18,Normal,7
AGRI-10231,2026,4,Tiruvarur,Deltaic Alluvium,Pulses (Blackgram/Greengram),Rice Fallow (Jan-Feb),43.81,29.4,59.0,51.1,884.6,1133.1,2235.8,1034.0,62.13,Normal,2
AGRI-10232,2021,2,Tiruvarur,Deltaic Alluvium,Maize,Rabi (Oct-Jan),26.84,25.0,80.4,88.3,492.3,7507.9,4198.6,1869.3,96.94,Low,3
AGRI-10233,2022,11,Madurai,Clayey Red Loam,Maize,Kharif (Jun-Sep),88.6,27.1,82.9,155.5,1619.3,26264.8,13059.9,6766.3,333.31,High,2
AGRI-10234,2026,7,Karur,Red Sandy & Black Clay,Maize,Rabi (Oct-Jan),40.0,28.1,73.5,38.0,744.0,9639.4,5440.8,2964.6,84.05,Normal,2
AGRI-10235,2025,2,Tiruvarur,Deltaic Alluvium,Maize,Kharif (Jun-Sep),49.04,25.9,71.6,35.0,910.4,11861.8,6338.7,3591.8,104.88,Normal,3
AGRI-10236,2025,1,Madurai,Clayey Red Loam,Pulses (Blackgram/Greengram),Rainfed (Oct-Nov),47.08,25.6,83.1,1.9,971.7,1167.4,2319.4,1177.4,63.28,Normal,4
AGRI-10237,2026,12,Karur,Red Sandy & Black Clay,Paddy (Rice),Samba/Thaladi (Aug-Jan),78.45,27.8,87.6,119.1,3220.2,21056.8,9632.9,6337.6,353.97,High,6
AGRI-10238,2021,2,Pudukkottai,Red Laterite & Gravelly,Sugarcane,Early (Dec-Jan),65.01,34.5,82.1,42.9,22831.0,29930.3,9744.0,13883.6,303.19,Normal,4
AGRI-10239,2024,4,Tiruvarur,Deltaic Alluvium,Groundnut,Adipattam (Jul-Aug),71.89,24.3,67.8,10.6,9254.3,3230.5,6224.5,5379.5,118.48,Normal,2
AGRI-10240,2023,6,Nagapattinam,Coastal Alluvium & Saline,Maize,Kharif (Jun-Sep),59.18,23.8,60.0,63.8,1057.7,14866.2,7470.7,4549.9,123.48,Normal,5
AGRI-10241,2022,10,Madurai,Clayey Red Loam,Sugarcane,Late (Apr-May),65.96,38.8,83.8,170.5,22569.9,35841.2,11649.5,13072.6,401.66,High,5
AGRI-10242,2025,9,Madurai,Clayey Red Loam,Sugarcane,Late (Apr-May),69.15,34.4,73.6,158.8,24738.6,33602.4,12302.7,13712.2,305.22,High,5
AGRI-10243,2023,9,Pudukkottai,Red Laterite & Gravelly,Cotton,Summer Irrigated (Feb-Jul),54.07,32.8,67.3,130.4,164.6,10113.3,5680.1,3517.2,230.7,High,4
AGRI-10244,2026,8,Pudukkottai,Red Laterite & Gravelly,Cotton,Summer Irrigated (Feb-Jul),84.79,29.0,76.5,22.7,262.7,13303.3,7731.3,5543.0,352.46,Normal,2
AGRI-10245,2023,6,Tiruvarur,Deltaic Alluvium,Cotton,Winter Irrigated (Aug-Feb),62.9,33.2,66.6,59.1,184.0,10649.0,5448.7,3905.3,229.85,Low,7
AGRI-10246,2024,2,Thanjavur,Cauvery Delta Alluvium,Sugarcane,Early (Dec-Jan),11.34,37.0,52.3,71.4,4166.0,4825.3,1721.1,2115.2,53.25,Normal,5
AGRI-10247,2023,8,Nagapattinam,Coastal Alluvium & Saline,Sugarcane,Late (Apr-May),60.45,35.2,70.0,49.4,22157.4,28144.9,8774.7,12206.5,266.89,Low,7
AGRI-10248,2026,9,Perambalur,Black Cotton Soil,Groundnut,Thai Pattam (Dec-Jan),31.14,27.0,83.8,153.7,3827.8,1572.1,3061.9,2434.3,91.35,High,4
AGRI-10249,2026,8,Karur,Red Sandy & Black Clay,Maize,Kharif (Jun-Sep),90.09,26.9,68.1,20.9,1557.8,22208.2,11608.3,6784.3,188.92,Low,3
AGRI-10250,2023,2,Perambalur,Black Cotton Soil,Maize,Kharif (Jun-Sep),41.56,20.4,88.2,84.8,737.3,12443.6,6405.1,3060.7,152.58,Normal,3
AGRI-10251,2024,10,Karur,Red Sandy & Black Clay,Paddy (Rice),Navarai (Dec-Mar),44.38,30.4,63.5,108.5,1774.2,10456.0,5384.0,3478.8,125.14,High,5
AGRI-10252,2024,12,Karur,Red Sandy & Black Clay,Maize,Rabi (Oct-Jan),75.71,20.5,90.0,84.5,1331.8,22990.6,11677.7,5929.4,236.83,Normal,7
AGRI-10253,2026,1,Perambalur,Black Cotton Soil,Maize,Kharif (Jun-Sep),20.92,28.6,78.0,22.5,394.1,5598.4,2626.8,1614.9,47.29,Low,6
AGRI-10254,2026,5,Thanjavur,Cauvery Delta Alluvium,Cotton,Summer Irrigated (Feb-Jul),20.88,28.1,76.6,38.0,61.7,3166.9,1933.5,1250.4,72.62,Normal,7
AGRI-10255,2022,3,Tiruvarur,Deltaic Alluvium,Cotton,Winter Irrigated (Aug-Feb),48.74,31.7,90.7,69.3,145.0,7432.6,4402.5,2965.7,187.8,Low,4
AGRI-10256,2021,12,Pudukkottai,Red Laterite & Gravelly,Maize,Kharif (Jun-Sep),37.44,28.8,51.7,170.4,679.9,10801.8,5634.6,2812.3,77.27,High,5
AGRI-10257,2022,2,Karur,Red Sandy & Black Clay,Groundnut,Thai Pattam (Dec-Jan),51.63,27.3,72.7,23.7,6489.5,2416.4,4824.6,3922.4,86.02,Normal,6
AGRI-10258,2026,9,Pudukkottai,Red Laterite & Gravelly,Pulses (Blackgram/Greengram),Rice Fallow (Jan-Feb),78.26,22.1,82.2,129.6,1560.3,2201.2,4318.3,1993.3,144.16,High,3
AGRI-10259,2021,8,Tiruvarur,Deltaic Alluvium,Paddy (Rice),Kuruvai (Jun-Sep),20.22,26.7,76.2,61.6,792.5,4616.0,2115.9,1818.7,62.82,High,2
AGRI-10260,2023,9,Madurai,Clayey Red Loam,Pulses (Blackgram/Greengram),Rice Fallow (Jan-Feb),71.27,29.5,80.8,128.6,1381.4,1976.6,4051.0,1690.8,150.75,High,6
AGRI-10261,2025,7,Tiruvarur,Deltaic Alluvium,Groundnut,Thai Pattam (Dec-Jan),71.52,32.8,78.3,72.7,8666.2,3375.7,6469.0,5341.0,201.73,Low,6
AGRI-10262,2025,6,Madurai,Clayey Red Loam,Cotton,Summer Irrigated (Feb-Jul),80.65,28.6,84.7,32.0,244.2,12726.7,7295.0,5408.4,302.07,Normal,5
AGRI-10263,2021,5,Perambalur,Black Cotton Soil,Paddy (Rice),Navarai (Dec-Mar),57.61,26.3,59.3,87.5,2269.5,14765.5,7328.7,5185.2,160.08,Normal,2
AGRI-10264,2023,6,Pudukkottai,Red Laterite & Gravelly,Sugarcane,Early (Dec-Jan),84.79,30.0,62.6,48.0,29070.2,35926.5,12495.5,16828.8,363.03,Low,7
AGRI-10265,2023,1,Thanjavur,Cauvery Delta Alluvium,Groundnut,Thai Pattam (Dec-Jan),70.1,29.5,52.3,64.8,9056.4,3130.8,6541.1,5522.8,113.2,Low,7
AGRI-10266,2021,5,Tiruchirappalli,Alluvial Clay & Red Loam,Pulses (Blackgram/Greengram),Rainfed (Oct-Nov),51.01,25.5,63.7,50.5,1041.2,1376.8,2670.6,1317.2,66.76,Normal,2
AGRI-10267,2022,3,Perambalur,Black Cotton Soil,Cotton,Summer Irrigated (Feb-Jul),33.6,29.4,73.0,26.1,100.7,5562.4,3103.2,2166.8,121.27,Low,5
AGRI-10268,2026,9,Nagapattinam,Coastal Alluvium & Saline,Groundnut,Thai Pattam (Dec-Jan),25.28,28.3,63.5,249.8,3120.3,1410.5,2646.9,2025.9,42.86,High,3
AGRI-10269,2022,11,Madurai,Clayey Red Loam,Paddy (Rice),Kuruvai (Jun-Sep),37.08,23.8,51.0,127.0,1451.1,9460.9,4577.4,3128.0,117.0,High,3
AGRI-10270,2023,3,Tiruchirappalli,Alluvial Clay & Red Loam,Maize,Kharif (Jun-Sep),8.06,21.1,61.4,13.1,140.1,2073.5,1064.9,638.9,16.77,Normal,2
AGRI-10271,2022,7,Karur,Red Sandy & Black Clay,Pulses (Blackgram/Greengram),Rainfed (Oct-Nov),49.54,27.8,53.7,41.6,954.7,1323.1,2428.7,1230.4,67.19,Normal,2
AGRI-10272,2022,9,Pudukkottai,Red Laterite & Gravelly,Cotton,Summer Irrigated (Feb-Jul),28.02,26.5,66.3,132.5,83.7,4900.9,2966.7,1817.9,112.45,High,7
AGRI-10273,2025,3,Nagapattinam,Coastal Alluvium & Saline,Maize,Kharif (Jun-Sep),41.95,24.1,68.9,21.6,764.4,10829.5,5291.2,2959.7,93.73,Normal,6
AGRI-10274,2025,3,Perambalur,Black Cotton Soil,Sugarcane,Late (Apr-May),31.87,38.7,55.0,0.0,11438.2,14984.2,4962.2,6259.9,134.16,Low,5
AGRI-10275,2021,3,Karur,Red Sandy & Black Clay,Sugarcane,Early (Dec-Jan),19.59,36.1,61.2,36.2,6725.5,9107.4,2897.1,4009.0,83.66,Low,6
AGRI-10276,2022,7,Madurai,Clayey Red Loam,Pulses (Blackgram/Greengram),Rainfed (Oct-Nov),47.96,25.3,51.4,25.2,984.9,1292.8,2459.8,1115.0,67.51,Low,5
AGRI-10277,2024,4,Madurai,Clayey Red Loam,Pulses (Blackgram/Greengram),Rainfed (Oct-Nov),42.05,32.2,84.6,57.6,878.4,1067.8,2110.1,1068.3,56.56,Low,2
AGRI-10278,2021,4,Thanjavur,Cauvery Delta Alluvium,Maize,Rabi (Oct-Jan),50.48,24.6,73.4,48.9,876.3,12287.8,6495.5,3656.1,116.07,Normal,5
AGRI-10279,2026,9,Perambalur,Black Cotton Soil,Cotton,Winter Irrigated (Aug-Feb),86.09,29.4,53.8,157.7,261.5,16856.7,8951.7,5478.1,319.8,High,2
AGRI-10280,2024,2,Tiruvarur,Deltaic Alluvium,Maize,Kharif (Jun-Sep),25.63,33.3,55.2,27.4,458.0,6462.4,3293.3,1996.6,55.15,Normal,3
AGRI-10281,2023,10,Perambalur,Black Cotton Soil,Paddy (Rice),Kuruvai (Jun-Sep),83.1,30.6,56.1,127.2,3478.5,20463.3,10176.5,7450.4,274.74,High,2
AGRI-10282,2024,8,Karur,Red Sandy & Black Clay,Paddy (Rice),Samba/Thaladi (Aug-Jan),52.77,24.2,70.0,28.3,2140.4,11222.9,5832.2,4543.6,160.55,High,3
AGRI-10283,2021,11,Tiruchirappalli,Alluvial Clay & Red Loam,Sugarcane,Early (Dec-Jan),34.78,33.2,63.9,121.2,12452.8,18283.8,6036.9,7407.8,157.4,High,4
AGRI-10284,2023,6,Tiruchirappalli,Alluvial Clay & Red Loam,Paddy (Rice),Samba/Thaladi (Aug-Jan),85.52,36.0,85.4,5.2,3321.5,19922.8,9246.5,7138.8,240.73,High,3
AGRI-10285,2026,11,Tiruchirappalli,Alluvial Clay & Red Loam,Paddy (Rice),Navarai (Dec-Mar),51.43,31.0,79.7,127.9,2023.0,13223.5,6586.1,4629.8,251.55,High,5
AGRI-10286,2025,4,Madurai,Clayey Red Loam,Maize,Kharif (Jun-Sep),68.04,26.2,73.5,24.2,1262.8,16604.6,8851.1,4942.7,130.32,Normal,7
AGRI-10287,2022,4,Pudukkottai,Red Laterite & Gravelly,Maize,Kharif (Jun-Sep),33.07,24.0,88.5,77.0,597.2,8466.6,4467.6,2481.6,108.68,Low,5
AGRI-10288,2025,12,Tiruchirappalli,Alluvial Clay & Red Loam,Groundnut,Adipattam (Jul-Aug),65.23,29.3,74.3,137.5,8219.7,3223.4,6822.7,4638.4,102.65,High,4
AGRI-10289,2023,7,Pudukkottai,Red Laterite & Gravelly,Pulses (Blackgram/Greengram),Rice Fallow (Jan-Feb),10.53,31.6,84.8,23.2,205.5,259.6,502.1,250.2,12.36,Normal,6
AGRI-10290,2022,6,Madurai,Clayey Red Loam,Groundnut,Chithirai Pattam (Apr-May),87.94,31.9,82.6,50.7,11269.6,3953.0,8083.7,6584.6,134.68,Low,2
AGRI-10291,2021,2,Thanjavur,Cauvery Delta Alluvium,Cotton,Summer Irrigated (Feb-Jul),50.65,31.4,74.3,37.5,149.7,7924.7,4531.7,3087.0,180.73,Normal,4
AGRI-10292,2025,2,Tiruchirappalli,Alluvial Clay & Red Loam,Groundnut,Thai Pattam (Dec-Jan),21.61,27.7,55.9,52.7,2652.7,914.8,1966.9,1573.4,36.65,Normal,3
AGRI-10293,2021,7,Madurai,Clayey Red Loam,Pulses (Blackgram/Greengram),Rice Fallow (Jan-Feb),7.48,27.5,75.0,66.3,153.0,191.2,367.0,195.0,10.08,Low,7
AGRI-10294,2021,12,Thanjavur,Cauvery Delta Alluvium,Maize,Kharif (Jun-Sep),45.82,26.2,79.8,170.4,808.4,13952.6,6930.2,3632.1,152.52,High,7
AGRI-10295,2024,1,Pudukkottai,Red Laterite & Gravelly,Cotton,Summer Irrigated (Feb-Jul),8.55,25.5,85.5,26.7,26.0,1376.5,762.2,570.8,30.2,Low,6
AGRI-10296,2024,10,Thanjavur,Cauvery Delta Alluvium,Cotton,Summer Irrigated (Feb-Jul),40.74,31.6,90.9,164.8,126.3,7635.9,4336.5,2609.2,265.62,High,6
AGRI-10297,2026,2,Nagapattinam,Coastal Alluvium & Saline,Sugarcane,Late (Apr-May),70.89,39.8,54.8,73.1,24037.1,31797.9,10429.4,13906.8,310.81,Low,7
AGRI-10298,2026,11,Perambalur,Black Cotton Soil,Cotton,Summer Irrigated (Feb-Jul),8.19,28.0,74.4,215.2,25.3,1550.9,843.7,513.0,32.44,High,5
AGRI-10299,2023,5,Nagapattinam,Coastal Alluvium & Saline,Sugarcane,Late (Apr-May),55.25,35.6,89.6,59.7,18578.1,26800.9,8208.1,10377.4,226.53,Low,4
AGRI-10300,2025,6,Tiruchirappalli,Alluvial Clay & Red Loam,Paddy (Rice),Navarai (Dec-Mar),12.65,27.0,76.3,55.8,505.6,2676.4,1346.1,1011.7,38.47,Normal,4
AGRI-10301,2022,1,Tiruvarur,Deltaic Alluvium,Cotton,Winter Irrigated (Aug-Feb),9.14,29.9,91.6,7.7,27.3,1460.1,846.4,600.4,34.74,Normal,3
AGRI-10302,2024,6,Perambalur,Black Cotton Soil,Groundnut,Adipattam (Jul-Aug),23.38,28.5,70.9,77.4,2876.4,1124.7,2120.3,1622.0,36.1,Low,5
AGRI-10303,2024,12,Pudukkottai,Red Laterite & Gravelly,Paddy (Rice),Navarai (Dec-Mar),9.91,30.9,86.1,165.2,399.0,2528.6,1267.4,805.9,48.64,High,7
AGRI-10304,2025,1,Thanjavur,Cauvery Delta Alluvium,Pulses (Blackgram/Greengram),Rainfed (Oct-Nov),86.08,28.2,69.1,87.9,1704.1,2432.6,5186.1,2074.9,102.82,Low,7
AGRI-10305,2021,11,Karur,Red Sandy & Black Clay,Pulses (Blackgram/Greengram),Rainfed (Oct-Nov),46.27,29.0,53.5,120.8,911.5,1263.6,2602.3,1213.1,53.28,High,2
AGRI-10306,2022,11,Tiruvarur,Deltaic Alluvium,Groundnut,Thai Pattam (Dec-Jan),43.82,31.5,79.4,207.6,5683.4,2225.6,4346.9,3095.1,130.79,High,3
AGRI-10307,2022,11,Madurai,Clayey Red Loam,Maize,Rabi (Oct-Jan),43.22,28.0,80.8,135.4,799.7,11772.1,6246.6,3176.1,140.95,High,7
AGRI-10308,2024,5,Nagapattinam,Coastal Alluvium & Saline,Maize,Rabi (Oct-Jan),15.93,31.7,78.5,31.3,297.4,3903.8,2022.7,1116.8,35.34,Normal,5
AGRI-10309,2025,6,Nagapattinam,Coastal Alluvium & Saline,Pulses (Blackgram/Greengram),Rice Fallow (Jan-Feb),65.19,23.6,72.1,79.3,1336.8,1577.2,3107.6,1650.8,75.85,Low,6
AGRI-10310,2021,12,Nagapattinam,Coastal Alluvium & Saline,Groundnut,Thai Pattam (Dec-Jan),91.1,22.7,65.8,277.8,11755.2,4515.1,9061.9,6474.7,149.42,High,7
AGRI-10311,2023,7,Thanjavur,Cauvery Delta Alluvium,Pulses (Blackgram/Greengram),Rainfed (Oct-Nov),66.53,32.4,60.8,63.7,1284.8,1643.8,3491.5,1594.6,91.51,Normal,3
AGRI-10312,2025,7,Thanjavur,Cauvery Delta Alluvium,Maize,Kharif (Jun-Sep),19.01,26.9,82.3,13.1,356.6,4929.8,2373.3,1327.3,41.43,Normal,4
AGRI-10313,2026,11,Tiruchirappalli,Alluvial Clay & Red Loam,Maize,Kharif (Jun-Sep),2.58,22.4,56.4,136.5,44.6,768.6,396.2,191.9,5.42,High,7
AGRI-10314,2021,7,Thanjavur,Cauvery Delta Alluvium,Groundnut,Chithirai Pattam (Apr-May),90.76,32.7,73.8,76.1,11587.4,4043.7,8276.4,7241.4,141.94,Normal,6
AGRI-10315,2026,4,Thanjavur,Cauvery Delta Alluvium,Maize,Rabi (Oct-Jan),18.84,22.5,58.0,55.7,328.1,4827.4,2506.8,1329.6,37.73,Low,7
AGRI-10316,2021,9,Nagapattinam,Coastal Alluvium & Saline,Maize,Rabi (Oct-Jan),62.02,26.9,84.1,235.3,1144.1,17667.2,9004.7,4735.6,212.48,High,7
AGRI-10317,2021,1,Tiruvarur,Deltaic Alluvium,Pulses (Blackgram/Greengram),Rice Fallow (Jan-Feb),70.53,27.9,88.1,64.2,1436.5,1643.6,3573.3,1861.5,97.17,Normal,2
AGRI-10318,2021,2,Tiruvarur,Deltaic Alluvium,Groundnut,Chithirai Pattam (Apr-May),48.49,31.3,83.8,40.7,6354.6,2251.4,4287.4,3878.2,84.64,Normal,3
AGRI-10319,2022,6,Nagapattinam,Coastal Alluvium & Saline,Paddy (Rice),Navarai (Dec-Mar),8.35,22.4,57.1,60.3,328.0,1868.8,884.8,737.2,25.81,Normal,5
AGRI-10320,2021,1,Tiruchirappalli,Alluvial Clay & Red Loam,Maize,Kharif (Jun-Sep),19.1,19.9,87.3,21.8,354.0,4936.7,2410.0,1455.4,41.2,Normal,5
AGRI-10321,2021,10,Tiruvarur,Deltaic Alluvium,Groundnut,Thai Pattam (Dec-Jan),19.15,29.0,76.3,229.4,2299.0,956.7,1906.2,1435.6,47.62,High,4
AGRI-10322,2023,1,Nagapattinam,Coastal Alluvium & Saline,Maize,Kharif (Jun-Sep),20.42,32.7,90.7,65.7,375.0,4780.7,2693.1,1474.5,43.2,Low,4
AGRI-10323,2026,1,Madurai,Clayey Red Loam,Paddy (Rice),Kuruvai (Jun-Sep),88.05,27.9,87.6,65.3,3484.4,18592.5,9856.8,7251.1,280.65,High,4
AGRI-10324,2026,7,Nagapattinam,Coastal Alluvium & Saline,Paddy (Rice),Kuruvai (Jun-Sep),82.96,27.0,69.8,60.9,3229.0,19513.9,9084.5,6897.2,229.53,High,7
AGRI-10325,2023,4,Nagapattinam,Coastal Alluvium & Saline,Pulses (Blackgram/Greengram),Rainfed (Oct-Nov),33.57,26.5,69.6,52.4,657.8,817.7,1620.9,872.1,47.49,Low,3
AGRI-10326,2025,8,Nagapattinam,Coastal Alluvium & Saline,Paddy (Rice),Samba/Thaladi (Aug-Jan),82.25,24.8,69.4,30.6,3416.8,17501.0,8988.0,6665.2,270.15,High,3
AGRI-10327,2021,8,Tiruchirappalli,Alluvial Clay & Red Loam,Maize,Kharif (Jun-Sep),70.35,27.0,66.6,84.3,1226.8,20312.4,10078.8,5450.2,157.34,Normal,5
AGRI-10328,2022,11,Tiruvarur,Deltaic Alluvium,Cotton,Summer Irrigated (Feb-Jul),94.9,26.2,74.0,209.0,291.3,16723.7,10187.1,6255.0,382.91,High,2
AGRI-10329,2025,1,Thanjavur,Cauvery Delta Alluvium,Maize,Rabi (Oct-Jan),29.93,32.0,75.7,51.1,550.4,7655.1,3827.0,2379.1,64.44,Normal,7
AGRI-10330,2023,8,Tiruchirappalli,Alluvial Clay & Red Loam,Paddy (Rice),Samba/Thaladi (Aug-Jan),59.77,27.0,73.5,27.9,2398.1,14081.3,6627.4,5404.9,168.24,High,7
AGRI-10331,2023,9,Nagapattinam,Coastal Alluvium & Saline,Cotton,Summer Irrigated (Feb-Jul),65.42,28.6,64.5,244.4,190.6,12476.3,6891.7,4252.0,241.3,High,6
AGRI-10332,2022,8,Pudukkottai,Red Laterite & Gravelly,Pulses (Blackgram/Greengram),Rice Fallow (Jan-Feb),10.58,27.2,90.2,21.5,206.0,254.1,552.9,244.2,13.38,Low,7
AGRI-10333,2024,8,Tiruvarur,Deltaic Alluvium,Maize,Rabi (Oct-Jan),70.74,31.2,64.1,67.3,1312.6,17736.7,9348.7,5303.0,153.43,Normal,5
AGRI-10334,2023,4,Tiruvarur,Deltaic Alluvium,Cotton,Winter Irrigated (Aug-Feb),47.29,25.8,69.1,70.2,148.6,7989.4,4338.2,3135.2,168.9,Normal,3
AGRI-10335,2024,5,Tiruchirappalli,Alluvial Clay & Red Loam,Cotton,Winter Irrigated (Aug-Feb),36.69,24.0,78.0,0.0,111.0,5566.5,3145.2,2527.1,150.03,Normal,5
AGRI-10336,2025,9,Tiruvarur,Deltaic Alluvium,Paddy (Rice),Navarai (Dec-Mar),33.14,30.3,62.2,214.5,1340.0,8938.1,4167.9,2882.7,104.6,High,2
AGRI-10337,2023,1,Tiruvarur,Deltaic Alluvium,Pulses (Blackgram/Greengram),Rice Fallow (Jan-Feb),39.65,31.7,53.9,62.1,828.1,963.2,1887.8,992.0,50.45,Normal,7
AGRI-10338,2023,10,Perambalur,Black Cotton Soil,Sugarcane,Mid (Feb-Mar),58.47,31.0,85.9,148.8,20170.2,29734.9,10567.7,12292.1,362.81,High,7
AGRI-10339,2024,5,Madurai,Clayey Red Loam,Pulses (Blackgram/Greengram),Rainfed (Oct-Nov),17.65,30.3,85.1,46.9,348.5,475.8,884.7,428.2,24.87,Normal,6
AGRI-10340,2026,5,Thanjavur,Cauvery Delta Alluvium,Paddy (Rice),Samba/Thaladi (Aug-Jan),40.84,29.2,81.7,27.9,1624.4,9102.3,4286.8,3623.9,131.66,High,4
AGRI-10341,2024,4,Madurai,Clayey Red Loam,Groundnut,Thai Pattam (Dec-Jan),4.98,28.5,87.5,35.0,636.1,216.6,431.1,359.2,9.47,Low,2
AGRI-10342,2025,7,Pudukkottai,Red Laterite & Gravelly,Groundnut,Adipattam (Jul-Aug),82.82,30.5,79.2,7.5,10474.4,3938.6,7202.5,5769.1,136.62,Normal,7
AGRI-10343,2023,6,Pudukkottai,Red Laterite & Gravelly,Sugarcane,Early (Dec-Jan),41.31,35.8,62.2,60.9,14548.8,19425.4,6000.2,7718.2,187.08,Normal,6
AGRI-10344,2023,11,Pudukkottai,Red Laterite & Gravelly,Pulses (Blackgram/Greengram),Rainfed (Oct-Nov),67.06,26.2,64.8,132.6,1321.5,2018.2,3822.0,1774.0,80.02,High,3
AGRI-10345,2022,9,Tiruvarur,Deltaic Alluvium,Groundnut,Chithirai Pattam (Apr-May),59.24,33.2,72.3,219.8,7184.8,3062.8,5871.6,4633.3,111.1,High,5
AGRI-10346,2022,8,Pudukkottai,Red Laterite & Gravelly,Cotton,Summer Irrigated (Feb-Jul),84.8,32.5,64.4,58.3,263.8,12908.0,7423.3,5174.7,301.22,Normal,2
AGRI-10347,2024,7,Thanjavur,Cauvery Delta Alluvium,Paddy (Rice),Kuruvai (Jun-Sep),6.43,28.1,55.0,35.7,262.4,1475.7,727.3,578.3,18.08,High,3
AGRI-10348,2021,2,Tiruvarur,Deltaic Alluvium,Pulses (Blackgram/Greengram),Rainfed (Oct-Nov),15.96,30.0,74.3,13.7,328.9,407.8,798.4,371.2,21.98,Low,2
AGRI-10349,2023,3,Nagapattinam,Coastal Alluvium & Saline,Pulses (Blackgram/Greengram),Rice Fallow (Jan-Feb),85.9,36.4,54.1,42.3,1758.7,2115.2,4333.4,2117.3,121.65,Normal,3
AGRI-10350,2025,4,Perambalur,Black Cotton Soil,Maize,Kharif (Jun-Sep),40.2,29.3,69.6,44.7,718.2,9781.1,5342.1,2811.0,86.16,Normal,5
AGRI-10351,2023,11,Madurai,Clayey Red Loam,Groundnut,Thai Pattam (Dec-Jan),92.8,28.2,62.2,172.8,11208.7,5072.1,9581.4,7112.2,148.21,High,7
AGRI-10352,2024,8,Madurai,Clayey Red Loam,Pulses (Blackgram/Greengram),Rice Fallow (Jan-Feb),50.85,29.2,66.6,19.7,994.5,1220.5,2630.0,1246.6,61.67,Low,5
AGRI-10353,2026,7,Madurai,Clayey Red Loam,Cotton,Summer Irrigated (Feb-Jul),35.44,26.1,55.1,41.4,111.1,5298.8,3265.4,2406.2,136.86,Normal,2
AGRI-10354,2023,3,Perambalur,Black Cotton Soil,Groundnut,Thai Pattam (Dec-Jan),30.5,32.1,77.8,44.7,3819.9,1336.9,2744.4,2277.7,52.85,Low,6
AGRI-10355,2021,7,Tiruchirappalli,Alluvial Clay & Red Loam,Paddy (Rice),Samba/Thaladi (Aug-Jan),44.14,31.8,51.5,0.0,1818.8,10319.7,4692.3,3694.1,127.21,High,5
AGRI-10356,2026,8,Madurai,Clayey Red Loam,Paddy (Rice),Navarai (Dec-Mar),63.56,30.6,70.0,72.8,2530.3,14042.0,7320.8,5470.4,184.86,Normal,4
AGRI-10357,2021,3,Tiruchirappalli,Alluvial Clay & Red Loam,Paddy (Rice),Navarai (Dec-Mar),79.92,24.5,51.1,66.0,3096.9,17261.9,8665.8,6607.7,248.57,Normal,3
AGRI-10358,2026,2,Karur,Red Sandy & Black Clay,Groundnut,Chithirai Pattam (Apr-May),82.88,26.2,72.6,25.6,10338.3,3479.9,7436.6,5739.5,136.62,Normal,6
AGRI-10359,2024,2,Pudukkottai,Red Laterite & Gravelly,Groundnut,Chithirai Pattam (Apr-May),66.4,25.5,84.1,49.6,8191.7,3213.3,5797.8,5056.3,125.78,Low,2
AGRI-10360,2021,5,Nagapattinam,Coastal Alluvium & Saline,Cotton,Summer Irrigated (Feb-Jul),94.65,29.2,81.2,40.8,274.3,15903.9,8497.4,5853.6,389.2,Normal,7
AGRI-10361,2022,7,Karur,Red Sandy & Black Clay,Maize,Rabi (Oct-Jan),39.71,28.4,82.1,96.0,723.3,10982.1,6211.0,3071.6,134.4,Low,7
AGRI-10362,2026,1,Perambalur,Black Cotton Soil,Groundnut,Thai Pattam (Dec-Jan),50.81,28.0,56.3,54.4,6346.1,2235.7,4723.9,3542.7,81.61,Normal,5
AGRI-10363,2023,11,Karur,Red Sandy & Black Clay,Pulses (Blackgram/Greengram),Rice Fallow (Jan-Feb),58.11,27.4,58.1,56.0,1164.3,1473.1,2886.9,1477.5,67.28,Normal,3
AGRI-10364,2023,11,Tiruvarur,Deltaic Alluvium,Paddy (Rice),Samba/Thaladi (Aug-Jan),53.44,28.9,80.3,235.6,2109.4,12702.8,7067.8,4790.0,264.57,High,2
AGRI-10365,2022,2,Perambalur,Black Cotton Soil,Pulses (Blackgram/Greengram),Rice Fallow (Jan-Feb),55.32,28.0,77.9,58.3,1114.4,1389.2,2652.7,1396.8,75.48,Normal,4
AGRI-10366,2024,4,Perambalur,Black Cotton Soil,Pulses (Blackgram/Greengram),Rice Fallow (Jan-Feb),15.85,27.5,74.8,42.3,331.4,387.3,786.5,405.1,22.47,Normal,3
AGRI-10367,2023,1,Madurai,Clayey Red Loam,Pulses (Blackgram/Greengram),Rainfed (Oct-Nov),62.2,35.2,52.3,24.8,1265.8,1609.6,3235.4,1590.4,80.71,Normal,3
AGRI-10368,2023,5,Perambalur,Black Cotton Soil,Paddy (Rice),Samba/Thaladi (Aug-Jan),10.85,30.5,58.8,89.7,446.6,2720.2,1308.5,968.3,34.9,High,5
AGRI-10369,2023,12,Madurai,Clayey Red Loam,Pulses (Blackgram/Greengram),Rainfed (Oct-Nov),41.57,25.2,52.8,141.5,839.1,1170.1,2436.9,1074.9,55.18,High,3
AGRI-10370,2021,7,Madurai,Clayey Red Loam,Pulses (Blackgram/Greengram),Rice Fallow (Jan-Feb),21.01,25.2,54.7,4.5,432.4,539.6,1011.6,530.0,26.53,Normal,4
AGRI-10371,2023,3,Madurai,Clayey Red Loam,Pulses (Blackgram/Greengram),Rice Fallow (Jan-Feb),66.09,24.9,57.6,63.3,1381.7,1765.4,3353.1,1675.4,92.65,Normal,5
AGRI-10372,2021,7,Karur,Red Sandy & Black Clay,Pulses (Blackgram/Greengram),Rice Fallow (Jan-Feb),59.67,28.7,90.2,0.0,1147.2,1505.0,3065.1,1580.1,82.32,Normal,5
AGRI-10373,2022,5,Nagapattinam,Coastal Alluvium & Saline,Pulses (Blackgram/Greengram),Rice Fallow (Jan-Feb),29.14,28.0,86.0,38.2,581.4,722.1,1405.4,701.9,35.58,Normal,6
AGRI-10374,2021,1,Nagapattinam,Coastal Alluvium & Saline,Cotton,Summer Irrigated (Feb-Jul),45.87,29.2,66.1,58.8,133.0,7438.6,3943.4,3159.4,176.09,Low,4
AGRI-10375,2025,10,Tiruchirappalli,Alluvial Clay & Red Loam,Paddy (Rice),Samba/Thaladi (Aug-Jan),37.74,24.1,64.2,147.0,1545.7,9499.9,4659.7,3102.0,125.22,High,5
AGRI-10376,2024,5,Karur,Red Sandy & Black Clay,Pulses (Blackgram/Greengram),Rainfed (Oct-Nov),86.01,19.7,88.9,33.8,1676.9,2237.4,4296.7,2284.7,112.1,Low,7
AGRI-10377,2022,1,Madurai,Clayey Red Loam,Paddy (Rice),Kuruvai (Jun-Sep),23.76,24.2,79.7,20.9,953.9,5247.8,2704.0,2120.6,65.54,High,2
AGRI-10378,2022,12,Nagapattinam,Coastal Alluvium & Saline,Cotton,Winter Irrigated (Aug-Feb),49.56,31.2,90.8,248.3,148.3,8585.8,5267.1,3290.8,329.75,High,2
AGRI-10379,2024,6,Karur,Red Sandy & Black Clay,Pulses (Blackgram/Greengram),Rice Fallow (Jan-Feb),57.11,33.8,69.1,4.5,1172.0,1532.8,2875.2,1358.8,66.31,Normal,7
AGRI-10380,2021,9,Pudukkottai,Red Laterite & Gravelly,Paddy (Rice),Navarai (Dec-Mar),90.55,26.8,57.5,113.1,3690.3,21719.9,11444.1,7580.2,290.24,High,4
AGRI-10381,2023,9,Tiruvarur,Deltaic Alluvium,Cotton,Winter Irrigated (Aug-Feb),20.99,29.5,61.3,215.6,62.8,3805.1,2104.3,1384.3,73.9,High,6
AGRI-10382,2026,11,Pudukkottai,Red Laterite & Gravelly,Maize,Kharif (Jun-Sep),68.51,32.5,77.2,116.8,1192.6,20686.0,10037.8,5485.7,242.91,High,4
AGRI-10383,2023,10,Nagapattinam,Coastal Alluvium & Saline,Groundnut,Adipattam (Jul-Aug),6.91,24.9,54.0,261.7,848.9,346.2,685.3,515.9,10.87,High,7
AGRI-10384,2024,1,Madurai,Clayey Red Loam,Sugarcane,Early (Dec-Jan),10.2,35.2,74.7,36.1,3627.6,4451.2,1601.4,2143.4,40.8,Normal,3
AGRI-10385,2024,9,Karur,Red Sandy & Black Clay,Pulses (Blackgram/Greengram),Rice Fallow (Jan-Feb),4.16,27.4,77.5,116.3,84.8,124.6,244.6,100.4,9.09,High,6
AGRI-10386,2023,2,Pudukkottai,Red Laterite & Gravelly,Pulses (Blackgram/Greengram),Rainfed (Oct-Nov),14.07,30.7,77.2,52.4,286.0,368.8,681.8,339.5,17.97,Normal,5
AGRI-10387,2022,12,Tiruchirappalli,Alluvial Clay & Red Loam,Paddy (Rice),Kuruvai (Jun-Sep),67.49,33.3,86.1,153.1,2730.0,18015.4,8154.1,5284.5,331.23,High,7
AGRI-10388,2026,10,Perambalur,Black Cotton Soil,Maize,Rabi (Oct-Jan),57.62,27.5,70.5,156.2,1052.8,17092.5,8887.0,4292.0,129.44,High,6
AGRI-10389,2025,2,Tiruchirappalli,Alluvial Clay & Red Loam,Maize,Rabi (Oct-Jan),27.28,35.0,54.9,55.4,491.2,6788.9,3426.3,2105.2,58.16,Normal,5
AGRI-10390,2023,10,Nagapattinam,Coastal Alluvium & Saline,Groundnut,Thai Pattam (Dec-Jan),81.44,31.4,87.1,261.4,10154.7,4514.5,8557.6,5949.4,220.75,High,3
AGRI-10391,2026,8,Nagapattinam,Coastal Alluvium & Saline,Cotton,Winter Irrigated (Aug-Feb),14.44,25.4,54.2,56.3,41.8,2155.0,1349.1,913.8,51.64,Normal,6
AGRI-10392,2021,10,Thanjavur,Cauvery Delta Alluvium,Cotton,Summer Irrigated (Feb-Jul),23.47,30.7,91.7,225.3,72.5,4377.0,2525.4,1598.8,155.73,High,6
AGRI-10393,2024,8,Thanjavur,Cauvery Delta Alluvium,Pulses (Blackgram/Greengram),Rice Fallow (Jan-Feb),91.54,32.3,86.1,8.0,1841.2,2185.6,4402.2,2175.9,114.33,Normal,7
AGRI-10394,2026,2,Madurai,Clayey Red Loam,Groundnut,Adipattam (Jul-Aug),16.77,24.5,55.2,69.3,2066.5,721.2,1474.0,1292.1,28.26,Low,7
AGRI-10395,2024,4,Nagapattinam,Coastal Alluvium & Saline,Sugarcane,Late (Apr-May),15.26,26.8,87.7,107.1,5455.3,8462.2,2617.2,3160.4,108.97,High,6
AGRI-10396,2023,7,Thanjavur,Cauvery Delta Alluvium,Paddy (Rice),Samba/Thaladi (Aug-Jan),93.33,32.6,76.9,66.7,3805.7,20696.2,10056.6,7776.8,291.48,High,6
AGRI-10397,2023,1,Karur,Red Sandy & Black Clay,Pulses (Blackgram/Greengram),Rainfed (Oct-Nov),79.0,34.2,56.2,20.9,1643.0,2021.7,3996.7,1948.0,98.3,Normal,7
AGRI-10398,2021,9,Nagapattinam,Coastal Alluvium & Saline,Cotton,Winter Irrigated (Aug-Feb),33.44,35.2,55.3,206.7,101.0,6421.0,3343.4,2008.8,137.53,High,6
AGRI-10399,2026,7,Karur,Red Sandy & Black Clay,Sugarcane,Mid (Feb-Mar),93.79,30.0,64.9,9.6,33690.4,42119.9,14747.9,19523.5,445.48,Low,6
AGRI-10400,2023,11,Nagapattinam,Coastal Alluvium & Saline,Cotton,Summer Irrigated (Feb-Jul),75.09,33.9,80.0,246.8,222.9,14056.4,8022.7,4754.9,420.39,High,7
AGRI-10401,2021,1,Perambalur,Black Cotton Soil,Maize,Kharif (Jun-Sep),41.8,24.2,53.3,55.7,760.2,10939.3,5636.2,3159.0,92.38,Low,5
AGRI-10402,2022,3,Madurai,Clayey Red Loam,Pulses (Blackgram/Greengram),Rainfed (Oct-Nov),49.29,27.8,90.7,43.2,1008.0,1230.2,2349.3,1162.7,64.29,Low,2
AGRI-10403,2023,10,Perambalur,Black Cotton Soil,Paddy (Rice),Kuruvai (Jun-Sep),29.29,28.2,62.8,150.0,1127.7,7050.5,3810.3,2448.0,96.38,High,4
AGRI-10404,2026,8,Karur,Red Sandy & Black Clay,Sugarcane,Early (Dec-Jan),2.69,32.3,51.9,31.3,942.2,1187.1,398.5,562.3,12.39,Normal,3
AGRI-10405,2022,12,Madurai,Clayey Red Loam,Maize,Rabi (Oct-Jan),32.58,32.4,67.2,135.0,591.5,10057.2,5060.7,2517.8,72.15,High,3
AGRI-10406,2026,5,Tiruchirappalli,Alluvial Clay & Red Loam,Groundnut,Thai Pattam (Dec-Jan),54.4,23.9,58.1,52.5,6560.4,2486.0,4743.9,4044.8,101.48,Low,2
AGRI-10407,2022,4,Tiruvarur,Deltaic Alluvium,Paddy (Rice),Samba/Thaladi (Aug-Jan),79.25,32.8,53.6,59.6,3211.2,17499.9,9095.7,6540.9,221.55,High,2
AGRI-10408,2021,2,Pudukkottai,Red Laterite & Gravelly,Maize,Rabi (Oct-Jan),93.13,27.4,57.7,54.6,1752.9,24022.7,11572.9,7433.0,186.01,Normal,7
AGRI-10409,2023,3,Karur,Red Sandy & Black Clay,Maize,Kharif (Jun-Sep),40.69,25.3,84.8,12.1,752.7,10354.6,5286.0,3152.0,85.14,Normal,2
AGRI-10410,2025,7,Tiruchirappalli,Alluvial Clay & Red Loam,Cotton,Summer Irrigated (Feb-Jul),8.55,30.8,54.3,72.9,24.9,1388.8,765.3,581.8,33.03,Normal,3
AGRI-10411,2024,9,Tiruvarur,Deltaic Alluvium,Sugarcane,Late (Apr-May),44.29,34.8,90.8,208.9,16052.6,22622.6,7526.5,8989.4,307.55,High,6
AGRI-10412,2026,9,Karur,Red Sandy & Black Clay,Paddy (Rice),Kuruvai (Jun-Sep),54.59,26.0,55.2,84.3,2151.2,13739.4,6981.9,4935.3,157.54,High,7
AGRI-10413,2026,8,Pudukkottai,Red Laterite & Gravelly,Pulses (Blackgram/Greengram),Rainfed (Oct-Nov),27.75,29.4,58.8,70.3,578.5,659.1,1446.1,701.6,31.88,Low,2
AGRI-10414,2024,9,Tiruvarur,Deltaic Alluvium,Maize,Rabi (Oct-Jan),10.01,33.5,72.6,208.2,188.7,2838.9,1511.7,734.2,23.07,High,7
AGRI-10415,2023,4,Tiruchirappalli,Alluvial Clay & Red Loam,Paddy (Rice),Samba/Thaladi (Aug-Jan),43.62,27.1,75.8,10.6,1711.8,9635.5,4732.5,3567.2,142.62,High,7
AGRI-10416,2026,7,Nagapattinam,Coastal Alluvium & Saline,Paddy (Rice),Kuruvai (Jun-Sep),12.76,25.3,57.2,16.7,520.9,2864.6,1358.1,1093.5,40.39,High,3
AGRI-10417,2025,12,Karur,Red Sandy & Black Clay,Groundnut,Chithirai Pattam (Apr-May),74.86,23.3,91.7,136.9,9196.2,3928.3,7712.3,5955.2,210.41,High,7
AGRI-10418,2024,5,Tiruchirappalli,Alluvial Clay & Red Loam,Cotton,Summer Irrigated (Feb-Jul),13.76,30.2,71.7,42.5,41.1,2158.0,1285.5,931.2,58.84,Low,3
AGRI-10419,2022,3,Perambalur,Black Cotton Soil,Paddy (Rice),Kuruvai (Jun-Sep),32.95,23.0,51.0,62.4,1321.5,7784.1,3745.0,2921.9,99.43,High,3
AGRI-10420,2024,2,Thanjavur,Cauvery Delta Alluvium,Groundnut,Thai Pattam (Dec-Jan),60.34,29.5,52.5,17.9,7816.2,2551.7,5228.3,4787.4,102.29,Low,4
AGRI-10421,2026,1,Perambalur,Black Cotton Soil,Paddy (Rice),Kuruvai (Jun-Sep),54.23,26.0,54.0,57.1,2199.5,12276.1,5673.4,4506.2,173.42,High,6
AGRI-10422,2024,9,Thanjavur,Cauvery Delta Alluvium,Cotton,Winter Irrigated (Aug-Feb),32.86,27.9,75.0,141.5,100.3,5855.4,3374.1,2197.2,125.42,High,3
AGRI-10423,2022,5,Tiruvarur,Deltaic Alluvium,Paddy (Rice),Kuruvai (Jun-Sep),56.57,28.2,65.0,65.3,2201.9,12450.7,6287.0,4633.7,187.39,High,6
AGRI-10424,2025,9,Tiruvarur,Deltaic Alluvium,Paddy (Rice),Kuruvai (Jun-Sep),81.93,27.4,58.4,190.4,3351.0,22330.3,10467.5,6752.8,250.38,High,4
AGRI-10425,2022,2,Karur,Red Sandy & Black Clay,Maize,Rabi (Oct-Jan),44.52,24.8,76.2,0.0,838.0,10904.4,5926.5,3174.7,88.98,Normal,2
AGRI-10426,2021,9,Tiruchirappalli,Alluvial Clay & Red Loam,Paddy (Rice),Samba/Thaladi (Aug-Jan),13.16,26.4,74.6,162.7,531.6,3185.6,1585.1,1170.5,43.08,High,2
AGRI-10427,2023,4,Tiruvarur,Deltaic Alluvium,Maize,Kharif (Jun-Sep),30.72,18.8,77.8,73.1,549.7,7573.5,4033.4,2457.3,98.89,Low,2
AGRI-10428,2022,6,Nagapattinam,Coastal Alluvium & Saline,Groundnut,Adipattam (Jul-Aug),25.36,30.1,55.3,67.9,3182.7,1185.8,2347.4,1975.5,44.63,Low,3
AGRI-10429,2024,9,Perambalur,Black Cotton Soil,Pulses (Blackgram/Greengram),Rainfed (Oct-Nov),45.44,26.3,79.2,176.0,894.4,1293.5,2722.8,1144.6,83.56,High,3
AGRI-10430,2024,4,Nagapattinam,Coastal Alluvium & Saline,Maize,Kharif (Jun-Sep),30.8,32.4,89.3,55.0,538.9,7258.1,3981.8,2247.0,67.31,Low,5
AGRI-10431,2024,7,Pudukkottai,Red Laterite & Gravelly,Maize,Rabi (Oct-Jan),40.33,29.7,66.1,23.1,739.1,9919.8,5024.0,3165.1,86.8,Normal,7
AGRI-10432,2021,2,Karur,Red Sandy & Black Clay,Sugarcane,Early (Dec-Jan),35.82,32.4,78.4,0.0,12902.6,17034.8,5206.8,7240.0,141.63,Low,7
AGRI-10433,2023,6,Karur,Red Sandy & Black Clay,Paddy (Rice),Samba/Thaladi (Aug-Jan),74.94,27.0,74.4,45.1,3016.0,17215.1,7954.3,6240.1,211.78,High,7
AGRI-10434,2025,10,Nagapattinam,Coastal Alluvium & Saline,Maize,Kharif (Jun-Sep),75.2,32.6,69.4,263.9,1322.3,22604.1,11464.9,5366.1,159.64,High,6
AGRI-10435,2025,3,Tiruchirappalli,Alluvial Clay & Red Loam,Cotton,Winter Irrigated (Aug-Feb),30.77,32.9,77.7,32.5,92.2,5134.4,2842.1,2047.2,113.68,Normal,6
AGRI-10436,2023,10,Tiruchirappalli,Alluvial Clay & Red Loam,Sugarcane,Early (Dec-Jan),60.76,33.6,86.4,138.4,20775.8,29754.7,10554.0,12002.9,449.85,High,2
AGRI-10437,2025,3,Tiruvarur,Deltaic Alluvium,Paddy (Rice),Navarai (Dec-Mar),5.47,30.2,57.8,45.4,223.0,1131.8,575.1,463.9,15.26,Normal,5
AGRI-10438,2025,7,Tiruvarur,Deltaic Alluvium,Paddy (Rice),Kuruvai (Jun-Sep),46.74,30.5,58.6,47.5,1874.7,10494.2,5367.2,4005.2,140.52,High,7
AGRI-10439,2021,3,Madurai,Clayey Red Loam,Cotton,Winter Irrigated (Aug-Feb),43.73,34.9,60.4,25.0,131.7,6992.6,3754.3,2653.9,174.32,Normal,5
AGRI-10440,2024,4,Karur,Red Sandy & Black Clay,Maize,Kharif (Jun-Sep),19.11,28.2,66.2,55.1,333.2,4943.7,2370.9,1509.0,37.96,Low,7
AGRI-10441,2026,12,Karur,Red Sandy & Black Clay,Pulses (Blackgram/Greengram),Rice Fallow (Jan-Feb),69.32,24.6,91.7,136.1,1387.2,1929.0,3988.3,1714.5,128.6,High,7
AGRI-10442,2026,7,Madurai,Clayey Red Loam,Maize,Rabi (Oct-Jan),81.66,26.4,54.8,68.6,1510.1,20470.4,10157.4,6138.4,165.42,Normal,5
AGRI-10443,2022,1,Madurai,Clayey Red Loam,Cotton,Winter Irrigated (Aug-Feb),58.65,27.8,81.1,0.0,169.1,9111.7,5247.2,3609.0,237.16,Low,7
AGRI-10444,2026,9,Nagapattinam,Coastal Alluvium & Saline,Maize,Kharif (Jun-Sep),61.79,26.1,52.2,238.6,1076.9,17644.8,9689.6,4497.9,123.72,High,7
AGRI-10445,2026,3,Thanjavur,Cauvery Delta Alluvium,Sugarcane,Early (Dec-Jan),69.47,26.4,84.3,26.6,24708.9,33454.5,10311.2,13674.2,280.82,Normal,2
AGRI-10446,2024,11,Pudukkottai,Red Laterite & Gravelly,Sugarcane,Early (Dec-Jan),31.75,30.8,52.8,188.9,11037.0,15446.4,5322.7,6129.2,139.22,High,2
AGRI-10447,2025,6,Tiruvarur,Deltaic Alluvium,Cotton,Winter Irrigated (Aug-Feb),93.28,33.7,90.8,69.9,284.6,15859.0,8242.4,6352.6,358.96,Normal,4
AGRI-10448,2025,10,Madurai,Clayey Red Loam,Maize,Kharif (Jun-Sep),67.68,28.8,59.9,149.9,1178.2,18497.4,10116.9,4823.7,141.33,High,7
AGRI-10449,2025,8,Tiruchirappalli,Alluvial Clay & Red Loam,Sugarcane,Late (Apr-May),70.88,30.6,77.0,63.8,25998.3,32763.8,10407.1,13092.3,327.24,Normal,4
AGRI-10450,2021,11,Nagapattinam,Coastal Alluvium & Saline,Sugarcane,Late (Apr-May),93.92,38.0,59.3,279.1,32100.1,49792.8,15495.8,18666.5,442.99,High,2
AGRI-10451,2021,3,Tiruvarur,Deltaic Alluvium,Sugarcane,Early (Dec-Jan),57.32,30.3,80.4,28.4,19701.8,24671.1,8382.2,11037.6,243.27,Normal,7
AGRI-10452,2023,7,Karur,Red Sandy & Black Clay,Maize,Kharif (Jun-Sep),37.44,26.7,75.6,29.1,704.8,9381.5,4994.7,2763.4,73.06,Low,4
AGRI-10453,2022,5,Tiruvarur,Deltaic Alluvium,Groundnut,Thai Pattam (Dec-Jan),37.69,27.4,73.6,56.3,4825.9,1627.1,3533.3,2602.4,69.81,Low,7
AGRI-10454,2024,7,Pudukkottai,Red Laterite & Gravelly,Maize,Rabi (Oct-Jan),92.27,25.5,76.9,47.4,1600.2,24641.6,11856.9,6953.8,184.84,Normal,5
AGRI-10455,2024,11,Pudukkottai,Red Laterite & Gravelly,Groundnut,Thai Pattam (Dec-Jan),66.19,32.4,88.9,163.7,7968.5,3603.3,6940.4,5070.8,188.26,High,7
AGRI-10456,2026,3,Tiruvarur,Deltaic Alluvium,Cotton,Summer Irrigated (Feb-Jul),26.02,34.6,88.5,46.9,81.3,4195.6,2268.9,1663.3,107.74,Low,4
AGRI-10457,2026,7,Karur,Red Sandy & Black Clay,Groundnut,Thai Pattam (Dec-Jan),56.71,34.7,88.8,47.9,7324.7,2476.3,4955.6,4390.4,101.59,Normal,2
AGRI-10458,2021,12,Madurai,Clayey Red Loam,Paddy (Rice),Kuruvai (Jun-Sep),41.15,27.3,68.1,136.9,1600.1,10441.9,5206.8,3275.8,125.45,High,3
AGRI-10459,2026,3,Tiruvarur,Deltaic Alluvium,Sugarcane,Early (Dec-Jan),77.35,36.0,88.3,11.4,26184.1,32818.5,11167.0,14381.5,298.01,Normal,3
AGRI-10460,2021,1,Madurai,Clayey Red Loam,Pulses (Blackgram/Greengram),Rice Fallow (Jan-Feb),27.11,19.7,65.8,64.7,533.5,679.7,1390.3,685.0,33.67,Normal,7
AGRI-10461,2026,7,Pudukkottai,Red Laterite & Gravelly,Sugarcane,Mid (Feb-Mar),37.51,27.9,63.9,9.4,13428.5,17534.1,5844.8,7058.1,164.59,Normal,6
AGRI-10462,2025,11,Nagapattinam,Coastal Alluvium & Saline,Cotton,Summer Irrigated (Feb-Jul),63.45,29.7,57.9,239.4,196.6,11427.6,6530.5,4169.7,239.79,High,6
AGRI-10463,2024,11,Thanjavur,Cauvery Delta Alluvium,Cotton,Summer Irrigated (Feb-Jul),81.78,28.5,56.0,174.3,254.4,15133.2,8149.2,5525.8,302.27,High,7
AGRI-10464,2021,8,Madurai,Clayey Red Loam,Sugarcane,Mid (Feb-Mar),63.79,30.0,81.6,49.5,22307.3,29778.1,9243.4,13515.1,297.83,Normal,4
AGRI-10465,2026,2,Karur,Red Sandy & Black Clay,Pulses (Blackgram/Greengram),Rainfed (Oct-Nov),64.06,34.9,70.7,51.5,1255.8,1627.8,3338.8,1488.9,79.68,Low,7
AGRI-10466,2022,4,Perambalur,Black Cotton Soil,Pulses (Blackgram/Greengram),Rainfed (Oct-Nov),26.47,26.6,64.3,47.9,553.1,672.3,1274.2,639.9,33.2,Normal,7
AGRI-10467,2025,4,Karur,Red Sandy & Black Clay,Paddy (Rice),Navarai (Dec-Mar),80.86,32.2,65.3,70.3,3256.3,18149.3,8647.5,6730.8,244.99,Normal,5
AGRI-10468,2024,11,Tiruvarur,Deltaic Alluvium,Cotton,Winter Irrigated (Aug-Feb),44.66,30.7,77.9,254.3,135.8,8023.0,4849.0,2724.4,303.68,High,7
AGRI-10469,2024,5,Madurai,Clayey Red Loam,Pulses (Blackgram/Greengram),Rice Fallow (Jan-Feb),67.63,22.2,58.8,94.6,1383.8,1823.6,4030.8,1600.9,86.85,Normal,5
AGRI-10470,2024,6,Tiruvarur,Deltaic Alluvium,Paddy (Rice),Navarai (Dec-Mar),41.58,27.8,66.4,76.6,1611.2,8951.0,4707.0,3710.6,112.8,Normal,7
AGRI-10471,2025,3,Madurai,Clayey Red Loam,Pulses (Blackgram/Greengram),Rice Fallow (Jan-Feb),43.37,27.0,58.8,58.2,883.5,1067.3,2245.7,1014.1,59.32,Normal,3
AGRI-10472,2021,2,Perambalur,Black Cotton Soil,Pulses (Blackgram/Greengram),Rice Fallow (Jan-Feb),35.39,25.1,54.9,44.0,707.1,842.5,1808.9,846.5,41.79,Normal,5
AGRI-10473,2026,12,Karur,Red Sandy & Black Clay,Pulses (Blackgram/Greengram),Rice Fallow (Jan-Feb),37.22,33.6,77.7,128.1,758.4,1054.1,2058.8,867.6,75.95,High,7
AGRI-10474,2025,10,Nagapattinam,Coastal Alluvium & Saline,Paddy (Rice),Navarai (Dec-Mar),46.85,29.3,74.9,258.1,1820.2,11601.6,6053.2,4178.7,141.92,High,5
AGRI-10475,2021,9,Tiruchirappalli,Alluvial Clay & Red Loam,Maize,Rabi (Oct-Jan),79.94,28.3,77.4,162.2,1466.7,21778.4,12383.7,6141.1,243.13,High,5
AGRI-10476,2022,10,Pudukkottai,Red Laterite & Gravelly,Paddy (Rice),Kuruvai (Jun-Sep),21.58,23.4,85.8,150.7,871.0,5424.0,2851.4,1687.6,98.51,High,6
AGRI-10477,2022,10,Karur,Red Sandy & Black Clay,Pulses (Blackgram/Greengram),Rainfed (Oct-Nov),47.87,28.2,77.8,105.1,966.7,1402.1,2691.3,1231.9,96.24,High,6
AGRI-10478,2026,3,Karur,Red Sandy & Black Clay,Cotton,Summer Irrigated (Feb-Jul),39.51,26.6,67.9,50.5,114.5,6573.8,3732.0,2631.1,142.42,Low,4
AGRI-10479,2023,7,Tiruvarur,Deltaic Alluvium,Maize,Kharif (Jun-Sep),37.55,30.7,61.3,61.8,673.6,9194.2,4680.9,2975.0,85.47,Normal,3
AGRI-10480,2024,4,Karur,Red Sandy & Black Clay,Paddy (Rice),Kuruvai (Jun-Sep),37.52,20.8,62.9,59.5,1512.2,8543.9,4278.0,3197.9,115.38,High,2
AGRI-10481,2022,6,Tiruvarur,Deltaic Alluvium,Cotton,Summer Irrigated (Feb-Jul),77.06,35.1,73.2,84.9,234.3,13737.5,8124.6,5144.1,307.92,Normal,3
AGRI-10482,2026,6,Karur,Red Sandy & Black Clay,Paddy (Rice),Navarai (Dec-Mar),67.94,24.2,79.7,58.2,2676.4,14859.6,7803.5,6076.4,218.11,Low,4
AGRI-10483,2023,2,Thanjavur,Cauvery Delta Alluvium,Cotton,Summer Irrigated (Feb-Jul),61.21,26.7,53.9,50.5,181.0,10473.7,5678.8,3666.7,259.57,Low,7
AGRI-10484,2025,11,Tiruvarur,Deltaic Alluvium,Maize,Rabi (Oct-Jan),94.81,25.5,88.3,247.7,1746.2,28415.0,13811.6,7330.1,354.92,High,6
AGRI-10485,2022,11,Tiruchirappalli,Alluvial Clay & Red Loam,Groundnut,Adipattam (Jul-Aug),88.54,25.9,55.6,141.9,11118.4,4378.4,9594.3,6445.9,157.95,High,6
AGRI-10486,2024,5,Thanjavur,Cauvery Delta Alluvium,Cotton,Summer Irrigated (Feb-Jul),26.99,21.7,89.0,87.6,84.2,5315.3,2903.1,1837.2,149.64,Low,2
AGRI-10487,2023,2,Madurai,Clayey Red Loam,Cotton,Summer Irrigated (Feb-Jul),2.98,32.9,64.9,8.3,8.7,480.2,258.9,181.8,11.48,Low,3
AGRI-10488,2024,6,Karur,Red Sandy & Black Clay,Sugarcane,Mid (Feb-Mar),30.18,31.5,84.1,2.6,10938.4,12960.0,4460.8,5946.0,125.58,Normal,7
AGRI-10489,2021,3,Thanjavur,Cauvery Delta Alluvium,Sugarcane,Mid (Feb-Mar),39.0,29.5,70.1,56.7,13621.3,17769.7,6025.4,8011.8,161.02,Low,5
AGRI-10490,2021,1,Perambalur,Black Cotton Soil,Sugarcane,Early (Dec-Jan),14.17,33.2,84.9,35.5,4764.7,6389.4,2079.2,2642.4,59.88,Normal,6
AGRI-10491,2021,5,Tiruvarur,Deltaic Alluvium,Sugarcane,Mid (Feb-Mar),94.47,23.5,58.3,104.1,33828.4,49149.8,15776.5,20195.5,413.57,High,7
AGRI-10492,2022,7,Tiruvarur,Deltaic Alluvium,Sugarcane,Early (Dec-Jan),6.05,30.8,53.8,25.0,2091.2,2790.6,883.1,1174.2,25.85,Normal,6
AGRI-10493,2023,6,Tiruchirappalli,Alluvial Clay & Red Loam,Cotton,Winter Irrigated (Aug-Feb),28.45,28.5,63.4,17.1,88.9,4302.2,2479.8,1964.4,106.64,Normal,4
AGRI-10494,2026,9,Thanjavur,Cauvery Delta Alluvium,Pulses (Blackgram/Greengram),Rice Fallow (Jan-Feb),73.77,24.5,84.0,197.7,1496.7,2048.2,4146.7,1858.4,137.31,High,2
AGRI-10495,2021,10,Tiruvarur,Deltaic Alluvium,Pulses (Blackgram/Greengram),Rice Fallow (Jan-Feb),92.07,24.7,54.1,194.6,1893.9,2673.6,5110.7,2161.7,116.45,High,7
AGRI-10496,2023,8,Karur,Red Sandy & Black Clay,Groundnut,Adipattam (Jul-Aug),60.76,24.9,70.3,53.9,7831.8,2611.3,5344.9,4853.8,99.55,Normal,6
AGRI-10497,2024,11,Nagapattinam,Coastal Alluvium & Saline,Pulses (Blackgram/Greengram),Rainfed (Oct-Nov),51.75,28.1,68.4,246.6,1030.0,1519.2,2888.4,1190.9,67.68,High,6
AGRI-10498,2025,12,Tiruchirappalli,Alluvial Clay & Red Loam,Groundnut,Adipattam (Jul-Aug),69.15,27.3,55.0,123.1,8525.0,3671.3,7473.4,4987.4,109.24,High,2
AGRI-10499,2021,1,Nagapattinam,Coastal Alluvium & Saline,Sugarcane,Late (Apr-May),62.5,35.1,55.6,91.2,22939.7,33116.5,10253.4,12166.5,281.75,Normal,4
AGRI-10500,2026,10,Karur,Red Sandy & Black Clay,Paddy (Rice),Navarai (Dec-Mar),12.35,30.4,77.5,162.6,498.7,3288.7,1518.6,1008.1,59.99,High,5
AGRI-10501,2026,12,Tiruvarur,Deltaic Alluvium,Maize,Kharif (Jun-Sep),42.64,22.9,70.8,201.4,749.0,12448.4,6657.3,3028.7,87.17,High,4
AGRI-10502,2026,10,Tiruvarur,Deltaic Alluvium,Sugarcane,Mid (Feb-Mar),19.88,28.3,69.1,221.2,7133.3,9779.6,3515.2,3665.0,77.89,High,5
AGRI-10503,2026,1,Tiruchirappalli,Alluvial Clay & Red Loam,Paddy (Rice),Kuruvai (Jun-Sep),14.73,30.2,89.4,61.1,566.1,3398.6,1627.2,1305.6,47.66,High,2
AGRI-10504,2025,8,Nagapattinam,Coastal Alluvium & Saline,Sugarcane,Mid (Feb-Mar),77.93,29.8,60.2,69.5,27518.9,32725.3,11157.1,15612.4,305.56,Normal,5
AGRI-10505,2022,7,Tiruchirappalli,Alluvial Clay & Red Loam,Sugarcane,Early (Dec-Jan),38.15,30.8,88.7,65.8,13677.5,18287.5,5717.8,8153.5,153.93,Normal,4
AGRI-10506,2021,6,Thanjavur,Cauvery Delta Alluvium,Groundnut,Adipattam (Jul-Aug),87.91,29.8,72.3,60.3,10697.8,4075.0,7754.9,6874.3,145.96,Normal,2
AGRI-10507,2023,12,Madurai,Clayey Red Loam,Pulses (Blackgram/Greengram),Rainfed (Oct-Nov),76.38,25.5,68.8,169.2,1525.3,2281.6,4235.8,1849.3,90.38,High,5
AGRI-10508,2024,8,Pudukkottai,Red Laterite & Gravelly,Cotton,Summer Irrigated (Feb-Jul),66.64,27.5,64.0,78.4,196.3,10585.6,5995.9,4331.9,259.27,Normal,3
AGRI-10509,2024,9,Thanjavur,Cauvery Delta Alluvium,Groundnut,Thai Pattam (Dec-Jan),55.95,33.6,79.5,231.4,7293.7,2718.6,5703.6,4394.8,164.77,High,3
AGRI-10510,2025,7,Karur,Red Sandy & Black Clay,Maize,Kharif (Jun-Sep),24.93,29.0,51.1,64.2,459.1,6415.8,3102.8,1955.0,57.82,Normal,2
AGRI-10511,2022,2,Pudukkottai,Red Laterite & Gravelly,Sugarcane,Early (Dec-Jan),3.65,35.4,82.1,39.5,1287.0,1761.3,545.9,750.7,15.48,Low,7
AGRI-10512,2022,1,Tiruchirappalli,Alluvial Clay & Red Loam,Cotton,Winter Irrigated (Aug-Feb),84.01,30.0,85.0,102.7,254.5,16299.2,9059.5,5434.9,538.97,High,5
AGRI-10513,2025,7,Tiruvarur,Deltaic Alluvium,Cotton,Winter Irrigated (Aug-Feb),92.96,27.1,76.0,42.7,286.4,15080.3,8652.3,6299.1,356.66,Low,4
AGRI-10514,2021,6,Perambalur,Black Cotton Soil,Maize,Kharif (Jun-Sep),62.31,24.9,53.3,71.9,1079.5,15146.5,8134.0,4345.2,136.56,Normal,4
AGRI-10515,2022,5,Nagapattinam,Coastal Alluvium & Saline,Pulses (Blackgram/Greengram),Rice Fallow (Jan-Feb),10.37,28.4,91.4,66.3,200.8,253.1,543.4,267.7,14.69,Normal,6
AGRI-10516,2022,12,Pudukkottai,Red Laterite & Gravelly,Maize,Rabi (Oct-Jan),64.91,17.2,71.2,150.7,1124.1,19583.7,9681.7,5113.2,125.28,High,3
AGRI-10517,2021,11,Tiruvarur,Deltaic Alluvium,Pulses (Blackgram/Greengram),Rainfed (Oct-Nov),11.13,33.3,82.3,213.4,226.7,342.2,629.8,288.8,21.97,High,4
AGRI-10518,2026,7,Perambalur,Black Cotton Soil,Paddy (Rice),Navarai (Dec-Mar),24.62,34.3,91.8,59.5,1022.3,5685.1,2815.2,2081.9,73.25,Normal,3
AGRI-10519,2025,6,Tiruvarur,Deltaic Alluvium,Paddy (Rice),Samba/Thaladi (Aug-Jan),35.19,23.4,89.5,97.0,1397.3,8662.6,4411.0,3029.9,174.54,High,5
AGRI-10520,2023,6,Pudukkottai,Red Laterite & Gravelly,Groundnut,Thai Pattam (Dec-Jan),10.22,28.1,86.9,82.5,1290.9,504.1,1016.0,748.4,28.3,Normal,2
AGRI-10521,2023,8,Perambalur,Black Cotton Soil,Maize,Kharif (Jun-Sep),45.84,28.2,54.6,27.6,863.4,11340.1,5919.3,3370.0,89.05,Low,4
AGRI-10522,2026,8,Madurai,Clayey Red Loam,Sugarcane,Late (Apr-May),13.08,31.4,89.8,22.7,4629.0,6346.1,2015.8,2431.2,59.92,Normal,5
AGRI-10523,2021,11,Nagapattinam,Coastal Alluvium & Saline,Paddy (Rice),Kuruvai (Jun-Sep),41.62,26.2,56.0,235.1,1729.1,10505.8,5222.7,3368.3,135.77,High,3
AGRI-10524,2023,5,Tiruchirappalli,Alluvial Clay & Red Loam,Paddy (Rice),Samba/Thaladi (Aug-Jan),17.72,26.4,70.0,50.1,724.9,3832.9,1986.8,1473.6,47.56,High,6
AGRI-10525,2026,10,Nagapattinam,Coastal Alluvium & Saline,Paddy (Rice),Navarai (Dec-Mar),59.53,30.1,56.3,243.6,2471.2,14263.5,7884.5,4963.7,179.68,High,2
AGRI-10526,2024,11,Madurai,Clayey Red Loam,Sugarcane,Late (Apr-May),92.17,28.9,91.1,146.5,31451.4,47060.4,15657.8,19592.7,692.94,High,6
AGRI-10527,2021,5,Tiruchirappalli,Alluvial Clay & Red Loam,Cotton,Summer Irrigated (Feb-Jul),85.44,30.1,79.4,52.2,255.5,13435.7,7722.3,5545.1,349.13,Normal,2
AGRI-10528,2022,9,Madurai,Clayey Red Loam,Maize,Rabi (Oct-Jan),57.53,27.4,85.5,168.4,1020.5,16921.2,8966.4,4524.2,217.27,High,2
AGRI-10529,2025,7,Thanjavur,Cauvery Delta Alluvium,Pulses (Blackgram/Greengram),Rice Fallow (Jan-Feb),12.09,32.0,72.9,58.5,249.7,311.4,625.8,287.7,16.51,Normal,6
AGRI-10530,2021,6,Thanjavur,Cauvery Delta Alluvium,Sugarcane,Mid (Feb-Mar),92.0,36.2,84.5,80.8,30934.0,46952.8,15431.9,17710.7,679.07,Normal,4
AGRI-10531,2021,7,Perambalur,Black Cotton Soil,Pulses (Blackgram/Greengram),Rice Fallow (Jan-Feb),5.52,32.3,81.1,33.6,111.7,137.2,277.5,135.1,7.29,Normal,5
AGRI-10532,2024,12,Perambalur,Black Cotton Soil,Sugarcane,Late (Apr-May),18.57,37.0,68.4,158.2,6698.3,10152.5,3244.1,3561.9,80.63,High,4
AGRI-10533,2021,7,Nagapattinam,Coastal Alluvium & Saline,Paddy (Rice),Kuruvai (Jun-Sep),3.57,29.9,76.0,134.9,144.4,843.4,462.2,323.9,17.54,High,4
AGRI-10534,2022,5,Tiruvarur,Deltaic Alluvium,Sugarcane,Late (Apr-May),20.43,39.5,83.9,50.4,6897.8,8664.4,2955.3,3773.3,96.96,Normal,2
AGRI-10535,2021,3,Madurai,Clayey Red Loam,Groundnut,Chithirai Pattam (Apr-May),28.63,28.9,85.2,32.8,3442.7,1212.4,2695.0,2000.0,51.16,Normal,5
AGRI-10536,2023,1,Madurai,Clayey Red Loam,Sugarcane,Early (Dec-Jan),86.09,34.6,85.9,17.0,29866.7,41810.2,13042.6,15853.5,371.29,Normal,4
AGRI-10537,2025,1,Nagapattinam,Coastal Alluvium & Saline,Groundnut,Chithirai Pattam (Apr-May),50.41,31.0,65.3,76.4,6204.4,2177.5,4351.8,3879.9,89.42,Low,5
AGRI-10538,2022,5,Madurai,Clayey Red Loam,Maize,Rabi (Oct-Jan),18.5,37.0,61.8,31.0,342.7,4517.4,2475.7,1475.0,39.6,Normal,5
AGRI-10539,2025,7,Karur,Red Sandy & Black Clay,Cotton,Winter Irrigated (Aug-Feb),42.21,30.6,76.6,0.0,128.3,6578.1,3923.0,2789.6,179.59,Normal,4
AGRI-10540,2023,7,Tiruchirappalli,Alluvial Clay & Red Loam,Paddy (Rice),Kuruvai (Jun-Sep),75.66,27.1,77.6,15.6,2938.7,16275.5,7915.5,6233.9,225.62,High,4
AGRI-10541,2024,5,Nagapattinam,Coastal Alluvium & Saline,Groundnut,Chithirai Pattam (Apr-May),58.17,29.2,61.7,106.7,7543.1,2833.4,6257.0,4289.7,105.45,High,4
AGRI-10542,2021,8,Pudukkottai,Red Laterite & Gravelly,Sugarcane,Early (Dec-Jan),48.63,37.1,55.2,20.0,16926.2,22243.7,7137.7,9887.0,224.94,Normal,2
AGRI-10543,2021,9,Karur,Red Sandy & Black Clay,Sugarcane,Mid (Feb-Mar),87.42,38.6,61.5,137.3,30905.4,44198.3,15249.3,17116.8,391.31,High,5
AGRI-10544,2023,10,Madurai,Clayey Red Loam,Pulses (Blackgram/Greengram),Rice Fallow (Jan-Feb),12.0,35.9,59.5,155.6,245.3,323.6,716.4,277.9,13.93,High,4
AGRI-10545,2026,10,Thanjavur,Cauvery Delta Alluvium,Cotton,Summer Irrigated (Feb-Jul),75.73,27.6,88.8,176.4,224.6,13268.3,7904.0,5156.4,504.69,High,7
AGRI-10546,2025,9,Madurai,Clayey Red Loam,Pulses (Blackgram/Greengram),Rice Fallow (Jan-Feb),24.75,27.7,61.8,176.6,479.3,743.5,1453.2,602.0,34.2,High,3
AGRI-10547,2021,8,Nagapattinam,Coastal Alluvium & Saline,Pulses (Blackgram/Greengram),Rice Fallow (Jan-Feb),8.07,30.4,54.4,36.5,162.6,213.6,414.0,195.0,10.29,Low,3
AGRI-10548,2023,7,Thanjavur,Cauvery Delta Alluvium,Sugarcane,Early (Dec-Jan),92.69,36.5,82.8,28.5,31623.2,40712.5,14417.7,18857.9,367.3,Low,2
AGRI-10549,2024,3,Thanjavur,Cauvery Delta Alluvium,Sugarcane,Early (Dec-Jan),27.17,31.7,64.8,10.6,9432.5,11759.6,4033.5,5350.5,112.4,Normal,5
AGRI-10550,2026,7,Pudukkottai,Red Laterite & Gravelly,Paddy (Rice),Kuruvai (Jun-Sep),70.21,27.3,66.9,49.6,2820.8,15369.5,7863.0,6069.0,232.05,High,3
AGRI-10551,2025,5,Thanjavur,Cauvery Delta Alluvium,Paddy (Rice),Kuruvai (Jun-Sep),24.59,28.3,87.1,61.4,979.0,5209.5,2792.6,2139.8,73.81,High,3
AGRI-10552,2026,10,Nagapattinam,Coastal Alluvium & Saline,Cotton,Summer Irrigated (Feb-Jul),29.14,36.5,81.0,294.1,85.3,5534.5,2915.5,1836.9,177.05,High,2
AGRI-10553,2021,3,Madurai,Clayey Red Loam,Maize,Rabi (Oct-Jan),92.63,29.8,81.9,9.5,1671.7,21540.0,12491.3,6883.9,179.11,Low,2
AGRI-10554,2025,3,Karur,Red Sandy & Black Clay,Sugarcane,Late (Apr-May),72.34,33.8,83.8,18.7,25105.6,32939.0,11028.3,13860.8,307.73,Normal,4
AGRI-10555,2025,8,Pudukkottai,Red Laterite & Gravelly,Groundnut,Thai Pattam (Dec-Jan),12.93,33.1,50.9,49.0,1624.0,562.4,1191.7,1033.7,21.52,Normal,7
AGRI-10556,2023,11,Nagapattinam,Coastal Alluvium & Saline,Maize,Kharif (Jun-Sep),65.29,31.4,90.2,247.2,1200.0,19957.2,9654.5,4811.5,246.5,High,4
AGRI-10557,2025,12,Nagapattinam,Coastal Alluvium & Saline,Paddy (Rice),Navarai (Dec-Mar),34.25,29.2,69.1,245.5,1372.7,8253.9,4534.8,2950.8,106.6,High,4
AGRI-10558,2023,1,Madurai,Clayey Red Loam,Cotton,Winter Irrigated (Aug-Feb),44.48,25.6,50.2,3.8,128.7,6765.6,4154.8,3000.5,171.91,Normal,6
AGRI-10559,2022,12,Thanjavur,Cauvery Delta Alluvium,Pulses (Blackgram/Greengram),Rainfed (Oct-Nov),20.7,28.6,59.2,170.6,427.7,610.3,1181.0,551.2,24.32,High,4
AGRI-10560,2022,10,Karur,Red Sandy & Black Clay,Groundnut,Adipattam (Jul-Aug),42.81,26.4,58.4,107.3,5583.7,2213.6,4290.5,3330.7,78.85,High,2
AGRI-10561,2026,6,Tiruvarur,Deltaic Alluvium,Groundnut,Adipattam (Jul-Aug),49.1,30.7,64.9,20.3,6146.8,2357.3,4209.7,3811.4,76.75,Low,3
AGRI-10562,2025,6,Karur,Red Sandy & Black Clay,Sugarcane,Late (Apr-May),14.27,32.6,62.3,50.5,4975.8,5977.7,2206.3,3000.2,60.72,Normal,2
AGRI-10563,2023,10,Tiruchirappalli,Alluvial Clay & Red Loam,Cotton,Winter Irrigated (Aug-Feb),11.51,27.6,63.9,177.2,33.3,2034.7,1148.9,771.4,44.42,High,3
AGRI-10564,2026,1,Tiruvarur,Deltaic Alluvium,Cotton,Summer Irrigated (Feb-Jul),77.02,30.9,52.8,58.6,224.0,11506.2,6935.8,4899.2,325.16,Normal,4
AGRI-10565,2025,5,Madurai,Clayey Red Loam,Sugarcane,Early (Dec-Jan),78.51,39.7,75.9,34.0,26836.4,37194.3,11961.9,14848.1,354.74,Normal,6
AGRI-10566,2023,11,Madurai,Clayey Red Loam,Maize,Rabi (Oct-Jan),11.75,27.8,61.6,129.5,211.9,3553.9,1694.8,848.2,23.13,High,5
AGRI-10567,2021,11,Tiruchirappalli,Alluvial Clay & Red Loam,Groundnut,Adipattam (Jul-Aug),62.66,30.7,88.1,141.3,8141.2,3238.6,6167.0,4435.1,170.9,High,6
AGRI-10568,2025,2,Nagapattinam,Coastal Alluvium & Saline,Cotton,Summer Irrigated (Feb-Jul),18.64,23.9,73.7,54.7,54.4,3124.8,1704.2,1282.5,65.24,Normal,7
AGRI-10569,2025,12,Perambalur,Black Cotton Soil,Maize,Kharif (Jun-Sep),88.29,30.5,55.4,140.6,1583.4,23777.6,13664.0,6250.1,172.84,High,2
AGRI-10570,2023,4,Madurai,Clayey Red Loam,Pulses (Blackgram/Greengram),Rainfed (Oct-Nov),93.27,34.9,59.9,62.8,1940.6,2432.9,4626.2,2167.7,123.04,Normal,2
AGRI-10571,2025,11,Thanjavur,Cauvery Delta Alluvium,Maize,Rabi (Oct-Jan),80.26,30.7,79.3,176.3,1419.7,22973.8,11742.2,5719.6,253.45,High,6
AGRI-10572,2021,11,Nagapattinam,Coastal Alluvium & Saline,Paddy (Rice),Navarai (Dec-Mar),91.28,31.8,86.3,224.2,3819.9,24000.1,11579.4,7359.4,407.85,High,5
AGRI-10573,2021,8,Pudukkottai,Red Laterite & Gravelly,Cotton,Winter Irrigated (Aug-Feb),42.04,29.2,53.3,58.3,122.4,6488.2,3822.0,2649.6,152.65,Normal,4
AGRI-10574,2021,3,Perambalur,Black Cotton Soil,Pulses (Blackgram/Greengram),Rainfed (Oct-Nov),92.05,22.0,85.8,80.0,1833.5,2159.7,4693.4,2155.4,187.08,Low,4
AGRI-10575,2024,5,Tiruchirappalli,Alluvial Clay & Red Loam,Paddy (Rice),Samba/Thaladi (Aug-Jan),21.05,23.8,88.3,3.4,869.4,4698.5,2341.0,1870.2,67.49,High,4
AGRI-10576,2025,8,Thanjavur,Cauvery Delta Alluvium,Maize,Kharif (Jun-Sep),90.06,25.6,51.5,47.9,1619.2,21963.7,12117.4,7198.4,173.14,Normal,2
AGRI-10577,2024,11,Nagapattinam,Coastal Alluvium & Saline,Groundnut,Thai Pattam (Dec-Jan),65.73,23.4,66.3,239.6,8406.2,3443.8,6541.5,4622.6,115.7,High,4
AGRI-10578,2024,1,Pudukkottai,Red Laterite & Gravelly,Sugarcane,Mid (Feb-Mar),24.53,29.9,83.9,42.6,8861.6,11711.7,3587.5,4555.4,95.13,Normal,5
AGRI-10579,2023,10,Karur,Red Sandy & Black Clay,Paddy (Rice),Samba/Thaladi (Aug-Jan),63.11,25.8,75.5,118.1,2440.9,15448.4,8018.3,5333.4,316.61,High,4
AGRI-10580,2023,9,Nagapattinam,Coastal Alluvium & Saline,Maize,Rabi (Oct-Jan),29.57,28.9,61.2,262.7,513.6,9054.5,4511.6,2247.2,60.42,High,3
AGRI-10581,2023,12,Tiruvarur,Deltaic Alluvium,Groundnut,Chithirai Pattam (Apr-May),53.65,26.2,82.1,230.6,6793.0,2707.1,5811.0,3737.9,157.6,High,5
AGRI-10582,2024,8,Madurai,Clayey Red Loam,Paddy (Rice),Samba/Thaladi (Aug-Jan),6.61,25.8,68.1,14.4,266.7,1428.3,692.6,568.2,21.56,High,4
AGRI-10583,2026,10,Nagapattinam,Coastal Alluvium & Saline,Paddy (Rice),Samba/Thaladi (Aug-Jan),42.65,26.4,80.9,228.4,1741.9,11424.7,5631.5,3587.3,206.76,High,6
AGRI-10584,2024,12,Karur,Red Sandy & Black Clay,Sugarcane,Mid (Feb-Mar),94.32,27.9,61.5,98.8,31806.2,47401.9,15893.9,18063.7,418.36,Normal,6
AGRI-10585,2023,3,Thanjavur,Cauvery Delta Alluvium,Cotton,Summer Irrigated (Feb-Jul),43.55,25.7,76.8,51.1,132.2,6563.4,4075.1,2838.4,184.86,Normal,5
AGRI-10586,2024,3,Karur,Red Sandy & Black Clay,Cotton,Summer Irrigated (Feb-Jul),23.54,31.2,77.5,5.0,70.6,3682.0,2129.9,1460.0,99.89,Normal,4
AGRI-10587,2025,12,Tiruchirappalli,Alluvial Clay & Red Loam,Pulses (Blackgram/Greengram),Rainfed (Oct-Nov),6.64,26.2,71.3,119.0,137.4,197.0,365.4,163.3,8.15,High,2
AGRI-10588,2023,7,Pudukkottai,Red Laterite & Gravelly,Groundnut,Adipattam (Jul-Aug),85.51,27.9,56.3,45.4,10464.6,3759.3,7862.0,6614.0,155.89,Normal,7
AGRI-10589,2026,12,Nagapattinam,Coastal Alluvium & Saline,Maize,Kharif (Jun-Sep),16.38,31.5,90.1,266.7,297.3,4465.2,2541.5,1277.3,57.14,High,7
AGRI-10590,2022,10,Madurai,Clayey Red Loam,Cotton,Summer Irrigated (Feb-Jul),29.61,28.0,82.2,143.1,91.3,5161.2,2985.3,1982.2,196.73,High,4
AGRI-10591,2023,11,Thanjavur,Cauvery Delta Alluvium,Cotton,Winter Irrigated (Aug-Feb),47.28,22.4,59.7,196.5,147.8,8970.2,4974.7,3106.5,194.43,High,4
AGRI-10592,2024,7,Pudukkottai,Red Laterite & Gravelly,Paddy (Rice),Kuruvai (Jun-Sep),49.21,23.8,87.0,25.2,1970.1,10339.2,5369.1,4328.5,154.67,High,5
AGRI-10593,2024,1,Thanjavur,Cauvery Delta Alluvium,Sugarcane,Early (Dec-Jan),66.33,35.8,66.9,55.5,22535.6,31777.1,10345.8,13381.7,291.95,Normal,7
AGRI-10594,2024,7,Thanjavur,Cauvery Delta Alluvium,Pulses (Blackgram/Greengram),Rainfed (Oct-Nov),60.85,30.6,81.8,79.2,1247.6,1549.3,3139.9,1515.8,115.03,Low,2
AGRI-10595,2024,6,Pudukkottai,Red Laterite & Gravelly,Pulses (Blackgram/Greengram),Rainfed (Oct-Nov),43.07,28.1,89.7,16.4,853.4,1092.5,2239.1,1084.3,59.62,Normal,5
AGRI-10596,2022,3,Pudukkottai,Red Laterite & Gravelly,Maize,Rabi (Oct-Jan),6.38,29.4,61.7,64.7,113.8,1523.0,811.8,475.1,12.87,Normal,3
AGRI-10597,2022,11,Karur,Red Sandy & Black Clay,Groundnut,Chithirai Pattam (Apr-May),28.27,23.6,71.4,83.8,3405.0,1556.0,2937.0,2012.7,48.42,Normal,2
AGRI-10598,2026,8,Nagapattinam,Coastal Alluvium & Saline,Cotton,Summer Irrigated (Feb-Jul),50.68,32.8,54.6,124.0,152.0,9277.0,5121.1,3457.8,216.82,High,7
AGRI-10599,2026,4,Thanjavur,Cauvery Delta Alluvium,Cotton,Winter Irrigated (Aug-Feb),69.78,27.9,61.6,58.5,215.6,11567.0,6163.9,4802.0,265.67,Low,7
AGRI-10600,2026,11,Pudukkottai,Red Laterite & Gravelly,Sugarcane,Late (Apr-May),5.8,28.5,89.6,160.5,1976.5,3157.8,1023.9,1116.4,36.95,High,2
AGRI-10601,2021,8,Nagapattinam,Coastal Alluvium & Saline,Paddy (Rice),Samba/Thaladi (Aug-Jan),54.09,25.9,67.6,50.6,2190.8,12205.1,5940.5,4682.9,151.2,High,4
AGRI-10602,2024,11,Nagapattinam,Coastal Alluvium & Saline,Cotton,Summer Irrigated (Feb-Jul),38.78,28.3,54.1,261.0,121.8,6984.3,4078.9,2362.8,148.67,High,4
AGRI-10603,2026,3,Thanjavur,Cauvery Delta Alluvium,Cotton,Summer Irrigated (Feb-Jul),74.07,29.5,70.5,42.1,219.1,11923.8,6926.2,4994.7,258.78,Normal,4
AGRI-10604,2024,7,Pudukkottai,Red Laterite & Gravelly,Maize,Rabi (Oct-Jan),39.38,30.4,80.6,3.1,700.2,9761.0,5156.5,2791.0,79.11,Normal,7
AGRI-10605,2025,1,Pudukkottai,Red Laterite & Gravelly,Sugarcane,Late (Apr-May),90.4,27.4,82.8,30.0,32555.7,38219.7,12948.7,17204.4,391.04,Low,3
AGRI-10606,2023,3,Perambalur,Black Cotton Soil,Pulses (Blackgram/Greengram),Rice Fallow (Jan-Feb),86.74,26.7,80.8,14.7,1741.1,2067.8,4250.9,2069.8,118.33,Normal,3
AGRI-10607,2024,11,Karur,Red Sandy & Black Clay,Pulses (Blackgram/Greengram),Rice Fallow (Jan-Feb),39.57,28.1,80.8,141.2,766.6,1158.4,2250.5,1033.5,87.26,High,4
AGRI-10608,2021,5,Perambalur,Black Cotton Soil,Groundnut,Thai Pattam (Dec-Jan),27.85,26.6,77.6,41.3,3371.2,1347.3,2521.8,2073.1,52.06,Low,6
AGRI-10609,2024,12,Nagapattinam,Coastal Alluvium & Saline,Maize,Kharif (Jun-Sep),38.91,25.3,54.5,239.9,695.7,11348.5,5900.1,2830.3,89.14,High,2
AGRI-10610,2022,8,Thanjavur,Cauvery Delta Alluvium,Groundnut,Chithirai Pattam (Apr-May),57.39,24.8,85.2,53.3,7377.9,2424.6,5161.7,4225.8,103.7,Normal,3
AGRI-10611,2021,5,Pudukkottai,Red Laterite & Gravelly,Pulses (Blackgram/Greengram),Rainfed (Oct-Nov),66.36,35.5,72.9,18.0,1312.6,1719.3,3322.8,1740.0,94.63,Normal,2
AGRI-10612,2024,3,Perambalur,Black Cotton Soil,Pulses (Blackgram/Greengram),Rice Fallow (Jan-Feb),72.51,19.9,57.0,8.7,1414.5,1904.2,3620.9,1871.4,94.33,Normal,5
AGRI-10613,2023,12,Karur,Red Sandy & Black Clay,Paddy (Rice),Samba/Thaladi (Aug-Jan),87.78,30.2,75.8,103.4,3415.5,22396.8,10776.0,7551.6,438.48,High,6
AGRI-10614,2022,6,Karur,Red Sandy & Black Clay,Maize,Rabi (Oct-Jan),88.25,36.0,55.7,38.6,1526.4,21895.8,11071.4,6155.8,209.09,Low,4
AGRI-10615,2021,9,Nagapattinam,Coastal Alluvium & Saline,Sugarcane,Late (Apr-May),44.92,25.5,75.0,270.8,15113.1,22290.6,7581.5,9493.6,189.72,High,7
AGRI-10616,2023,9,Karur,Red Sandy & Black Clay,Cotton,Summer Irrigated (Feb-Jul),52.54,31.0,56.4,132.9,155.0,9139.0,5599.3,3442.8,214.74,High,4
AGRI-10617,2022,3,Karur,Red Sandy & Black Clay,Pulses (Blackgram/Greengram),Rainfed (Oct-Nov),2.75,25.9,89.0,38.3,55.2,63.9,131.7,73.3,3.26,Normal,5
AGRI-10618,2025,2,Madurai,Clayey Red Loam,Cotton,Summer Irrigated (Feb-Jul),24.77,27.2,79.7,3.5,73.5,3732.3,2252.8,1532.9,88.73,Normal,7
AGRI-10619,2024,12,Tiruvarur,Deltaic Alluvium,Maize,Rabi (Oct-Jan),75.48,29.5,68.3,204.2,1349.0,21698.6,11476.1,5826.7,151.9,High,6
AGRI-10620,2022,12,Nagapattinam,Coastal Alluvium & Saline,Maize,Rabi (Oct-Jan),94.58,24.1,58.2,251.2,1773.9,29023.7,14143.7,6539.8,192.96,High,7
AGRI-10621,2024,1,Karur,Red Sandy & Black Clay,Pulses (Blackgram/Greengram),Rainfed (Oct-Nov),94.61,29.7,52.4,35.7,1938.8,2366.7,4781.4,2337.3,113.18,Low,7
AGRI-10622,2021,10,Thanjavur,Cauvery Delta Alluvium,Paddy (Rice),Samba/Thaladi (Aug-Jan),85.22,20.1,86.6,145.1,3531.9,20232.7,10928.5,6731.9,371.03,High,6
AGRI-10623,2025,12,Karur,Red Sandy & Black Clay,Sugarcane,Late (Apr-May),4.04,28.2,88.0,186.0,1423.1,2239.3,690.2,844.9,28.56,High,2
AGRI-10624,2026,5,Nagapattinam,Coastal Alluvium & Saline,Groundnut,Chithirai Pattam (Apr-May),10.27,28.5,58.3,67.3,1318.7,487.9,878.4,740.3,17.06,Normal,4
AGRI-10625,2021,2,Thanjavur,Cauvery Delta Alluvium,Groundnut,Adipattam (Jul-Aug),87.42,26.9,63.3,52.5,10656.9,3664.7,7976.3,6484.7,162.43,Normal,3
AGRI-10626,2023,1,Nagapattinam,Coastal Alluvium & Saline,Pulses (Blackgram/Greengram),Rice Fallow (Jan-Feb),37.59,26.2,73.7,44.6,740.2,902.1,1969.6,901.1,47.77,Normal,2
AGRI-10627,2023,11,Pudukkottai,Red Laterite & Gravelly,Groundnut,Adipattam (Jul-Aug),50.88,35.3,57.2,196.8,6194.7,2673.3,5526.1,3759.1,90.14,High,7
AGRI-10628,2026,9,Karur,Red Sandy & Black Clay,Sugarcane,Mid (Feb-Mar),53.52,34.0,71.6,103.3,18422.5,29587.9,9247.9,10861.0,228.49,High,5
AGRI-10629,2026,10,Pudukkottai,Red Laterite & Gravelly,Cotton,Summer Irrigated (Feb-Jul),85.87,28.8,65.1,170.8,258.3,15492.0,9245.7,5291.7,321.48,High,3
AGRI-10630,2021,8,Madurai,Clayey Red Loam,Groundnut,Chithirai Pattam (Apr-May),77.35,28.4,68.3,16.0,9501.8,3432.0,6848.6,5927.6,127.03,Low,3
AGRI-10631,2023,10,Thanjavur,Cauvery Delta Alluvium,Maize,Rabi (Oct-Jan),39.57,21.2,88.7,148.5,745.3,12235.8,5802.9,3071.2,143.74,High,5
AGRI-10632,2021,11,Perambalur,Black Cotton Soil,Sugarcane,Mid (Feb-Mar),16.14,35.3,53.4,143.5,5468.9,8074.4,2835.6,3379.2,67.38,High,5
AGRI-10633,2024,9,Tiruvarur,Deltaic Alluvium,Cotton,Winter Irrigated (Aug-Feb),66.03,36.0,79.7,223.3,192.5,12689.6,6583.7,4446.4,440.27,High,7
AGRI-10634,2025,2,Perambalur,Black Cotton Soil,Groundnut,Adipattam (Jul-Aug),34.59,26.5,65.2,43.1,4384.0,1540.6,2981.5,2476.2,59.39,Normal,2
AGRI-10635,2023,7,Karur,Red Sandy & Black Clay,Maize,Kharif (Jun-Sep),63.0,26.4,66.2,66.5,1105.3,16259.5,8463.7,4676.5,122.92,Low,7
AGRI-10636,2021,3,Thanjavur,Cauvery Delta Alluvium,Pulses (Blackgram/Greengram),Rainfed (Oct-Nov),32.01,28.7,69.1,32.2,637.7,836.8,1569.0,767.3,42.43,Normal,6
AGRI-10637,2025,6,Pudukkottai,Red Laterite & Gravelly,Maize,Rabi (Oct-Jan),12.83,23.7,81.9,53.0,232.4,3278.6,1730.0,948.0,27.33,Normal,2
AGRI-10638,2021,10,Madurai,Clayey Red Loam,Maize,Rabi (Oct-Jan),65.99,24.8,62.4,183.9,1159.4,18659.7,9389.5,4794.3,145.83,High,6
AGRI-10639,2025,12,Thanjavur,Cauvery Delta Alluvium,Cotton,Winter Irrigated (Aug-Feb),39.15,25.8,55.3,142.2,122.2,7072.6,4035.0,2576.8,165.04,High,7
AGRI-10640,2023,6,Madurai,Clayey Red Loam,Paddy (Rice),Kuruvai (Jun-Sep),6.04,30.4,84.1,6.9,247.7,1303.1,673.5,495.6,17.76,High,3
AGRI-10641,2024,2,Karur,Red Sandy & Black Clay,Pulses (Blackgram/Greengram),Rice Fallow (Jan-Feb),75.91,29.5,83.3,41.3,1535.8,1826.2,3960.8,1824.2,101.77,Normal,3
AGRI-10642,2022,11,Tiruchirappalli,Alluvial Clay & Red Loam,Groundnut,Adipattam (Jul-Aug),28.85,33.9,61.5,140.8,3668.1,1410.2,2903.8,2220.8,46.53,High,6
AGRI-10643,2025,7,Karur,Red Sandy & Black Clay,Pulses (Blackgram/Greengram),Rainfed (Oct-Nov),61.22,26.3,89.1,0.8,1213.6,1525.4,3049.4,1578.5,73.87,Normal,7
AGRI-10644,2021,11,Perambalur,Black Cotton Soil,Cotton,Summer Irrigated (Feb-Jul),81.34,30.6,58.7,190.6,240.7,14626.8,8565.6,4887.6,322.78,High,3
AGRI-10645,2024,1,Pudukkottai,Red Laterite & Gravelly,Groundnut,Adipattam (Jul-Aug),72.0,23.9,91.6,29.4,8946.5,3474.3,6236.0,5288.6,115.85,Low,2
AGRI-10646,2026,7,Karur,Red Sandy & Black Clay,Sugarcane,Early (Dec-Jan),53.38,30.9,87.8,0.0,18995.5,24732.9,8156.6,10835.8,235.93,Low,6
AGRI-10647,2024,8,Perambalur,Black Cotton Soil,Sugarcane,Mid (Feb-Mar),28.98,35.7,50.1,102.7,10336.3,15484.6,4798.2,5836.7,122.18,High,5
AGRI-10648,2021,10,Perambalur,Black Cotton Soil,Sugarcane,Late (Apr-May),23.24,33.3,53.4,162.8,7825.4,12284.9,3875.2,4712.3,103.76,High,4
AGRI-10649,2025,9,Tiruchirappalli,Alluvial Clay & Red Loam,Pulses (Blackgram/Greengram),Rainfed (Oct-Nov),82.37,30.5,65.5,168.0,1720.5,2529.7,4652.3,1985.0,115.19,High,3
AGRI-10650,2026,10,Madurai,Clayey Red Loam,Maize,Kharif (Jun-Sep),43.54,25.1,69.4,184.9,811.5,13279.0,6775.4,3124.2,97.97,High,2
AGRI-10651,2026,11,Tiruchirappalli,Alluvial Clay & Red Loam,Pulses (Blackgram/Greengram),Rice Fallow (Jan-Feb),40.09,28.2,66.2,184.0,821.4,1176.8,2417.9,1029.5,50.93,High,7
AGRI-10652,2026,1,Tiruchirappalli,Alluvial Clay & Red Loam,Cotton,Summer Irrigated (Feb-Jul),36.11,32.7,77.3,37.0,105.4,5600.7,3355.6,2424.7,127.71,Normal,3
AGRI-10653,2022,4,Perambalur,Black Cotton Soil,Pulses (Blackgram/Greengram),Rainfed (Oct-Nov),76.09,26.1,77.0,42.5,1496.5,1853.4,3783.5,1974.7,102.24,Normal,6
AGRI-10654,2025,5,Tiruchirappalli,Alluvial Clay & Red Loam,Sugarcane,Early (Dec-Jan),4.9,37.2,80.0,11.3,1734.0,2151.4,750.7,1000.6,19.45,Normal,7
AGRI-10655,2024,5,Tiruvarur,Deltaic Alluvium,Groundnut,Adipattam (Jul-Aug),61.4,26.2,60.9,94.8,8056.1,3148.5,6430.2,4354.3,101.85,Low,3
AGRI-10656,2024,8,Pudukkottai,Red Laterite & Gravelly,Groundnut,Adipattam (Jul-Aug),62.47,33.3,70.3,25.4,7541.9,2709.2,5457.2,4415.9,109.8,Normal,7
AGRI-10657,2024,10,Nagapattinam,Coastal Alluvium & Saline,Cotton,Summer Irrigated (Feb-Jul),86.92,30.2,58.5,257.4,252.6,15664.3,8606.9,5666.7,338.34,High,7
AGRI-10658,2025,9,Thanjavur,Cauvery Delta Alluvium,Paddy (Rice),Samba/Thaladi (Aug-Jan),25.44,22.4,79.0,180.9,1040.1,6426.1,3070.2,2187.0,122.78,High,2
AGRI-10659,2022,9,Nagapattinam,Coastal Alluvium & Saline,Pulses (Blackgram/Greengram),Rice Fallow (Jan-Feb),30.51,25.7,82.0,244.6,634.2,822.5,1805.2,710.1,62.11,High,5
AGRI-10660,2021,9,Thanjavur,Cauvery Delta Alluvium,Maize,Kharif (Jun-Sep),57.02,27.8,50.4,140.6,1051.8,16334.2,8646.1,4312.2,125.98,High,5
AGRI-10661,2025,5,Tiruchirappalli,Alluvial Clay & Red Loam,Cotton,Summer Irrigated (Feb-Jul),48.07,26.1,71.6,68.1,149.7,7440.1,4229.1,3137.6,177.97,Normal,5
AGRI-10662,2023,9,Tiruvarur,Deltaic Alluvium,Maize,Kharif (Jun-Sep),46.02,26.4,88.9,204.1,835.4,12667.1,7071.8,3570.3,147.07,High,6
AGRI-10663,2021,11,Karur,Red Sandy & Black Clay,Cotton,Summer Irrigated (Feb-Jul),30.26,31.5,56.5,124.8,95.0,5997.5,3180.0,2042.3,124.03,High,4
AGRI-10664,2023,6,Nagapattinam,Coastal Alluvium & Saline,Cotton,Summer Irrigated (Feb-Jul),15.91,28.5,81.3,63.2,47.5,2526.7,1469.4,1014.1,67.74,Low,4
AGRI-10665,2021,12,Tiruvarur,Deltaic Alluvium,Maize,Rabi (Oct-Jan),21.2,28.3,85.0,175.2,379.5,6178.6,3245.2,1653.0,74.12,High,5
AGRI-10666,2022,3,Karur,Red Sandy & Black Clay,Paddy (Rice),Kuruvai (Jun-Sep),32.61,27.6,69.7,54.4,1358.9,7196.1,3508.2,2802.4,95.32,High,2
AGRI-10667,2023,9,Tiruchirappalli,Alluvial Clay & Red Loam,Pulses (Blackgram/Greengram),Rainfed (Oct-Nov),36.67,23.3,67.4,130.9,723.8,1012.1,2021.7,877.1,47.97,High,7
AGRI-10668,2023,12,Karur,Red Sandy & Black Clay,Groundnut,Thai Pattam (Dec-Jan),4.52,30.8,83.0,132.4,585.8,249.3,465.3,356.9,11.48,High,5
AGRI-10669,2023,4,Nagapattinam,Coastal Alluvium & Saline,Maize,Rabi (Oct-Jan),65.18,28.6,81.4,60.7,1177.7,15271.7,8497.5,5166.9,140.27,Low,2
AGRI-10670,2023,9,Perambalur,Black Cotton Soil,Paddy (Rice),Navarai (Dec-Mar),48.01,29.2,80.8,183.4,1981.6,12838.2,5822.9,4319.1,234.61,High,3
AGRI-10671,2023,8,Thanjavur,Cauvery Delta Alluvium,Pulses (Blackgram/Greengram),Rainfed (Oct-Nov),44.24,29.0,77.2,32.5,904.6,1164.7,2197.0,1021.1,57.9,Low,2
AGRI-10672,2022,6,Perambalur,Black Cotton Soil,Paddy (Rice),Kuruvai (Jun-Sep),42.01,26.1,78.3,29.3,1713.8,9662.6,4655.5,3475.1,136.69,High,6
AGRI-10673,2022,5,Tiruvarur,Deltaic Alluvium,Sugarcane,Early (Dec-Jan),19.3,37.3,63.8,47.2,6611.7,8471.7,2873.1,3708.2,90.72,Normal,3
AGRI-10674,2021,7,Tiruchirappalli,Alluvial Clay & Red Loam,Sugarcane,Mid (Feb-Mar),4.85,31.5,82.4,44.9,1777.7,2195.6,733.2,967.6,19.29,Normal,3
AGRI-10675,2026,6,Madurai,Clayey Red Loam,Pulses (Blackgram/Greengram),Rainfed (Oct-Nov),40.9,26.1,71.3,40.1,854.8,953.4,2020.5,1005.1,57.96,Normal,2
AGRI-10676,2024,11,Pudukkottai,Red Laterite & Gravelly,Cotton,Winter Irrigated (Aug-Feb),30.31,31.4,69.8,177.0,92.6,5457.1,3024.4,1886.1,118.74,High,3
AGRI-10677,2024,1,Tiruvarur,Deltaic Alluvium,Sugarcane,Late (Apr-May),8.16,33.5,67.4,39.7,2982.4,3946.6,1253.6,1699.8,32.6,Normal,2
AGRI-10678,2023,7,Tiruchirappalli,Alluvial Clay & Red Loam,Maize,Kharif (Jun-Sep),60.34,30.3,63.5,58.7,1129.6,14106.5,8136.0,4783.6,116.71,Low,5
AGRI-10679,2021,6,Tiruvarur,Deltaic Alluvium,Sugarcane,Early (Dec-Jan),85.49,27.6,91.3,90.5,29086.6,45147.6,14948.8,16528.9,578.95,Normal,4
AGRI-10680,2025,11,Pudukkottai,Red Laterite & Gravelly,Pulses (Blackgram/Greengram),Rainfed (Oct-Nov),68.76,27.5,85.8,133.6,1336.3,2117.9,3845.2,1602.7,128.22,High,5
AGRI-10681,2022,4,Karur,Red Sandy & Black Clay,Groundnut,Chithirai Pattam (Apr-May),25.69,31.0,79.8,28.5,3232.2,1246.4,2258.2,2032.6,42.46,Low,4
AGRI-10682,2021,12,Tiruvarur,Deltaic Alluvium,Groundnut,Thai Pattam (Dec-Jan),86.31,28.3,58.3,194.9,10390.3,4686.4,8631.0,6268.6,150.52,High,5
AGRI-10683,2025,7,Pudukkottai,Red Laterite & Gravelly,Sugarcane,Late (Apr-May),44.32,27.5,72.9,18.3,15964.4,21311.8,6539.8,9341.6,180.1,Low,5
AGRI-10684,2026,6,Madurai,Clayey Red Loam,Pulses (Blackgram/Greengram),Rice Fallow (Jan-Feb),73.1,21.5,67.9,58.1,1497.3,1734.2,3599.3,1805.4,95.23,Low,2
AGRI-10685,2022,11,Tiruvarur,Deltaic Alluvium,Maize,Kharif (Jun-Sep),23.02,24.8,56.4,243.3,427.6,6515.0,3348.7,1833.7,49.74,High,4
AGRI-10686,2022,11,Tiruvarur,Deltaic Alluvium,Paddy (Rice),Navarai (Dec-Mar),61.17,32.5,81.5,244.0,2410.2,16619.0,8085.4,5014.7,317.41,High,5
AGRI-10687,2022,12,Madurai,Clayey Red Loam,Maize,Rabi (Oct-Jan),89.28,27.5,88.8,121.9,1563.6,27037.8,13700.5,6970.9,334.22,High,3
AGRI-10688,2024,7,Perambalur,Black Cotton Soil,Sugarcane,Late (Apr-May),57.21,29.7,59.5,27.6,20278.5,26538.7,8329.1,10771.1,233.56,Normal,4
AGRI-10689,2025,2,Thanjavur,Cauvery Delta Alluvium,Groundnut,Adipattam (Jul-Aug),73.88,29.8,68.4,77.1,9372.6,3168.5,6902.0,5724.6,132.93,Normal,4
AGRI-10690,2026,8,Perambalur,Black Cotton Soil,Cotton,Winter Irrigated (Aug-Feb),41.9,23.1,86.4,42.2,126.6,6323.8,3858.4,2897.7,174.74,Low,3
AGRI-10691,2024,1,Madurai,Clayey Red Loam,Pulses (Blackgram/Greengram),Rainfed (Oct-Nov),61.52,31.0,80.4,29.2,1237.4,1527.2,3179.4,1641.8,72.03,Low,2
AGRI-10692,2024,4,Madurai,Clayey Red Loam,Sugarcane,Late (Apr-May),57.18,33.1,82.8,62.4,20720.8,25380.4,8593.3,12108.3,239.17,Normal,6
AGRI-10693,2021,4,Thanjavur,Cauvery Delta Alluvium,Groundnut,Chithirai Pattam (Apr-May),35.86,28.2,81.3,16.1,4647.0,1639.5,3234.7,2853.6,65.77,Low,7
AGRI-10694,2022,10,Perambalur,Black Cotton Soil,Pulses (Blackgram/Greengram),Rice Fallow (Jan-Feb),19.22,29.2,62.3,153.8,384.8,587.7,1089.5,491.3,23.95,High,3
AGRI-10695,2023,8,Karur,Red Sandy & Black Clay,Maize,Kharif (Jun-Sep),67.17,30.5,56.7,50.9,1231.2,17482.8,8953.3,5224.9,133.87,Normal,5
AGRI-10696,2023,5,Pudukkottai,Red Laterite & Gravelly,Cotton,Winter Irrigated (Aug-Feb),11.87,33.7,63.1,40.9,35.4,1841.7,1090.5,750.4,48.91,Normal,4
AGRI-10697,2021,4,Tiruvarur,Deltaic Alluvium,Cotton,Winter Irrigated (Aug-Feb),56.32,31.5,72.6,43.1,165.2,8502.8,5118.5,3849.5,213.06,Normal,4
AGRI-10698,2024,3,Pudukkottai,Red Laterite & Gravelly,Groundnut,Adipattam (Jul-Aug),87.72,26.1,53.5,0.0,11185.1,3833.2,7890.5,6875.0,166.47,Normal,3
AGRI-10699,2022,1,Madurai,Clayey Red Loam,Pulses (Blackgram/Greengram),Rice Fallow (Jan-Feb),29.95,27.8,73.4,14.0,596.6,761.0,1557.8,732.3,36.56,Normal,4
AGRI-10700,2022,6,Perambalur,Black Cotton Soil,Cotton,Summer Irrigated (Feb-Jul),52.48,23.8,79.5,73.1,152.5,8964.6,4952.5,3500.8,324.48,Low,2
AGRI-10701,2026,12,Nagapattinam,Coastal Alluvium & Saline,Pulses (Blackgram/Greengram),Rainfed (Oct-Nov),62.16,27.5,52.2,255.8,1242.3,1917.5,3456.7,1560.2,81.08,High,2
AGRI-10702,2021,11,Pudukkottai,Red Laterite & Gravelly,Maize,Kharif (Jun-Sep),35.28,30.8,60.6,157.7,653.3,9635.9,5219.6,2697.0,72.58,High,7
AGRI-10703,2025,9,Karur,Red Sandy & Black Clay,Cotton,Winter Irrigated (Aug-Feb),90.03,25.4,78.6,135.5,268.0,15703.3,9762.9,5922.6,555.98,High,7
AGRI-10704,2022,10,Tiruvarur,Deltaic Alluvium,Pulses (Blackgram/Greengram),Rice Fallow (Jan-Feb),74.07,30.1,54.0,197.0,1513.5,2237.6,4208.5,1835.4,102.6,High,3
AGRI-10705,2022,12,Thanjavur,Cauvery Delta Alluvium,Cotton,Summer Irrigated (Feb-Jul),42.31,28.4,60.9,152.5,129.2,7335.3,4357.9,2568.9,154.83,High,6
AGRI-10706,2026,6,Tiruchirappalli,Alluvial Clay & Red Loam,Groundnut,Chithirai Pattam (Apr-May),11.33,24.7,62.9,70.3,1407.4,479.5,986.3,862.9,19.45,Normal,6
AGRI-10707,2022,10,Pudukkottai,Red Laterite & Gravelly,Paddy (Rice),Navarai (Dec-Mar),37.11,24.5,85.5,174.0,1533.8,9358.5,4751.7,3344.5,192.07,High,2
AGRI-10708,2023,11,Karur,Red Sandy & Black Clay,Cotton,Winter Irrigated (Aug-Feb),19.19,31.1,70.9,159.8,57.3,3521.0,1910.0,1251.3,71.53,High,4
AGRI-10709,2022,7,Tiruvarur,Deltaic Alluvium,Sugarcane,Mid (Feb-Mar),6.35,31.2,77.7,84.2,2303.2,3100.9,1112.3,1342.1,43.89,Low,7
AGRI-10710,2022,5,Perambalur,Black Cotton Soil,Groundnut,Thai Pattam (Dec-Jan),32.13,28.6,89.7,37.4,3885.4,1349.8,2777.3,2419.8,56.48,Normal,4
AGRI-10711,2025,1,Karur,Red Sandy & Black Clay,Pulses (Blackgram/Greengram),Rice Fallow (Jan-Feb),19.9,31.5,57.3,24.1,383.1,534.8,983.5,484.0,25.84,Normal,7
AGRI-10712,2026,12,Tiruvarur,Deltaic Alluvium,Groundnut,Adipattam (Jul-Aug),6.64,25.8,57.8,193.3,850.1,345.1,692.1,504.0,10.27,High,5
AGRI-10713,2023,1,Nagapattinam,Coastal Alluvium & Saline,Pulses (Blackgram/Greengram),Rice Fallow (Jan-Feb),86.16,26.8,66.4,62.0,1747.1,2204.1,4203.8,2279.6,115.31,Low,7
AGRI-10714,2026,5,Karur,Red Sandy & Black Clay,Sugarcane,Late (Apr-May),40.35,27.3,58.0,48.5,13570.9,18772.6,5775.2,8353.0,159.2,Normal,7
AGRI-10715,2021,3,Thanjavur,Cauvery Delta Alluvium,Pulses (Blackgram/Greengram),Rice Fallow (Jan-Feb),85.96,27.9,63.7,72.6,1755.8,2298.6,4254.2,2149.9,105.5,Normal,6
AGRI-10716,2022,2,Thanjavur,Cauvery Delta Alluvium,Paddy (Rice),Samba/Thaladi (Aug-Jan),53.81,28.0,91.8,45.5,2110.6,12488.9,5732.3,4731.1,172.48,High,3
AGRI-10717,2024,12,Perambalur,Black Cotton Soil,Groundnut,Adipattam (Jul-Aug),15.71,29.6,89.2,171.8,1922.4,794.9,1637.2,1251.6,41.36,High,4
AGRI-10718,2022,11,Tiruvarur,Deltaic Alluvium,Cotton,Summer Irrigated (Feb-Jul),7.72,30.0,76.3,185.6,22.3,1414.9,826.5,506.9,45.18,High,3
AGRI-10719,2021,2,Tiruvarur,Deltaic Alluvium,Groundnut,Adipattam (Jul-Aug),65.84,27.8,76.0,51.0,7977.7,2859.2,5855.2,4959.8,120.77,Normal,6
AGRI-10720,2025,9,Nagapattinam,Coastal Alluvium & Saline,Pulses (Blackgram/Greengram),Rice Fallow (Jan-Feb),9.34,38.0,89.4,254.3,189.7,267.8,550.4,238.7,19.57,High,4
AGRI-10721,2024,9,Madurai,Clayey Red Loam,Maize,Kharif (Jun-Sep),83.85,24.7,80.7,186.5,1483.9,22999.1,12836.4,6192.9,273.36,High,2
AGRI-10722,2024,3,Madurai,Clayey Red Loam,Maize,Kharif (Jun-Sep),80.21,26.2,80.8,38.1,1433.3,19629.4,10321.9,6187.2,161.12,Low,3
AGRI-10723,2026,11,Nagapattinam,Coastal Alluvium & Saline,Groundnut,Chithirai Pattam (Apr-May),75.03,27.5,86.2,265.7,9262.6,3839.8,7742.5,5635.3,202.48,High,6
AGRI-10724,2022,6,Perambalur,Black Cotton Soil,Paddy (Rice),Kuruvai (Jun-Sep),53.53,24.7,71.7,18.4,2189.3,11634.1,5986.6,4372.6,169.46,High,6
AGRI-10725,2025,4,Tiruvarur,Deltaic Alluvium,Pulses (Blackgram/Greengram),Rainfed (Oct-Nov),16.44,26.5,81.0,79.4,333.7,429.3,824.5,416.8,30.22,Normal,2
AGRI-10726,2021,6,Thanjavur,Cauvery Delta Alluvium,Paddy (Rice),Kuruvai (Jun-Sep),81.37,25.9,58.9,69.9,3391.0,18215.0,9244.5,6856.0,255.34,High,4
AGRI-10727,2022,3,Karur,Red Sandy & Black Clay,Paddy (Rice),Navarai (Dec-Mar),17.6,26.8,76.4,44.4,729.6,3745.8,1861.1,1588.5,57.6,Normal,2
AGRI-10728,2024,8,Tiruvarur,Deltaic Alluvium,Maize,Rabi (Oct-Jan),18.27,27.6,87.5,82.5,344.9,5583.4,2613.6,1288.4,59.57,Normal,5
AGRI-10729,2026,6,Thanjavur,Cauvery Delta Alluvium,Pulses (Blackgram/Greengram),Rice Fallow (Jan-Feb),29.54,36.2,64.9,88.0,600.2,865.0,1782.1,719.9,35.99,Normal,6
AGRI-10730,2022,1,Tiruchirappalli,Alluvial Clay & Red Loam,Maize,Rabi (Oct-Jan),62.57,28.6,91.8,30.9,1182.1,16088.4,8263.8,4551.7,120.58,Normal,6
AGRI-10731,2022,8,Tiruchirappalli,Alluvial Clay & Red Loam,Cotton,Summer Irrigated (Feb-Jul),37.65,31.8,83.7,34.4,118.0,6252.1,3406.2,2430.9,138.06,Low,5
AGRI-10732,2025,2,Thanjavur,Cauvery Delta Alluvium,Pulses (Blackgram/Greengram),Rainfed (Oct-Nov),4.63,26.1,52.7,51.0,89.6,109.0,236.7,119.3,5.76,Normal,6
AGRI-10733,2024,11,Tiruvarur,Deltaic Alluvium,Groundnut,Thai Pattam (Dec-Jan),83.29,30.9,55.1,221.8,10693.9,4061.0,8268.5,6638.5,127.55,High,7
AGRI-10734,2026,2,Nagapattinam,Coastal Alluvium & Saline,Sugarcane,Early (Dec-Jan),38.29,32.9,84.3,84.7,13717.3,19822.6,6758.0,7725.2,281.56,Normal,5
AGRI-10735,2022,5,Tiruchirappalli,Alluvial Clay & Red Loam,Paddy (Rice),Kuruvai (Jun-Sep),15.81,37.2,79.4,49.9,617.8,3402.4,1824.7,1269.1,48.91,High,6
AGRI-10736,2025,11,Karur,Red Sandy & Black Clay,Groundnut,Adipattam (Jul-Aug),28.9,26.5,80.9,123.0,3782.8,1447.3,3067.2,2015.1,71.3,High,4
AGRI-10737,2021,11,Tiruchirappalli,Alluvial Clay & Red Loam,Groundnut,Adipattam (Jul-Aug),73.21,30.6,74.7,176.5,9346.1,3908.8,7248.3,5267.6,135.0,High,5
AGRI-10738,2023,8,Pudukkottai,Red Laterite & Gravelly,Pulses (Blackgram/Greengram),Rainfed (Oct-Nov),30.27,27.9,81.3,26.9,618.8,750.3,1571.0,733.0,41.5,Normal,5
AGRI-10739,2022,12,Madurai,Clayey Red Loam,Maize,Kharif (Jun-Sep),71.93,26.5,55.9,163.4,1244.6,21687.1,10927.5,5103.0,157.5,High,3
AGRI-10740,2024,8,Nagapattinam,Coastal Alluvium & Saline,Paddy (Rice),Kuruvai (Jun-Sep),16.37,27.0,66.5,69.7,657.3,3740.3,1788.6,1477.9,45.54,High,7
AGRI-10741,2021,6,Tiruchirappalli,Alluvial Clay & Red Loam,Cotton,Winter Irrigated (Aug-Feb),67.81,30.8,71.8,40.2,204.3,11647.4,6183.2,4278.9,251.16,Normal,6
AGRI-10742,2025,5,Thanjavur,Cauvery Delta Alluvium,Groundnut,Chithirai Pattam (Apr-May),34.05,26.6,55.4,52.3,4092.8,1510.0,2986.7,2711.3,60.86,Low,4
AGRI-10743,2025,6,Madurai,Clayey Red Loam,Cotton,Summer Irrigated (Feb-Jul),67.1,34.0,88.3,64.8,208.0,10385.6,6077.2,4595.2,248.69,Normal,2
AGRI-10744,2021,9,Tiruvarur,Deltaic Alluvium,Groundnut,Adipattam (Jul-Aug),47.91,34.6,90.2,192.6,6168.2,2600.1,4847.7,3382.9,140.55,High,2
AGRI-10745,2026,1,Madurai,Clayey Red Loam,Sugarcane,Early (Dec-Jan),32.77,35.8,56.1,27.7,12027.8,15052.0,4933.3,6839.9,145.13,Low,6
AGRI-10746,2026,4,Thanjavur,Cauvery Delta Alluvium,Cotton,Winter Irrigated (Aug-Feb),50.92,30.0,65.8,105.4,150.7,9000.5,5162.8,3059.3,202.89,High,5
AGRI-10747,2022,8,Thanjavur,Cauvery Delta Alluvium,Cotton,Summer Irrigated (Feb-Jul),60.39,30.8,81.9,23.8,178.4,10009.7,5409.7,3707.2,214.42,Normal,2
AGRI-10748,2023,3,Tiruchirappalli,Alluvial Clay & Red Loam,Cotton,Summer Irrigated (Feb-Jul),31.66,32.9,76.4,50.9,94.0,5346.3,2716.8,1980.6,124.06,Normal,6
AGRI-10749,2024,2,Tiruchirappalli,Alluvial Clay & Red Loam,Pulses (Blackgram/Greengram),Rice Fallow (Jan-Feb),88.24,20.9,53.9,31.2,1707.1,2165.3,4222.1,2162.1,102.79,Low,5
AGRI-10750,2025,2,Perambalur,Black Cotton Soil,Pulses (Blackgram/Greengram),Rice Fallow (Jan-Feb),77.83,27.7,88.3,29.5,1584.7,1972.3,3717.3,2036.1,94.23,Normal,2
AGRI-10751,2022,9,Nagapattinam,Coastal Alluvium & Saline,Sugarcane,Early (Dec-Jan),32.05,30.2,66.6,246.3,10792.5,17203.1,5481.6,5962.5,128.59,High,2
AGRI-10752,2024,1,Nagapattinam,Coastal Alluvium & Saline,Sugarcane,Late (Apr-May),34.82,32.3,66.7,81.5,11990.9,17769.7,5939.4,7278.9,157.74,Normal,4
AGRI-10753,2024,2,Nagapattinam,Coastal Alluvium & Saline,Cotton,Summer Irrigated (Feb-Jul),62.67,29.5,90.6,99.0,184.0,10919.0,6413.3,3812.9,420.8,Normal,3
AGRI-10754,2025,5,Karur,Red Sandy & Black Clay,Pulses (Blackgram/Greengram),Rice Fallow (Jan-Feb),35.89,31.5,60.6,33.2,703.1,858.8,1764.7,892.7,48.43,Normal,7
AGRI-10755,2024,8,Madurai,Clayey Red Loam,Maize,Kharif (Jun-Sep),54.38,29.9,75.9,77.8,1023.1,14540.2,6930.4,3985.6,188.12,Normal,3
AGRI-10756,2026,4,Tiruchirappalli,Alluvial Clay & Red Loam,Cotton,Winter Irrigated (Aug-Feb),92.31,32.3,61.8,49.9,266.7,14001.8,8010.3,5931.4,390.19,Normal,3
AGRI-10757,2021,2,Tiruchirappalli,Alluvial Clay & Red Loam,Maize,Kharif (Jun-Sep),10.46,28.1,61.3,57.2,193.1,2492.1,1300.7,801.5,20.15,Normal,5
AGRI-10758,2021,10,Madurai,Clayey Red Loam,Maize,Kharif (Jun-Sep),85.51,28.6,61.2,110.9,1589.9,26535.5,12201.0,6442.0,197.8,High,6
AGRI-10759,2026,1,Madurai,Clayey Red Loam,Sugarcane,Late (Apr-May),29.0,28.1,84.5,45.1,10567.8,13558.0,4367.7,5615.0,128.26,Normal,5
AGRI-10760,2023,5,Perambalur,Black Cotton Soil,Cotton,Summer Irrigated (Feb-Jul),16.16,39.4,78.4,19.2,47.1,2763.3,1475.6,1037.4,62.96,Normal,7
AGRI-10761,2025,6,Tiruchirappalli,Alluvial Clay & Red Loam,Cotton,Winter Irrigated (Aug-Feb),52.47,32.4,83.5,0.0,152.3,8335.1,4539.0,3394.2,182.48,Low,2
AGRI-10762,2026,4,Tiruchirappalli,Alluvial Clay & Red Loam,Cotton,Winter Irrigated (Aug-Feb),65.77,33.4,63.7,63.5,206.1,10612.3,6108.3,4073.5,245.85,Low,5
AGRI-10763,2026,8,Thanjavur,Cauvery Delta Alluvium,Sugarcane,Late (Apr-May),16.9,36.7,80.1,72.5,6165.9,7865.4,2486.0,3492.8,110.27,Low,3
AGRI-10764,2021,1,Thanjavur,Cauvery Delta Alluvium,Sugarcane,Early (Dec-Jan),29.86,33.2,69.0,53.4,10385.6,13108.7,4532.4,6318.0,131.95,Normal,6
AGRI-10765,2023,6,Madurai,Clayey Red Loam,Paddy (Rice),Samba/Thaladi (Aug-Jan),5.37,36.7,66.1,43.9,219.5,1208.6,581.9,486.4,16.1,High,2
AGRI-10766,2021,8,Perambalur,Black Cotton Soil,Paddy (Rice),Samba/Thaladi (Aug-Jan),25.82,24.8,84.9,49.2,1026.8,5570.2,2869.6,2173.6,74.59,High,6
AGRI-10767,2024,2,Madurai,Clayey Red Loam,Sugarcane,Late (Apr-May),3.45,31.3,69.5,55.8,1259.7,1596.1,494.1,695.4,15.45,Normal,5
AGRI-10768,2021,5,Madurai,Clayey Red Loam,Cotton,Winter Irrigated (Aug-Feb),58.1,28.6,90.7,7.0,171.2,9185.3,5356.9,3844.8,208.64,Normal,5
AGRI-10769,2023,11,Karur,Red Sandy & Black Clay,Sugarcane,Early (Dec-Jan),56.48,31.9,84.0,102.6,20718.7,29835.8,9278.7,11233.0,409.74,High,5
AGRI-10770,2026,9,Tiruchirappalli,Alluvial Clay & Red Loam,Pulses (Blackgram/Greengram),Rainfed (Oct-Nov),12.34,27.8,73.4,144.9,242.8,380.4,699.4,302.4,17.34,High,3
AGRI-10771,2021,10,Thanjavur,Cauvery Delta Alluvium,Paddy (Rice),Kuruvai (Jun-Sep),19.78,22.6,72.9,177.0,828.7,5146.7,2522.7,1576.0,53.48,High,3
AGRI-10772,2026,12,Tiruvarur,Deltaic Alluvium,Cotton,Winter Irrigated (Aug-Feb),38.64,28.4,50.5,212.3,116.8,6935.6,4123.8,2431.1,140.94,High,5
AGRI-10773,2024,8,Nagapattinam,Coastal Alluvium & Saline,Sugarcane,Late (Apr-May),46.78,28.1,76.6,76.1,15933.4,19978.3,7023.9,9816.1,288.91,Normal,6
AGRI-10774,2024,11,Tiruvarur,Deltaic Alluvium,Sugarcane,Late (Apr-May),35.96,29.8,52.5,188.2,12966.8,17383.9,6309.6,7620.8,150.69,High,6
AGRI-10775,2024,10,Nagapattinam,Coastal Alluvium & Saline,Pulses (Blackgram/Greengram),Rice Fallow (Jan-Feb),90.32,28.1,86.6,253.3,1818.9,2608.6,4972.7,2280.5,181.4,High,6
AGRI-10776,2026,1,Thanjavur,Cauvery Delta Alluvium,Pulses (Blackgram/Greengram),Rice Fallow (Jan-Feb),36.68,26.8,83.9,72.7,739.6,897.8,1798.8,974.1,75.21,Low,5
AGRI-10777,2021,12,Tiruvarur,Deltaic Alluvium,Maize,Rabi (Oct-Jan),47.79,25.0,76.5,196.3,846.8,13373.4,7154.3,3465.8,177.3,High,3
AGRI-10778,2022,6,Nagapattinam,Coastal Alluvium & Saline,Cotton,Summer Irrigated (Feb-Jul),50.38,29.3,67.8,96.5,157.2,8814.7,5355.1,3157.6,202.56,Low,4
AGRI-10779,2025,9,Pudukkottai,Red Laterite & Gravelly,Sugarcane,Mid (Feb-Mar),18.54,33.0,83.2,167.7,6607.6,9638.0,3116.8,3680.8,120.08,High,6
AGRI-10780,2022,5,Madurai,Clayey Red Loam,Groundnut,Adipattam (Jul-Aug),58.55,29.7,73.8,49.8,7280.8,2497.5,5101.5,4278.0,107.13,Normal,2
AGRI-10781,2025,9,Thanjavur,Cauvery Delta Alluvium,Cotton,Winter Irrigated (Aug-Feb),27.33,31.4,87.4,175.2,81.2,5147.7,2765.6,1748.9,157.85,High,6
AGRI-10782,2022,3,Karur,Red Sandy & Black Clay,Groundnut,Adipattam (Jul-Aug),4.62,31.1,57.2,64.9,582.6,193.9,401.7,348.5,8.13,Normal,4
AGRI-10783,2024,4,Thanjavur,Cauvery Delta Alluvium,Paddy (Rice),Kuruvai (Jun-Sep),24.89,34.1,88.5,60.0,1032.9,5790.3,2723.2,2020.1,80.45,High,5
AGRI-10784,2026,7,Madurai,Clayey Red Loam,Maize,Kharif (Jun-Sep),81.18,29.0,78.3,20.2,1447.8,18937.4,10561.4,5955.7,172.04,Normal,3
AGRI-10785,2025,12,Tiruvarur,Deltaic Alluvium,Pulses (Blackgram/Greengram),Rice Fallow (Jan-Feb),65.7,24.7,59.2,202.2,1346.0,2011.2,3732.2,1727.4,93.09,High,7
AGRI-10786,2024,12,Nagapattinam,Coastal Alluvium & Saline,Pulses (Blackgram/Greengram),Rice Fallow (Jan-Feb),76.51,27.0,66.0,244.3,1594.2,2075.2,4291.5,1825.3,95.66,High,4
AGRI-10787,2022,10,Madurai,Clayey Red Loam,Sugarcane,Early (Dec-Jan),62.16,35.1,85.5,186.3,22375.3,30350.2,11168.5,11609.7,441.8,High,2
AGRI-10788,2023,8,Karur,Red Sandy & Black Clay,Paddy (Rice),Navarai (Dec-Mar),16.29,24.2,86.6,9.7,635.3,3368.8,1858.5,1402.8,49.72,Normal,7
AGRI-10789,2024,3,Karur,Red Sandy & Black Clay,Groundnut,Adipattam (Jul-Aug),24.35,31.3,79.9,49.1,2956.0,1095.1,2248.7,1878.3,38.65,Normal,3
AGRI-10790,2023,9,Tiruchirappalli,Alluvial Clay & Red Loam,Cotton,Winter Irrigated (Aug-Feb),77.73,30.1,66.5,121.6,241.6,13820.2,8132.7,4926.5,318.81,High,5
AGRI-10791,2026,2,Nagapattinam,Coastal Alluvium & Saline,Maize,Kharif (Jun-Sep),68.49,21.9,51.8,47.6,1237.9,17861.1,8948.5,5285.4,159.45,Low,5
AGRI-10792,2026,12,Pudukkottai,Red Laterite & Gravelly,Groundnut,Thai Pattam (Dec-Jan),39.98,31.3,88.0,143.1,4808.3,2075.3,4241.5,2855.6,115.56,High,3
AGRI-10793,2022,11,Madurai,Clayey Red Loam,Groundnut,Thai Pattam (Dec-Jan),75.92,28.3,87.8,177.2,9451.4,4074.0,7756.8,5413.3,190.37,High,2
AGRI-10794,2021,5,Nagapattinam,Coastal Alluvium & Saline,Sugarcane,Late (Apr-May),37.1,22.1,87.3,17.6,13110.2,15627.8,5832.9,7769.3,144.26,Normal,4
AGRI-10795,2021,2,Karur,Red Sandy & Black Clay,Groundnut,Chithirai Pattam (Apr-May),16.0,30.7,51.0,7.3,1924.3,713.2,1483.0,1186.9,28.2,Normal,4
AGRI-10796,2021,8,Tiruchirappalli,Alluvial Clay & Red Loam,Groundnut,Thai Pattam (Dec-Jan),72.66,28.2,78.0,48.7,9132.8,3530.6,6312.7,5687.7,120.14,Normal,7
AGRI-10797,2022,2,Karur,Red Sandy & Black Clay,Sugarcane,Early (Dec-Jan),59.56,30.3,51.8,28.2,21512.1,28476.5,8868.7,11974.3,282.97,Normal,3
AGRI-10798,2023,12,Thanjavur,Cauvery Delta Alluvium,Sugarcane,Early (Dec-Jan),47.15,27.1,91.2,208.3,15961.2,24374.3,8458.2,9548.1,355.02,High,5
AGRI-10799,2025,12,Karur,Red Sandy & Black Clay,Groundnut,Thai Pattam (Dec-Jan),33.08,31.1,78.0,154.2,4223.6,1799.1,3519.1,2373.8,96.4,High,5
AGRI-10800,2025,5,Madurai,Clayey Red Loam,Cotton,Summer Irrigated (Feb-Jul),48.65,32.3,90.0,0.0,141.5,7411.9,4257.5,3280.9,203.53,Normal,3
AGRI-10801,2025,9,Tiruvarur,Deltaic Alluvium,Paddy (Rice),Navarai (Dec-Mar),36.08,30.5,63.9,199.6,1394.1,8919.1,4741.8,3021.9,115.85,High,3
AGRI-10802,2023,6,Perambalur,Black Cotton Soil,Maize,Kharif (Jun-Sep),13.44,25.8,74.7,16.0,238.5,3432.5,1688.7,951.4,27.76,Normal,5
AGRI-10803,2026,1,Thanjavur,Cauvery Delta Alluvium,Paddy (Rice),Kuruvai (Jun-Sep),16.38,23.9,89.2,88.6,637.9,3886.0,2066.1,1287.7,74.62,High,4
AGRI-10804,2021,3,Pudukkottai,Red Laterite & Gravelly,Pulses (Blackgram/Greengram),Rice Fallow (Jan-Feb),85.09,26.9,74.5,58.1,1659.8,2103.1,4464.5,1991.4,111.8,Low,6
AGRI-10805,2022,2,Thanjavur,Cauvery Delta Alluvium,Groundnut,Adipattam (Jul-Aug),45.27,31.5,82.6,48.3,5546.4,1981.2,4030.9,3296.1,72.02,Normal,5
AGRI-10806,2023,11,Pudukkottai,Red Laterite & Gravelly,Groundnut,Adipattam (Jul-Aug),67.77,25.9,59.9,180.4,8381.4,3388.2,6767.8,4794.5,105.7,High,6
AGRI-10807,2024,3,Thanjavur,Cauvery Delta Alluvium,Sugarcane,Early (Dec-Jan),16.31,34.7,80.2,43.8,5811.2,7863.4,2459.3,3288.6,76.68,Normal,3
AGRI-10808,2024,4,Tiruchirappalli,Alluvial Clay & Red Loam,Cotton,Winter Irrigated (Aug-Feb),34.42,33.0,84.1,0.0,106.4,5834.3,3082.2,2332.1,140.08,Normal,7
AGRI-10809,2022,1,Pudukkottai,Red Laterite & Gravelly,Groundnut,Thai Pattam (Dec-Jan),82.9,26.3,53.9,65.2,9987.2,3547.9,7470.5,6182.1,135.45,Low,3
AGRI-10810,2021,11,Tiruvarur,Deltaic Alluvium,Maize,Kharif (Jun-Sep),35.87,24.6,64.2,163.6,669.7,10741.7,5241.1,2632.7,77.47,High,6
AGRI-10811,2024,12,Nagapattinam,Coastal Alluvium & Saline,Maize,Kharif (Jun-Sep),57.17,26.6,50.8,239.1,1069.8,16695.8,8908.5,4481.6,115.3,High,4
AGRI-10812,2022,11,Karur,Red Sandy & Black Clay,Pulses (Blackgram/Greengram),Rice Fallow (Jan-Feb),86.16,26.0,72.3,115.6,1721.0,2659.9,5104.0,2070.1,118.55,High,6
AGRI-10813,2026,11,Perambalur,Black Cotton Soil,Paddy (Rice),Navarai (Dec-Mar),75.39,32.8,70.9,165.0,3044.9,19969.2,9875.6,6785.2,221.05,High,7
AGRI-10814,2026,4,Pudukkottai,Red Laterite & Gravelly,Sugarcane,Late (Apr-May),3.81,31.4,60.3,40.0,1391.9,1782.5,552.6,734.5,15.49,Normal,3
AGRI-10815,2023,2,Nagapattinam,Coastal Alluvium & Saline,Pulses (Blackgram/Greengram),Rice Fallow (Jan-Feb),73.27,31.2,53.2,50.2,1530.4,1965.5,3504.5,1896.9,99.67,Normal,4
AGRI-10816,2021,9,Thanjavur,Cauvery Delta Alluvium,Maize,Rabi (Oct-Jan),73.35,30.1,55.1,182.3,1277.4,22107.7,10804.9,5381.2,146.77,High,4
AGRI-10817,2021,3,Tiruchirappalli,Alluvial Clay & Red Loam,Groundnut,Chithirai Pattam (Apr-May),15.99,29.4,88.8,46.3,2072.3,754.7,1429.4,1248.5,29.1,Normal,5
AGRI-10818,2026,8,Tiruvarur,Deltaic Alluvium,Sugarcane,Late (Apr-May),74.05,33.6,91.7,23.3,27010.2,33461.0,11408.3,14485.5,327.73,Normal,3
AGRI-10819,2021,10,Tiruchirappalli,Alluvial Clay & Red Loam,Maize,Kharif (Jun-Sep),35.38,28.5,85.2,157.8,618.0,9666.9,5286.3,2837.7,126.54,High,4
AGRI-10820,2026,6,Thanjavur,Cauvery Delta Alluvium,Groundnut,Chithirai Pattam (Apr-May),25.26,29.4,51.6,92.6,3315.2,1270.7,2705.8,2021.8,47.86,Normal,4
AGRI-10821,2024,1,Madurai,Clayey Red Loam,Cotton,Summer Irrigated (Feb-Jul),4.92,28.4,53.9,9.3,15.0,743.9,425.7,341.0,20.12,Normal,4
AGRI-10822,2025,2,Tiruvarur,Deltaic Alluvium,Groundnut,Chithirai Pattam (Apr-May),23.92,20.5,73.1,70.1,3088.8,1089.7,2169.5,1836.3,39.26,Low,6
AGRI-10823,2021,5,Karur,Red Sandy & Black Clay,Paddy (Rice),Samba/Thaladi (Aug-Jan),87.49,26.6,61.3,79.3,3393.3,19277.6,9594.3,7244.6,265.29,High,4
AGRI-10824,2022,2,Tiruvarur,Deltaic Alluvium,Groundnut,Thai Pattam (Dec-Jan),33.4,30.3,84.1,52.8,4055.6,1564.1,3102.8,2561.0,54.08,Normal,5
AGRI-10825,2022,8,Karur,Red Sandy & Black Clay,Groundnut,Thai Pattam (Dec-Jan),53.15,25.6,78.0,4.6,6583.9,2369.5,4826.9,4211.9,87.04,Low,3
AGRI-10826,2023,11,Thanjavur,Cauvery Delta Alluvium,Pulses (Blackgram/Greengram),Rainfed (Oct-Nov),58.49,30.2,79.0,190.0,1184.1,1807.8,3278.7,1501.2,112.61,High,3
AGRI-10827,2026,7,Tiruchirappalli,Alluvial Clay & Red Loam,Pulses (Blackgram/Greengram),Rice Fallow (Jan-Feb),14.8,29.3,80.1,19.3,288.0,384.3,761.1,388.6,18.33,Normal,5
AGRI-10828,2026,3,Karur,Red Sandy & Black Clay,Maize,Kharif (Jun-Sep),21.63,20.2,86.0,46.1,407.0,5383.8,2742.2,1597.9,42.97,Low,2
AGRI-10829,2022,7,Madurai,Clayey Red Loam,Groundnut,Adipattam (Jul-Aug),12.71,27.2,57.4,63.9,1634.2,537.5,1138.7,920.3,20.51,Low,3
AGRI-10830,2023,3,Karur,Red Sandy & Black Clay,Maize,Rabi (Oct-Jan),46.93,26.6,82.8,42.6,886.0,11882.2,6187.5,3314.6,95.63,Low,4
AGRI-10831,2023,11,Karur,Red Sandy & Black Clay,Pulses (Blackgram/Greengram),Rice Fallow (Jan-Feb),50.27,26.1,52.6,142.0,987.3,1551.7,3015.2,1317.5,65.78,High,6
AGRI-10832,2025,1,Tiruvarur,Deltaic Alluvium,Pulses (Blackgram/Greengram),Rainfed (Oct-Nov),16.29,30.8,64.3,56.5,334.2,422.8,808.4,417.2,19.94,Low,3
AGRI-10833,2021,7,Perambalur,Black Cotton Soil,Pulses (Blackgram/Greengram),Rainfed (Oct-Nov),46.15,25.6,51.9,29.7,906.1,1130.7,2244.6,1227.2,53.17,Normal,2
AGRI-10834,2021,4,Tiruvarur,Deltaic Alluvium,Sugarcane,Mid (Feb-Mar),45.71,32.8,54.3,69.5,15667.5,20273.9,6538.8,8426.7,199.95,Normal,2
AGRI-10835,2023,4,Madurai,Clayey Red Loam,Sugarcane,Early (Dec-Jan),59.09,28.7,75.1,20.8,20370.0,25395.4,9091.6,12164.3,277.19,Normal,5
AGRI-10836,2021,9,Perambalur,Black Cotton Soil,Cotton,Winter Irrigated (Aug-Feb),56.42,33.5,67.9,147.6,169.4,10738.3,5563.2,3427.6,224.0,High,2
AGRI-10837,2022,4,Karur,Red Sandy & Black Clay,Sugarcane,Early (Dec-Jan),70.72,33.7,58.8,3.3,25235.9,30673.4,10220.3,13262.6,330.82,Normal,3
AGRI-10838,2022,12,Karur,Red Sandy & Black Clay,Pulses (Blackgram/Greengram),Rainfed (Oct-Nov),8.35,32.6,50.3,107.6,170.6,255.4,461.3,216.0,10.08,High,3
AGRI-10839,2022,12,Perambalur,Black Cotton Soil,Paddy (Rice),Samba/Thaladi (Aug-Jan),77.67,25.1,73.3,177.3,3261.4,19845.6,9891.4,7018.2,229.56,High,6
AGRI-10840,2023,10,Madurai,Clayey Red Loam,Cotton,Summer Irrigated (Feb-Jul),22.31,36.1,50.8,147.5,67.5,4388.6,2395.6,1359.2,89.84,High,2
AGRI-10841,2025,8,Nagapattinam,Coastal Alluvium & Saline,Pulses (Blackgram/Greengram),Rice Fallow (Jan-Feb),39.0,31.1,84.3,100.7,754.0,1133.4,2149.1,973.8,72.7,High,4
AGRI-10842,2022,1,Pudukkottai,Red Laterite & Gravelly,Groundnut,Chithirai Pattam (Apr-May),42.06,31.6,83.7,8.0,5292.3,1937.6,3623.2,3243.3,72.95,Normal,7
AGRI-10843,2023,6,Madurai,Clayey Red Loam,Sugarcane,Late (Apr-May),5.27,39.2,82.6,101.7,1890.8,2570.5,878.6,1087.0,37.0,High,2
AGRI-10844,2024,2,Thanjavur,Cauvery Delta Alluvium,Pulses (Blackgram/Greengram),Rice Fallow (Jan-Feb),43.11,34.7,52.4,36.9,836.6,1150.1,2186.9,1113.2,52.62,Low,2
AGRI-10845,2025,9,Tiruvarur,Deltaic Alluvium,Groundnut,Thai Pattam (Dec-Jan),46.6,28.4,53.2,152.1,5854.9,2527.9,4733.4,3461.2,80.14,High,5
AGRI-10846,2021,1,Tiruchirappalli,Alluvial Clay & Red Loam,Paddy (Rice),Navarai (Dec-Mar),63.74,31.7,76.7,29.2,2534.3,13299.8,6950.4,5632.7,192.01,Normal,4
AGRI-10847,2022,10,Tiruchirappalli,Alluvial Clay & Red Loam,Cotton,Summer Irrigated (Feb-Jul),37.22,30.8,58.7,121.7,112.8,7004.0,3962.6,2231.9,147.69,High,7
AGRI-10848,2021,5,Tiruvarur,Deltaic Alluvium,Sugarcane,Early (Dec-Jan),76.68,28.9,87.4,19.2,28088.5,35422.7,11556.6,15198.7,356.43,Low,3
AGRI-10849,2025,11,Nagapattinam,Coastal Alluvium & Saline,Maize,Kharif (Jun-Sep),8.44,25.4,52.8,267.8,149.9,2318.8,1270.8,645.9,19.02,High,5
AGRI-10850,2022,7,Karur,Red Sandy & Black Clay,Sugarcane,Early (Dec-Jan),72.47,35.6,54.4,58.9,25404.5,30528.2,10751.1,15390.0,320.0,Normal,3
AGRI-10851,2022,7,Pudukkottai,Red Laterite & Gravelly,Cotton,Winter Irrigated (Aug-Feb),75.45,32.1,72.8,24.4,234.9,12547.5,6905.0,4857.5,279.27,Normal,4
AGRI-10852,2021,6,Tiruchirappalli,Alluvial Clay & Red Loam,Sugarcane,Late (Apr-May),24.83,34.5,84.9,5.4,8447.9,11413.9,3797.9,5070.5,102.87,Low,4
AGRI-10853,2022,4,Tiruchirappalli,Alluvial Clay & Red Loam,Cotton,Winter Irrigated (Aug-Feb),21.83,32.5,84.8,25.3,67.0,3455.1,1910.1,1335.5,77.03,Low,2
AGRI-10854,2026,2,Madurai,Clayey Red Loam,Groundnut,Adipattam (Jul-Aug),52.85,29.8,74.9,49.0,6470.9,2356.2,4672.3,3780.9,98.3,Low,2
AGRI-10855,2025,8,Thanjavur,Cauvery Delta Alluvium,Paddy (Rice),Navarai (Dec-Mar),72.65,26.3,69.4,47.0,2934.3,16935.6,8304.6,5691.1,203.31,Normal,2
AGRI-10856,2021,9,Thanjavur,Cauvery Delta Alluvium,Cotton,Summer Irrigated (Feb-Jul),14.33,37.7,60.3,162.4,44.0,2556.5,1451.1,993.7,50.77,High,7
AGRI-10857,2026,4,Perambalur,Black Cotton Soil,Paddy (Rice),Navarai (Dec-Mar),38.74,29.0,87.2,0.0,1600.4,9039.5,4320.8,3313.5,106.49,Normal,4
AGRI-10858,2023,1,Nagapattinam,Coastal Alluvium & Saline,Maize,Rabi (Oct-Jan),56.76,29.6,57.2,76.2,987.6,14157.3,7257.2,4183.5,111.0,Low,2
AGRI-10859,2025,7,Karur,Red Sandy & Black Clay,Sugarcane,Late (Apr-May),89.51,27.7,50.9,48.9,32713.3,40049.9,14052.6,18467.1,385.84,Normal,2
AGRI-10860,2021,4,Tiruvarur,Deltaic Alluvium,Maize,Kharif (Jun-Sep),83.42,25.6,75.5,115.0,1493.7,24768.4,11938.4,6638.4,266.57,High,3
AGRI-10861,2023,1,Nagapattinam,Coastal Alluvium & Saline,Cotton,Summer Irrigated (Feb-Jul),78.11,30.1,74.0,62.9,233.9,12675.1,7312.8,5144.1,333.57,Normal,4
AGRI-10862,2023,9,Tiruchirappalli,Alluvial Clay & Red Loam,Paddy (Rice),Kuruvai (Jun-Sep),2.96,28.3,58.2,132.0,120.8,758.3,389.2,236.6,8.01,High,3
AGRI-10863,2021,1,Pudukkottai,Red Laterite & Gravelly,Groundnut,Thai Pattam (Dec-Jan),11.98,26.5,50.8,69.1,1571.5,548.3,1031.3,865.6,20.9,Low,2
AGRI-10864,2024,10,Madurai,Clayey Red Loam,Cotton,Winter Irrigated (Aug-Feb),67.82,32.0,82.2,159.0,209.6,12160.2,7056.4,4455.5,425.22,High,7
AGRI-10865,2023,3,Madurai,Clayey Red Loam,Paddy (Rice),Navarai (Dec-Mar),52.01,26.7,90.0,25.9,2016.5,10677.8,5721.4,4272.5,160.32,Normal,3
AGRI-10866,2022,5,Nagapattinam,Coastal Alluvium & Saline,Paddy (Rice),Kuruvai (Jun-Sep),74.7,30.9,73.7,72.4,3018.5,15665.7,8332.2,6277.0,220.43,High,2
AGRI-10867,2022,5,Madurai,Clayey Red Loam,Sugarcane,Late (Apr-May),54.45,33.0,77.8,92.0,19836.3,28404.2,9540.3,10935.4,332.2,Normal,4
AGRI-10868,2022,12,Pudukkottai,Red Laterite & Gravelly,Maize,Kharif (Jun-Sep),54.88,26.6,83.8,170.9,1016.2,15962.2,7914.6,4194.8,170.51,High,6
AGRI-10869,2023,7,Perambalur,Black Cotton Soil,Groundnut,Adipattam (Jul-Aug),60.81,32.2,73.6,57.7,7865.4,2907.0,5618.7,4748.1,100.17,Normal,4
AGRI-10870,2024,9,Karur,Red Sandy & Black Clay,Sugarcane,Mid (Feb-Mar),16.28,34.3,85.7,61.0,5470.6,7546.9,2445.4,3288.8,76.08,Normal,5
AGRI-10871,2025,4,Tiruchirappalli,Alluvial Clay & Red Loam,Paddy (Rice),Samba/Thaladi (Aug-Jan),9.44,33.4,64.1,43.6,372.0,2022.7,1049.5,841.5,27.26,High,5
AGRI-10872,2025,4,Perambalur,Black Cotton Soil,Sugarcane,Late (Apr-May),83.15,32.8,65.5,51.1,30284.5,37271.5,12595.8,16274.3,322.57,Normal,5
AGRI-10873,2025,3,Perambalur,Black Cotton Soil,Maize,Kharif (Jun-Sep),34.37,27.4,86.6,98.5,645.3,10557.9,5386.0,2590.2,128.2,Normal,2
AGRI-10874,2021,4,Tiruchirappalli,Alluvial Clay & Red Loam,Maize,Rabi (Oct-Jan),20.86,26.7,55.6,69.3,391.9,5008.4,2824.6,1533.5,44.45,Normal,2
AGRI-10875,2026,2,Tiruchirappalli,Alluvial Clay & Red Loam,Sugarcane,Early (Dec-Jan),9.77,28.7,59.2,21.3,3584.2,4298.3,1460.8,1957.7,46.29,Normal,5
AGRI-10876,2021,11,Nagapattinam,Coastal Alluvium & Saline,Sugarcane,Mid (Feb-Mar),52.93,29.2,80.5,211.9,17864.2,29024.3,8942.4,9807.4,385.8,High,5
AGRI-10877,2022,8,Karur,Red Sandy & Black Clay,Cotton,Winter Irrigated (Aug-Feb),21.45,28.3,69.8,25.0,65.6,3279.4,1870.0,1285.6,76.76,Normal,2
AGRI-10878,2022,5,Tiruvarur,Deltaic Alluvium,Paddy (Rice),Navarai (Dec-Mar),50.55,29.0,70.6,82.7,1983.7,12711.2,6603.3,4516.8,153.19,Low,2
AGRI-10879,2023,7,Tiruvarur,Deltaic Alluvium,Groundnut,Thai Pattam (Dec-Jan),5.2,22.5,90.3,71.0,649.1,241.5,491.1,385.3,14.8,Normal,5
AGRI-10880,2021,6,Nagapattinam,Coastal Alluvium & Saline,Maize,Kharif (Jun-Sep),73.22,26.1,77.7,48.8,1306.7,18874.0,9124.7,5376.2,169.93,Normal,4
AGRI-10881,2021,11,Pudukkottai,Red Laterite & Gravelly,Groundnut,Adipattam (Jul-Aug),27.0,30.6,72.0,164.4,3538.2,1328.5,2813.5,2157.3,48.93,High,2
AGRI-10882,2025,10,Karur,Red Sandy & Black Clay,Sugarcane,Mid (Feb-Mar),52.62,33.5,85.4,109.0,18868.4,26349.0,9502.7,10705.6,342.96,High,6
AGRI-10883,2026,2,Pudukkottai,Red Laterite & Gravelly,Pulses (Blackgram/Greengram),Rice Fallow (Jan-Feb),28.73,27.4,69.2,56.0,570.1,687.3,1493.3,704.1,36.11,Low,3
AGRI-10884,2024,5,Tiruvarur,Deltaic Alluvium,Paddy (Rice),Navarai (Dec-Mar),37.69,21.4,80.2,70.5,1530.1,8323.9,4163.3,3359.2,182.79,Low,5
AGRI-10885,2022,6,Madurai,Clayey Red Loam,Pulses (Blackgram/Greengram),Rice Fallow (Jan-Feb),50.24,25.7,66.7,6.1,986.1,1177.9,2454.1,1161.2,70.26,Normal,4
AGRI-10886,2026,8,Perambalur,Black Cotton Soil,Pulses (Blackgram/Greengram),Rainfed (Oct-Nov),55.15,25.1,82.7,32.2,1083.8,1475.4,2728.0,1391.2,66.32,Low,4
AGRI-10887,2022,11,Karur,Red Sandy & Black Clay,Sugarcane,Late (Apr-May),90.53,36.2,85.6,139.3,32050.9,44294.4,15467.9,17365.6,641.99,High,4
AGRI-10888,2026,8,Tiruvarur,Deltaic Alluvium,Groundnut,Adipattam (Jul-Aug),18.96,33.4,90.7,18.4,2348.4,871.3,1738.2,1330.0,35.11,Normal,6
AGRI-10889,2021,11,Perambalur,Black Cotton Soil,Cotton,Summer Irrigated (Feb-Jul),47.79,27.7,85.7,138.4,147.4,9197.4,4841.1,2979.8,261.78,High,4
AGRI-10890,2021,8,Thanjavur,Cauvery Delta Alluvium,Pulses (Blackgram/Greengram),Rice Fallow (Jan-Feb),57.91,25.5,85.0,37.7,1194.6,1365.1,2856.2,1417.6,67.88,Normal,4
AGRI-10891,2022,2,Thanjavur,Cauvery Delta Alluvium,Cotton,Summer Irrigated (Feb-Jul),22.54,24.8,59.0,34.3,70.7,3406.6,2089.2,1446.2,83.61,Low,2
AGRI-10892,2026,2,Karur,Red Sandy & Black Clay,Sugarcane,Late (Apr-May),28.72,33.8,82.6,10.1,10128.7,13953.3,4392.5,5735.7,124.93,Low,6
AGRI-10893,2023,6,Tiruvarur,Deltaic Alluvium,Maize,Kharif (Jun-Sep),14.5,31.4,86.0,49.7,253.8,3551.2,1943.3,1132.5,30.63,Normal,2
AGRI-10894,2023,5,Perambalur,Black Cotton Soil,Maize,Rabi (Oct-Jan),82.29,19.6,71.4,17.3,1519.7,20434.6,10551.9,6480.5,187.68,Normal,6
AGRI-10895,2023,10,Tiruvarur,Deltaic Alluvium,Groundnut,Chithirai Pattam (Apr-May),86.72,28.4,55.7,203.7,11037.9,4329.9,9387.0,6111.6,161.14,High,2
AGRI-10896,2022,1,Pudukkottai,Red Laterite & Gravelly,Cotton,Winter Irrigated (Aug-Feb),32.47,29.8,76.6,28.8,99.5,5052.8,2859.3,2106.3,128.63,Low,5
AGRI-10897,2026,4,Madurai,Clayey Red Loam,Sugarcane,Mid (Feb-Mar),41.63,33.9,67.4,54.2,15097.0,20189.4,6371.7,8808.0,170.44,Low,2
AGRI-10898,2025,2,Nagapattinam,Coastal Alluvium & Saline,Sugarcane,Late (Apr-May),70.68,29.9,85.3,38.9,23766.5,30008.3,10331.4,13561.5,280.93,Low,7
AGRI-10899,2025,3,Madurai,Clayey Red Loam,Cotton,Winter Irrigated (Aug-Feb),73.44,28.0,77.9,25.1,218.4,11746.2,6451.2,5088.6,287.55,Normal,4
AGRI-10900,2025,1,Tiruvarur,Deltaic Alluvium,Maize,Kharif (Jun-Sep),32.6,28.5,82.6,70.8,610.8,8256.5,4335.3,2393.3,112.32,Low,3
AGRI-10901,2024,3,Madurai,Clayey Red Loam,Paddy (Rice),Navarai (Dec-Mar),8.36,29.4,83.1,33.0,338.4,1866.8,930.2,732.7,27.21,Low,2
AGRI-10902,2026,5,Perambalur,Black Cotton Soil,Cotton,Winter Irrigated (Aug-Feb),24.36,30.4,57.0,65.1,71.8,3962.5,2278.9,1505.0,95.26,Normal,4
AGRI-10903,2026,11,Perambalur,Black Cotton Soil,Paddy (Rice),Samba/Thaladi (Aug-Jan),45.33,30.9,56.8,151.6,1743.9,11237.9,5943.8,3878.6,149.65,High,5
AGRI-10904,2025,10,Thanjavur,Cauvery Delta Alluvium,Sugarcane,Mid (Feb-Mar),43.09,29.7,52.9,147.0,15701.3,22305.2,7453.1,8571.9,169.35,High,5
AGRI-10905,2025,9,Pudukkottai,Red Laterite & Gravelly,Sugarcane,Late (Apr-May),24.98,33.7,83.3,129.3,9072.3,13084.8,4168.3,5258.3,161.6,High,6
AGRI-10906,2024,9,Madurai,Clayey Red Loam,Groundnut,Thai Pattam (Dec-Jan),49.07,32.9,78.7,183.8,6373.4,2615.8,5006.3,3516.6,134.83,High,2
AGRI-10907,2023,5,Tiruchirappalli,Alluvial Clay & Red Loam,Sugarcane,Early (Dec-Jan),24.36,31.3,74.1,59.1,8538.1,10765.0,3789.9,5179.5,113.04,Normal,6
AGRI-10908,2025,3,Tiruchirappalli,Alluvial Clay & Red Loam,Sugarcane,Late (Apr-May),74.58,35.3,64.6,11.2,26181.8,34502.8,11449.8,14154.2,327.95,Normal,3
AGRI-10909,2022,11,Perambalur,Black Cotton Soil,Maize,Kharif (Jun-Sep),57.4,24.5,58.7,105.4,1057.0,16486.9,8552.6,4386.9,111.21,High,6
AGRI-10910,2024,7,Thanjavur,Cauvery Delta Alluvium,Paddy (Rice),Kuruvai (Jun-Sep),12.17,28.7,55.7,20.8,490.5,2665.7,1305.1,1095.3,38.53,High,3
AGRI-10911,2024,7,Tiruchirappalli,Alluvial Clay & Red Loam,Cotton,Winter Irrigated (Aug-Feb),33.7,30.6,69.1,53.7,104.0,5242.7,2911.8,2108.7,138.41,Normal,7
AGRI-10912,2025,11,Tiruvarur,Deltaic Alluvium,Cotton,Winter Irrigated (Aug-Feb),32.71,24.6,65.8,243.5,97.6,6311.4,3490.6,2190.8,112.64,High,3
AGRI-10913,2025,8,Pudukkottai,Red Laterite & Gravelly,Sugarcane,Late (Apr-May),78.67,34.2,69.1,22.0,28750.6,35842.4,11847.3,15389.5,357.0,Normal,3
AGRI-10914,2026,3,Tiruchirappalli,Alluvial Clay & Red Loam,Cotton,Winter Irrigated (Aug-Feb),4.87,29.3,56.8,17.6,14.1,794.7,419.1,325.4,20.72,Normal,5
AGRI-10915,2022,3,Tiruchirappalli,Alluvial Clay & Red Loam,Maize,Kharif (Jun-Sep),82.05,30.4,54.5,105.1,1422.1,22145.6,11673.8,5996.7,191.64,High,5
AGRI-10916,2023,10,Madurai,Clayey Red Loam,Cotton,Summer Irrigated (Feb-Jul),8.5,28.9,91.9,144.4,24.9,1512.3,878.0,517.1,55.98,High,4
AGRI-10917,2021,1,Madurai,Clayey Red Loam,Maize,Kharif (Jun-Sep),53.83,35.0,71.6,44.6,964.9,14056.6,6711.0,3812.3,115.94,Normal,6
AGRI-10918,2024,2,Thanjavur,Cauvery Delta Alluvium,Pulses (Blackgram/Greengram),Rainfed (Oct-Nov),16.2,27.7,51.8,44.3,324.5,390.6,776.0,375.5,22.54,Low,4
AGRI-10919,2022,7,Karur,Red Sandy & Black Clay,Maize,Rabi (Oct-Jan),18.69,27.5,72.3,34.4,335.9,4646.4,2369.9,1295.9,36.8,Normal,2
AGRI-10920,2025,7,Nagapattinam,Coastal Alluvium & Saline,Pulses (Blackgram/Greengram),Rice Fallow (Jan-Feb),16.98,32.2,56.3,60.3,333.4,403.6,879.0,391.7,19.76,Normal,4
AGRI-10921,2023,6,Perambalur,Black Cotton Soil,Maize,Kharif (Jun-Sep),60.48,22.8,70.4,26.7,1048.8,15760.4,7675.8,4333.7,137.39,Normal,6
AGRI-10922,2023,4,Karur,Red Sandy & Black Clay,Groundnut,Chithirai Pattam (Apr-May),64.26,30.8,57.2,5.7,7738.6,2945.0,5868.2,4866.2,110.26,Low,5
AGRI-10923,2026,2,Madurai,Clayey Red Loam,Pulses (Blackgram/Greengram),Rice Fallow (Jan-Feb),20.88,29.7,84.2,30.6,411.9,517.6,1031.7,488.0,25.23,Normal,4
AGRI-10924,2022,4,Madurai,Clayey Red Loam,Maize,Rabi (Oct-Jan),79.36,29.8,58.9,58.7,1447.3,19311.6,10387.4,5577.6,174.43,Normal,2
AGRI-10925,2026,3,Karur,Red Sandy & Black Clay,Sugarcane,Mid (Feb-Mar),4.93,31.6,84.4,34.6,1670.3,2081.5,714.2,1005.5,18.98,Low,7
AGRI-10926,2021,4,Karur,Red Sandy & Black Clay,Paddy (Rice),Navarai (Dec-Mar),36.67,31.1,71.5,60.0,1485.3,8592.8,4194.0,2906.6,108.85,Low,2
AGRI-10927,2021,9,Karur,Red Sandy & Black Clay,Pulses (Blackgram/Greengram),Rice Fallow (Jan-Feb),88.35,31.4,55.8,139.3,1836.3,2497.9,5086.8,2339.2,115.53,High,5
AGRI-10928,2025,3,Pudukkottai,Red Laterite & Gravelly,Maize,Kharif (Jun-Sep),8.21,26.3,78.0,58.2,144.4,2082.3,1045.9,603.7,18.64,Normal,7
AGRI-10929,2026,10,Tiruvarur,Deltaic Alluvium,Groundnut,Adipattam (Jul-Aug),27.51,22.9,73.5,211.2,3534.0,1447.5,2989.4,2186.1,47.0,High,7
AGRI-10930,2025,6,Tiruchirappalli,Alluvial Clay & Red Loam,Cotton,Winter Irrigated (Aug-Feb),23.71,24.1,54.7,34.3,71.8,3669.2,2131.2,1573.7,97.75,Low,6
AGRI-10931,2023,2,Nagapattinam,Coastal Alluvium & Saline,Cotton,Summer Irrigated (Feb-Jul),74.56,28.8,83.8,79.1,220.6,11175.4,6780.7,4765.2,471.4,Normal,6
AGRI-10932,2026,5,Perambalur,Black Cotton Soil,Groundnut,Chithirai Pattam (Apr-May),89.04,28.4,71.5,16.1,10838.0,3929.5,7922.2,6303.8,167.31,Normal,6
AGRI-10933,2021,9,Perambalur,Black Cotton Soil,Cotton,Winter Irrigated (Aug-Feb),92.01,27.7,79.3,152.4,289.5,17083.6,9620.1,5563.3,505.78,High,2
AGRI-10934,2022,2,Thanjavur,Cauvery Delta Alluvium,Cotton,Winter Irrigated (Aug-Feb),56.75,35.6,65.0,74.4,175.9,9804.5,5298.1,3789.1,200.52,Normal,3
AGRI-10935,2022,4,Perambalur,Black Cotton Soil,Paddy (Rice),Samba/Thaladi (Aug-Jan),6.55,24.7,54.0,0.7,252.0,1375.9,749.8,535.5,18.83,High,3
AGRI-10936,2021,7,Karur,Red Sandy & Black Clay,Paddy (Rice),Navarai (Dec-Mar),31.9,28.7,52.7,53.8,1329.6,7313.7,3604.6,2546.1,90.81,Low,6
AGRI-10937,2026,1,Tiruchirappalli,Alluvial Clay & Red Loam,Groundnut,Thai Pattam (Dec-Jan),82.63,28.5,54.1,15.8,10396.2,4013.2,7650.3,6482.1,145.66,Low,5
AGRI-10938,2025,11,Perambalur,Black Cotton Soil,Cotton,Summer Irrigated (Feb-Jul),52.3,32.4,91.0,146.0,156.8,10292.5,5348.7,3286.8,348.34,High,2
AGRI-10939,2023,11,Pudukkottai,Red Laterite & Gravelly,Cotton,Summer Irrigated (Feb-Jul),7.06,27.4,75.2,118.8,21.1,1350.0,710.8,463.2,45.7,High,6
AGRI-10940,2023,4,Perambalur,Black Cotton Soil,Sugarcane,Mid (Feb-Mar),40.5,33.4,71.6,26.6,13679.2,18276.5,5801.1,8173.9,179.58,Normal,4
AGRI-10941,2023,3,Karur,Red Sandy & Black Clay,Groundnut,Thai Pattam (Dec-Jan),6.84,30.5,87.9,72.6,854.0,305.2,604.9,505.5,17.28,Normal,4
AGRI-10942,2024,6,Perambalur,Black Cotton Soil,Cotton,Summer Irrigated (Feb-Jul),52.22,24.9,90.0,16.3,159.0,8303.2,4578.8,3521.0,191.11,Normal,5
AGRI-10943,2024,6,Tiruvarur,Deltaic Alluvium,Pulses (Blackgram/Greengram),Rice Fallow (Jan-Feb),67.31,23.6,64.0,63.5,1298.9,1740.3,3424.5,1588.6,80.76,Normal,3
AGRI-10944,2024,8,Karur,Red Sandy & Black Clay,Sugarcane,Mid (Feb-Mar),66.69,31.7,82.1,40.5,22625.6,28706.0,10212.7,12470.9,278.32,Normal,6
AGRI-10945,2025,1,Perambalur,Black Cotton Soil,Paddy (Rice),Kuruvai (Jun-Sep),12.52,27.8,73.5,28.8,506.8,2926.2,1357.7,1127.6,40.87,High,4
AGRI-10946,2024,5,Madurai,Clayey Red Loam,Sugarcane,Late (Apr-May),81.38,33.4,56.2,22.0,27866.3,35437.6,12494.4,17133.3,337.31,Normal,5
AGRI-10947,2024,9,Perambalur,Black Cotton Soil,Groundnut,Chithirai Pattam (Apr-May),34.91,31.3,91.3,109.1,4462.0,1743.2,3549.7,2508.2,101.36,High,4
AGRI-10948,2024,5,Tiruchirappalli,Alluvial Clay & Red Loam,Paddy (Rice),Navarai (Dec-Mar),30.76,25.7,64.2,21.6,1278.6,6406.6,3534.0,2465.9,96.71,Normal,5
AGRI-10949,2024,8,Madurai,Clayey Red Loam,Pulses (Blackgram/Greengram),Rice Fallow (Jan-Feb),85.86,27.2,77.9,61.4,1674.2,2050.9,4160.6,2242.9,111.5,Normal,7
AGRI-10950,2026,1,Thanjavur,Cauvery Delta Alluvium,Maize,Rabi (Oct-Jan),63.09,28.0,60.4,17.7,1155.1,14747.0,8291.0,4915.9,127.43,Low,7
AGRI-10951,2023,4,Tiruvarur,Deltaic Alluvium,Cotton,Winter Irrigated (Aug-Feb),84.0,33.0,80.0,49.0,248.4,14323.7,7819.0,5306.0,301.35,Normal,4
AGRI-10952,2024,1,Pudukkottai,Red Laterite & Gravelly,Cotton,Summer Irrigated (Feb-Jul),78.89,26.3,65.2,0.0,231.8,13072.8,7137.4,4729.6,317.14,Low,7
AGRI-10953,2025,2,Pudukkottai,Red Laterite & Gravelly,Sugarcane,Late (Apr-May),16.11,31.5,77.8,71.2,5628.9,7379.6,2420.0,3039.2,119.08,Low,7
AGRI-10954,2024,10,Tiruchirappalli,Alluvial Clay & Red Loam,Cotton,Summer Irrigated (Feb-Jul),67.53,32.3,85.3,158.9,198.7,13065.9,7242.3,4687.8,418.0,High,5
AGRI-10955,2022,4,Karur,Red Sandy & Black Clay,Sugarcane,Mid (Feb-Mar),79.43,34.2,56.8,6.2,26946.7,38473.2,12492.7,16186.7,340.95,Normal,5
AGRI-10956,2025,1,Nagapattinam,Coastal Alluvium & Saline,Sugarcane,Late (Apr-May),68.33,32.4,56.1,50.6,22963.4,28886.8,10272.1,13518.4,285.6,Normal,2
AGRI-10957,2021,1,Madurai,Clayey Red Loam,Pulses (Blackgram/Greengram),Rainfed (Oct-Nov),53.17,30.4,66.1,28.7,1044.2,1424.3,2682.3,1373.5,72.74,Normal,4
AGRI-10958,2023,7,Tiruvarur,Deltaic Alluvium,Sugarcane,Mid (Feb-Mar),82.64,35.2,83.2,81.6,28241.8,42146.5,14705.3,17544.8,618.93,Normal,6
AGRI-10959,2021,12,Madurai,Clayey Red Loam,Paddy (Rice),Samba/Thaladi (Aug-Jan),6.76,24.1,66.4,143.3,281.6,1691.4,844.1,603.4,21.24,High,7
AGRI-10960,2024,9,Nagapattinam,Coastal Alluvium & Saline,Cotton,Winter Irrigated (Aug-Feb),32.46,26.7,88.5,219.7,93.9,6105.7,3315.0,2118.9,185.92,High,5
AGRI-10961,2024,9,Nagapattinam,Coastal Alluvium & Saline,Cotton,Winter Irrigated (Aug-Feb),69.62,30.7,66.3,243.9,204.9,12746.3,7245.6,4772.6,272.81,High,5
AGRI-10962,2023,1,Madurai,Clayey Red Loam,Groundnut,Chithirai Pattam (Apr-May),36.82,29.7,69.0,8.8,4574.6,1713.2,3226.6,2549.8,57.53,Low,5
AGRI-10963,2024,1,Pudukkottai,Red Laterite & Gravelly,Maize,Kharif (Jun-Sep),30.5,33.6,89.5,60.1,552.3,8202.4,3813.4,2271.5,62.48,Low,2
AGRI-10964,2024,10,Tiruvarur,Deltaic Alluvium,Maize,Rabi (Oct-Jan),19.6,21.4,83.5,218.1,341.6,5843.0,2901.7,1382.8,63.41,High,3
AGRI-10965,2023,9,Tiruvarur,Deltaic Alluvium,Groundnut,Adipattam (Jul-Aug),56.86,27.4,87.0,234.9,7291.1,2854.1,5668.4,4450.0,149.88,High,4
AGRI-10966,2023,7,Pudukkottai,Red Laterite & Gravelly,Maize,Kharif (Jun-Sep),74.6,22.3,79.8,9.8,1400.9,19858.0,9610.7,5945.2,158.69,Normal,3
AGRI-10967,2025,3,Karur,Red Sandy & Black Clay,Maize,Kharif (Jun-Sep),87.56,32.9,87.2,22.5,1581.9,22498.4,11852.2,6550.6,174.05,Low,4
AGRI-10968,2022,7,Madurai,Clayey Red Loam,Sugarcane,Early (Dec-Jan),9.21,37.8,89.1,53.5,3128.3,4085.5,1312.6,1743.8,39.22,Low,2
AGRI-10969,2024,2,Thanjavur,Cauvery Delta Alluvium,Cotton,Winter Irrigated (Aug-Feb),71.65,25.7,89.8,74.8,222.2,10895.7,6154.4,4607.7,469.28,Normal,6
AGRI-10970,2023,12,Tiruchirappalli,Alluvial Clay & Red Loam,Paddy (Rice),Samba/Thaladi (Aug-Jan),79.27,35.5,74.1,120.6,3243.5,19334.3,10173.9,7004.9,239.32,High,5
AGRI-10971,2022,10,Nagapattinam,Coastal Alluvium & Saline,Maize,Rabi (Oct-Jan),26.28,25.1,90.3,271.6,460.1,7564.0,4048.6,2053.1,81.44,High,7
AGRI-10972,2023,1,Thanjavur,Cauvery Delta Alluvium,Paddy (Rice),Samba/Thaladi (Aug-Jan),16.72,32.9,66.9,55.5,695.8,3538.6,1909.4,1476.1,48.71,High,4
AGRI-10973,2024,9,Nagapattinam,Coastal Alluvium & Saline,Cotton,Winter Irrigated (Aug-Feb),8.09,28.5,68.8,250.5,24.9,1440.5,820.5,526.5,29.18,High,4
AGRI-10974,2024,11,Tiruvarur,Deltaic Alluvium,Cotton,Winter Irrigated (Aug-Feb),92.14,30.4,52.2,225.3,276.5,16620.4,9136.0,6373.2,329.56,High,6
AGRI-10975,2025,1,Tiruvarur,Deltaic Alluvium,Pulses (Blackgram/Greengram),Rice Fallow (Jan-Feb),52.53,23.7,54.5,56.6,1077.7,1352.5,2652.8,1383.4,61.75,Normal,2
AGRI-10976,2021,10,Madurai,Clayey Red Loam,Groundnut,Adipattam (Jul-Aug),93.73,24.7,62.4,168.8,11494.1,5105.8,10120.3,7204.1,146.32,High,3
AGRI-10977,2022,3,Tiruchirappalli,Alluvial Clay & Red Loam,Paddy (Rice),Navarai (Dec-Mar),42.99,22.6,73.8,15.3,1776.6,10099.5,4529.8,3422.7,121.14,Normal,7
AGRI-10978,2024,11,Pudukkottai,Red Laterite & Gravelly,Pulses (Blackgram/Greengram),Rainfed (Oct-Nov),84.88,26.3,51.8,166.3,1697.4,2339.5,4699.6,2141.6,98.58,High,4
AGRI-10979,2022,11,Pudukkottai,Red Laterite & Gravelly,Pulses (Blackgram/Greengram),Rice Fallow (Jan-Feb),71.97,30.7,50.1,178.7,1447.4,2141.2,4246.0,1672.7,93.54,High,7
AGRI-10980,2023,10,Thanjavur,Cauvery Delta Alluvium,Sugarcane,Late (Apr-May),59.54,27.7,64.5,184.4,20091.2,30448.0,9791.3,11683.3,254.85,High,6
AGRI-10981,2024,10,Tiruchirappalli,Alluvial Clay & Red Loam,Pulses (Blackgram/Greengram),Rice Fallow (Jan-Feb),42.13,22.2,80.1,147.5,861.6,1170.4,2417.4,1011.2,89.55,High,7
AGRI-10982,2025,5,Nagapattinam,Coastal Alluvium & Saline,Pulses (Blackgram/Greengram),Rice Fallow (Jan-Feb),30.88,26.8,81.9,89.3,593.3,847.1,1748.6,711.5,63.06,Normal,5
AGRI-10983,2022,5,Karur,Red Sandy & Black Clay,Sugarcane,Mid (Feb-Mar),12.28,32.3,52.6,42.7,4431.4,5394.2,1907.6,2285.2,55.44,Low,2
AGRI-10984,2026,1,Tiruchirappalli,Alluvial Clay & Red Loam,Pulses (Blackgram/Greengram),Rainfed (Oct-Nov),35.45,30.8,71.4,27.5,738.3,836.0,1753.5,844.6,42.03,Normal,2
AGRI-10985,2025,9,Pudukkottai,Red Laterite & Gravelly,Maize,Rabi (Oct-Jan),75.57,27.4,73.8,134.1,1396.1,22718.4,11085.0,5550.3,152.69,High,3
AGRI-10986,2021,12,Perambalur,Black Cotton Soil,Pulses (Blackgram/Greengram),Rice Fallow (Jan-Feb),15.59,26.4,53.3,154.6,300.0,456.9,851.7,384.6,18.29,High,4
AGRI-10987,2025,1,Tiruvarur,Deltaic Alluvium,Sugarcane,Late (Apr-May),19.24,22.3,54.2,103.6,6568.2,9786.3,3455.1,3993.7,82.99,High,5
AGRI-10988,2025,2,Tiruchirappalli,Alluvial Clay & Red Loam,Pulses (Blackgram/Greengram),Rainfed (Oct-Nov),42.62,31.3,58.9,28.2,824.6,1085.0,2091.1,1100.1,57.16,Normal,5
AGRI-10989,2026,1,Thanjavur,Cauvery Delta Alluvium,Maize,Kharif (Jun-Sep),71.91,26.5,79.4,45.9,1301.9,17613.5,9705.5,5662.6,159.63,Normal,6
AGRI-10990,2022,1,Tiruvarur,Deltaic Alluvium,Pulses (Blackgram/Greengram),Rainfed (Oct-Nov),7.49,28.8,72.5,90.8,146.9,221.7,415.8,179.3,9.18,Normal,5
AGRI-10991,2026,9,Nagapattinam,Coastal Alluvium & Saline,Pulses (Blackgram/Greengram),Rice Fallow (Jan-Feb),71.67,34.5,79.8,272.1,1471.0,2143.4,3967.6,1818.8,161.87,High,4
AGRI-10992,2022,12,Tiruvarur,Deltaic Alluvium,Sugarcane,Early (Dec-Jan),43.1,33.3,65.7,233.2,15049.0,23708.3,7365.7,8442.3,164.97,High,2
AGRI-10993,2024,8,Pudukkottai,Red Laterite & Gravelly,Pulses (Blackgram/Greengram),Rice Fallow (Jan-Feb),45.01,26.5,75.7,0.0,919.6,1156.5,2360.9,1050.4,60.27,Low,7
AGRI-10994,2024,10,Thanjavur,Cauvery Delta Alluvium,Maize,Rabi (Oct-Jan),6.28,33.4,90.1,215.8,111.3,1847.1,928.7,444.0,19.45,High,3
AGRI-10995,2021,9,Thanjavur,Cauvery Delta Alluvium,Maize,Rabi (Oct-Jan),7.67,22.1,90.7,153.5,134.4,2239.4,1181.5,560.5,23.64,High,6
AGRI-10996,2026,1,Karur,Red Sandy & Black Clay,Cotton,Summer Irrigated (Feb-Jul),43.29,32.8,57.9,12.3,124.8,7114.0,3848.2,2780.2,153.74,Normal,3
AGRI-10997,2021,5,Tiruvarur,Deltaic Alluvium,Maize,Kharif (Jun-Sep),92.1,20.2,77.9,100.0,1639.3,27300.3,13220.1,6888.2,314.85,Low,2
AGRI-10998,2025,2,Madurai,Clayey Red Loam,Groundnut,Thai Pattam (Dec-Jan),70.94,26.7,84.5,0.0,9057.6,3095.1,6193.7,5165.3,114.89,Low,3
AGRI-10999,2023,11,Karur,Red Sandy & Black Clay,Maize,Kharif (Jun-Sep),7.83,27.2,61.0,136.6,136.3,2375.3,1211.4,586.9,16.46,High,4
AGRI-11000,2026,7,Karur,Red Sandy & Black Clay,Cotton,Summer Irrigated (Feb-Jul),87.24,30.5,63.9,27.7,272.3,14651.1,7669.6,5873.7,366.5,Normal,7
AGRI-11001,2024,6,Nagapattinam,Coastal Alluvium & Saline,Cotton,Winter Irrigated (Aug-Feb),54.7,27.5,82.6,40.9,163.9,9328.7,4739.1,3365.5,201.45,Low,2
AGRI-11002,2025,5,Tiruchirappalli,Alluvial Clay & Red Loam,Groundnut,Adipattam (Jul-Aug),49.49,31.3,66.8,31.6,6107.0,2220.4,4281.7,3928.5,75.97,Normal,4
AGRI-11003,2023,3,Nagapattinam,Coastal Alluvium & Saline,Cotton,Winter Irrigated (Aug-Feb),38.09,33.6,91.9,71.8,118.9,6528.0,3536.6,2389.6,224.38,Normal,4
AGRI-11004,2022,11,Tiruchirappalli,Alluvial Clay & Red Loam,Maize,Rabi (Oct-Jan),73.75,27.7,55.1,122.7,1340.0,20012.7,11502.5,5321.8,146.44,High,4
AGRI-11005,2024,9,Karur,Red Sandy & Black Clay,Pulses (Blackgram/Greengram),Rice Fallow (Jan-Feb),76.27,18.7,77.3,127.2,1532.6,2250.7,4238.0,1939.6,166.72,High,2
AGRI-11006,2022,8,Perambalur,Black Cotton Soil,Cotton,Winter Irrigated (Aug-Feb),45.31,26.1,78.6,38.0,130.5,7045.2,3899.3,3075.1,191.25,Low,7
AGRI-11007,2025,2,Pudukkottai,Red Laterite & Gravelly,Sugarcane,Mid (Feb-Mar),4.77,35.9,71.8,76.0,1705.3,2231.1,684.4,904.3,20.31,Normal,3
AGRI-11008,2023,4,Perambalur,Black Cotton Soil,Paddy (Rice),Navarai (Dec-Mar),92.01,29.3,88.6,67.0,3741.1,19088.9,10620.5,8260.9,258.31,Normal,3
AGRI-11009,2025,7,Pudukkottai,Red Laterite & Gravelly,Cotton,Winter Irrigated (Aug-Feb),18.78,33.3,57.8,108.4,58.1,3391.9,1986.3,1300.0,70.22,High,7
AGRI-11010,2022,3,Nagapattinam,Coastal Alluvium & Saline,Sugarcane,Early (Dec-Jan),61.69,34.9,79.4,39.2,21909.2,25823.2,9127.3,12227.6,275.97,Normal,3
AGRI-11011,2024,7,Nagapattinam,Coastal Alluvium & Saline,Sugarcane,Early (Dec-Jan),10.56,31.1,66.7,105.9,3700.9,5501.5,1801.4,2100.8,49.87,High,6
AGRI-11012,2021,2,Tiruvarur,Deltaic Alluvium,Sugarcane,Mid (Feb-Mar),3.81,28.3,64.9,79.0,1347.2,1738.6,597.9,781.7,18.01,Low,5
AGRI-11013,2025,5,Perambalur,Black Cotton Soil,Pulses (Blackgram/Greengram),Rainfed (Oct-Nov),74.59,27.8,81.7,23.0,1562.3,1794.8,3800.7,1758.3,105.52,Low,7
AGRI-11014,2025,5,Tiruchirappalli,Alluvial Clay & Red Loam,Pulses (Blackgram/Greengram),Rice Fallow (Jan-Feb),25.97,23.3,78.2,52.7,536.8,700.3,1315.6,615.2,35.15,Normal,4
AGRI-11015,2025,6,Tiruchirappalli,Alluvial Clay & Red Loam,Maize,Kharif (Jun-Sep),22.02,36.4,60.2,36.0,382.9,5654.5,2871.6,1586.7,49.15,Normal,5
AGRI-11016,2024,11,Thanjavur,Cauvery Delta Alluvium,Sugarcane,Early (Dec-Jan),31.66,36.7,63.6,152.8,11038.0,15378.1,5616.8,6456.1,127.89,High,7
AGRI-11017,2024,2,Madurai,Clayey Red Loam,Pulses (Blackgram/Greengram),Rainfed (Oct-Nov),31.53,25.4,65.2,30.5,615.3,807.1,1508.3,735.4,44.82,Normal,4
AGRI-11018,2023,6,Thanjavur,Cauvery Delta Alluvium,Groundnut,Thai Pattam (Dec-Jan),42.11,29.7,63.5,50.1,5140.8,1897.9,3600.6,2970.5,68.42,Normal,5
AGRI-11019,2026,8,Tiruchirappalli,Alluvial Clay & Red Loam,Paddy (Rice),Navarai (Dec-Mar),11.39,29.5,62.9,84.6,468.2,2865.8,1505.2,949.3,34.46,Normal,7
AGRI-11020,2025,8,Perambalur,Black Cotton Soil,Paddy (Rice),Navarai (Dec-Mar),22.44,24.1,70.3,0.0,923.9,4688.9,2505.9,1947.9,60.5,Low,4
AGRI-11021,2023,4,Madurai,Clayey Red Loam,Pulses (Blackgram/Greengram),Rainfed (Oct-Nov),80.26,29.7,54.8,33.0,1678.8,2068.3,4127.6,2037.7,96.19,Normal,2
AGRI-11022,2025,2,Tiruchirappalli,Alluvial Clay & Red Loam,Sugarcane,Early (Dec-Jan),35.06,27.6,83.9,26.9,12487.1,16564.8,5145.5,6458.3,135.74,Normal,3
AGRI-11023,2023,9,Madurai,Clayey Red Loam,Maize,Rabi (Oct-Jan),64.05,26.4,74.0,206.1,1198.6,17371.3,9878.3,4697.3,132.9,High,7
AGRI-11024,2021,1,Tiruchirappalli,Alluvial Clay & Red Loam,Cotton,Summer Irrigated (Feb-Jul),40.12,27.1,69.8,37.7,122.4,6595.8,3479.9,2671.4,145.63,Normal,3
AGRI-11025,2026,1,Pudukkottai,Red Laterite & Gravelly,Groundnut,Adipattam (Jul-Aug),19.08,27.9,56.8,36.3,2353.9,925.7,1777.9,1448.3,35.73,Low,6
AGRI-11026,2023,5,Pudukkottai,Red Laterite & Gravelly,Groundnut,Adipattam (Jul-Aug),40.79,28.4,63.9,29.9,4928.3,1953.9,3712.2,2996.0,76.57,Normal,6
AGRI-11027,2023,10,Nagapattinam,Coastal Alluvium & Saline,Pulses (Blackgram/Greengram),Rainfed (Oct-Nov),44.21,31.1,72.1,267.7,893.5,1209.9,2427.1,1071.2,55.94,High,6
AGRI-11028,2025,11,Madurai,Clayey Red Loam,Pulses (Blackgram/Greengram),Rice Fallow (Jan-Feb),78.13,35.3,74.5,151.5,1524.5,2378.9,4610.0,1937.3,96.26,High,6
AGRI-11029,2026,12,Pudukkottai,Red Laterite & Gravelly,Sugarcane,Mid (Feb-Mar),75.05,30.5,74.6,168.0,25794.7,36369.7,12658.9,14783.7,308.43,High,2
AGRI-11030,2025,1,Tiruvarur,Deltaic Alluvium,Pulses (Blackgram/Greengram),Rice Fallow (Jan-Feb),78.62,27.0,54.8,76.1,1631.0,2082.7,3942.3,1983.7,94.41,Normal,6
AGRI-11031,2024,2,Madurai,Clayey Red Loam,Paddy (Rice),Navarai (Dec-Mar),87.85,39.8,61.0,33.5,3455.5,18922.8,9555.2,6964.7,248.03,Low,6
AGRI-11032,2023,3,Pudukkottai,Red Laterite & Gravelly,Paddy (Rice),Kuruvai (Jun-Sep),20.12,19.7,81.1,14.4,795.1,4310.9,2161.2,1626.7,55.29,High,4
AGRI-11033,2026,10,Nagapattinam,Coastal Alluvium & Saline,Pulses (Blackgram/Greengram),Rainfed (Oct-Nov),40.95,32.5,77.6,271.9,788.3,1192.4,2449.2,1087.7,80.36,High,7
AGRI-11034,2024,10,Tiruvarur,Deltaic Alluvium,Groundnut,Adipattam (Jul-Aug),91.23,28.3,52.7,157.3,11007.6,4552.4,9719.9,7151.6,171.9,High,3
AGRI-11035,2023,7,Tiruvarur,Deltaic Alluvium,Groundnut,Thai Pattam (Dec-Jan),38.65,21.3,80.7,102.6,4724.5,1900.2,4197.9,2938.0,99.29,High,3
AGRI-11036,2024,10,Tiruchirappalli,Alluvial Clay & Red Loam,Sugarcane,Mid (Feb-Mar),94.21,29.9,60.7,147.0,33708.9,50243.1,16133.9,18624.3,442.52,High,2
AGRI-11037,2024,10,Madurai,Clayey Red Loam,Maize,Kharif (Jun-Sep),58.92,29.2,87.7,127.7,1053.5,15896.2,9197.5,4180.2,189.07,High,6
AGRI-11038,2022,1,Karur,Red Sandy & Black Clay,Maize,Kharif (Jun-Sep),22.55,24.5,62.4,46.0,426.2,5894.5,2811.6,1738.0,53.22,Normal,7
AGRI-11039,2021,8,Karur,Red Sandy & Black Clay,Paddy (Rice),Samba/Thaladi (Aug-Jan),77.82,27.0,54.3,82.5,3181.9,19258.6,9608.4,6190.6,248.43,High,6
AGRI-11040,2024,6,Tiruvarur,Deltaic Alluvium,Cotton,Winter Irrigated (Aug-Feb),61.68,28.3,69.7,27.0,193.1,9444.3,5449.4,3712.6,261.94,Normal,7
AGRI-11041,2026,5,Perambalur,Black Cotton Soil,Maize,Rabi (Oct-Jan),87.12,28.6,60.4,29.8,1586.4,23328.0,11659.1,6109.0,170.06,Normal,2
AGRI-11042,2022,12,Madurai,Clayey Red Loam,Groundnut,Chithirai Pattam (Apr-May),34.57,30.9,88.6,168.8,4494.9,1905.0,3561.7,2404.6,100.93,High,4
AGRI-11043,2025,3,Tiruchirappalli,Alluvial Clay & Red Loam,Pulses (Blackgram/Greengram),Rice Fallow (Jan-Feb),35.11,29.4,60.6,25.0,720.6,934.5,1686.9,821.0,42.02,Normal,5
AGRI-11044,2025,8,Karur,Red Sandy & Black Clay,Sugarcane,Early (Dec-Jan),19.32,29.6,57.4,56.9,6650.2,9231.8,2863.9,4110.2,90.32,Low,7
AGRI-11045,2022,5,Tiruchirappalli,Alluvial Clay & Red Loam,Pulses (Blackgram/Greengram),Rice Fallow (Jan-Feb),29.73,24.4,50.8,40.7,598.0,755.9,1461.3,714.0,34.29,Normal,3
AGRI-11046,2024,9,Pudukkottai,Red Laterite & Gravelly,Groundnut,Thai Pattam (Dec-Jan),65.8,23.7,68.8,115.4,8030.5,3385.0,6917.9,4658.6,122.27,High,7
AGRI-11047,2023,3,Pudukkottai,Red Laterite & Gravelly,Maize,Kharif (Jun-Sep),44.34,27.0,57.2,81.8,767.5,12009.4,6562.1,3330.2,87.74,Normal,6
AGRI-11048,2025,12,Tiruchirappalli,Alluvial Clay & Red Loam,Pulses (Blackgram/Greengram),Rainfed (Oct-Nov),88.29,25.1,53.0,163.2,1719.3,2481.6,5207.4,2262.8,111.27,High,5
AGRI-11049,2026,7,Nagapattinam,Coastal Alluvium & Saline,Maize,Kharif (Jun-Sep),18.44,28.0,82.1,42.9,320.9,4745.9,2426.8,1278.0,41.03,Normal,4
AGRI-11050,2021,4,Nagapattinam,Coastal Alluvium & Saline,Sugarcane,Late (Apr-May),63.06,29.1,85.7,77.4,22814.9,26746.9,9790.5,11781.6,460.71,Normal,2
AGRI-11051,2021,12,Karur,Red Sandy & Black Clay,Groundnut,Thai Pattam (Dec-Jan),36.96,25.3,67.5,119.1,4806.8,1808.6,3857.1,2771.0,60.17,High,6
AGRI-11052,2023,3,Tiruchirappalli,Alluvial Clay & Red Loam,Maize,Rabi (Oct-Jan),79.94,28.1,66.3,46.5,1502.1,19911.8,10417.6,5735.8,164.61,Low,4
AGRI-11053,2023,7,Perambalur,Black Cotton Soil,Pulses (Blackgram/Greengram),Rainfed (Oct-Nov),71.78,29.9,68.3,20.4,1401.5,1833.2,3666.1,1768.3,85.28,Normal,2
AGRI-11054,2026,2,Tiruvarur,Deltaic Alluvium,Paddy (Rice),Samba/Thaladi (Aug-Jan),6.71,25.3,59.1,85.7,269.4,1708.9,881.1,590.8,21.04,High,2
AGRI-11055,2022,7,Thanjavur,Cauvery Delta Alluvium,Maize,Rabi (Oct-Jan),56.9,28.5,74.2,50.3,1030.6,13654.2,7571.1,3938.8,114.66,Normal,5
AGRI-11056,2026,12,Perambalur,Black Cotton Soil,Paddy (Rice),Navarai (Dec-Mar),18.05,28.3,66.6,166.1,704.8,4414.3,2290.1,1465.6,56.71,High,4
AGRI-11057,2026,10,Tiruvarur,Deltaic Alluvium,Maize,Kharif (Jun-Sep),73.48,22.2,72.4,194.4,1359.8,22605.0,11378.3,5216.7,159.62,High,3
AGRI-11058,2022,8,Perambalur,Black Cotton Soil,Pulses (Blackgram/Greengram),Rice Fallow (Jan-Feb),40.19,31.0,76.7,57.0,804.6,971.8,2020.0,1069.8,47.34,Normal,2
AGRI-11059,2022,4,Tiruvarur,Deltaic Alluvium,Pulses (Blackgram/Greengram),Rice Fallow (Jan-Feb),68.81,21.6,85.7,70.3,1432.3,1718.8,3474.9,1803.5,141.6,Low,4
AGRI-11060,2024,7,Tiruchirappalli,Alluvial Clay & Red Loam,Maize,Rabi (Oct-Jan),11.28,34.7,57.0,47.3,209.8,2727.2,1404.1,794.5,24.77,Normal,5
AGRI-11061,2021,6,Madurai,Clayey Red Loam,Groundnut,Thai Pattam (Dec-Jan),92.22,25.7,77.0,44.5,11751.9,3970.3,8445.5,7391.0,169.44,Low,3
AGRI-11062,2026,7,Perambalur,Black Cotton Soil,Maize,Rabi (Oct-Jan),51.88,31.1,64.9,59.4,934.2,12661.4,6749.3,3909.8,122.32,Normal,4
AGRI-11063,2026,7,Nagapattinam,Coastal Alluvium & Saline,Groundnut,Adipattam (Jul-Aug),60.62,23.7,62.5,62.5,7555.4,2778.5,5727.0,4225.7,102.68,Normal,6
AGRI-11064,2021,9,Madurai,Clayey Red Loam,Paddy (Rice),Navarai (Dec-Mar),74.82,27.2,70.9,162.1,3102.2,18411.4,9252.5,6760.6,209.81,High,6
AGRI-11065,2024,4,Karur,Red Sandy & Black Clay,Paddy (Rice),Samba/Thaladi (Aug-Jan),29.23,23.6,64.4,22.1,1207.5,6083.5,3177.0,2575.1,88.47,High,4
AGRI-11066,2025,3,Karur,Red Sandy & Black Clay,Cotton,Winter Irrigated (Aug-Feb),63.82,30.1,50.4,0.0,193.3,10877.6,5467.0,4155.2,234.23,Normal,4
AGRI-11067,2025,9,Thanjavur,Cauvery Delta Alluvium,Sugarcane,Early (Dec-Jan),55.51,26.4,51.7,170.1,19597.1,27736.6,9666.4,11002.7,255.58,High,7
AGRI-11068,2024,4,Thanjavur,Cauvery Delta Alluvium,Groundnut,Adipattam (Jul-Aug),3.85,33.6,65.6,17.3,478.9,178.8,332.7,304.1,7.01,Low,4
AGRI-11069,2024,5,Nagapattinam,Coastal Alluvium & Saline,Paddy (Rice),Samba/Thaladi (Aug-Jan),11.48,24.7,84.7,91.1,459.4,2723.7,1490.1,1031.5,59.71,High,7
AGRI-11070,2022,7,Thanjavur,Cauvery Delta Alluvium,Groundnut,Adipattam (Jul-Aug),83.73,30.0,65.6,55.5,10303.2,3671.2,7874.6,6014.8,146.94,Normal,2
AGRI-11071,2024,9,Madurai,Clayey Red Loam,Cotton,Summer Irrigated (Feb-Jul),85.97,22.9,56.9,184.3,265.9,15010.3,8740.9,5429.5,339.17,High,5
AGRI-11072,2022,3,Tiruvarur,Deltaic Alluvium,Cotton,Summer Irrigated (Feb-Jul),89.35,25.1,63.9,24.0,273.2,14237.9,7663.1,5777.8,343.71,Normal,5
AGRI-11073,2023,10,Karur,Red Sandy & Black Clay,Pulses (Blackgram/Greengram),Rainfed (Oct-Nov),23.11,27.5,85.6,148.4,456.7,666.6,1273.3,543.4,45.55,High,4
AGRI-11074,2026,10,Nagapattinam,Coastal Alluvium & Saline,Paddy (Rice),Kuruvai (Jun-Sep),7.71,30.4,77.7,230.2,313.8,1999.4,971.7,618.4,38.98,High,6
AGRI-11075,2025,6,Nagapattinam,Coastal Alluvium & Saline,Groundnut,Adipattam (Jul-Aug),68.39,27.4,57.6,75.7,8854.4,2926.7,6376.2,4796.9,107.59,Normal,6
AGRI-11076,2024,2,Madurai,Clayey Red Loam,Cotton,Winter Irrigated (Aug-Feb),7.56,35.3,76.7,27.4,22.3,1207.3,664.7,469.1,28.35,Normal,3
AGRI-11077,2025,12,Tiruvarur,Deltaic Alluvium,Cotton,Summer Irrigated (Feb-Jul),71.26,31.6,83.2,208.3,211.0,13778.8,7427.8,4399.9,417.17,High,6
AGRI-11078,2022,8,Nagapattinam,Coastal Alluvium & Saline,Paddy (Rice),Samba/Thaladi (Aug-Jan),49.73,28.3,86.7,43.8,2057.4,11030.0,5525.5,4004.4,163.63,High,6
AGRI-11079,2022,9,Madurai,Clayey Red Loam,Groundnut,Thai Pattam (Dec-Jan),8.82,32.4,70.0,149.9,1064.6,436.9,907.9,638.9,14.57,High,7
AGRI-11080,2024,9,Nagapattinam,Coastal Alluvium & Saline,Cotton,Winter Irrigated (Aug-Feb),7.13,30.5,65.0,255.5,21.1,1295.2,707.5,459.7,29.0,High,3
AGRI-11081,2023,4,Perambalur,Black Cotton Soil,Groundnut,Chithirai Pattam (Apr-May),21.92,27.5,74.2,87.9,2736.4,1220.3,2232.8,1662.8,38.25,Low,2
AGRI-11082,2025,10,Tiruchirappalli,Alluvial Clay & Red Loam,Paddy (Rice),Kuruvai (Jun-Sep),53.75,27.7,72.3,159.2,2200.3,13749.0,6737.9,4561.0,175.74,High,3
AGRI-11083,2026,9,Karur,Red Sandy & Black Clay,Maize,Rabi (Oct-Jan),74.32,22.1,87.8,145.6,1354.4,21275.3,11178.7,5861.2,271.21,High,5
AGRI-11084,2025,3,Pudukkottai,Red Laterite & Gravelly,Pulses (Blackgram/Greengram),Rainfed (Oct-Nov),89.95,37.2,52.2,13.6,1821.6,2338.0,4546.6,2371.5,124.56,Normal,2
AGRI-11085,2022,11,Karur,Red Sandy & Black Clay,Groundnut,Thai Pattam (Dec-Jan),58.78,25.9,81.5,134.0,7227.3,2978.9,5839.7,4231.6,175.17,High,5
AGRI-11086,2024,9,Madurai,Clayey Red Loam,Sugarcane,Late (Apr-May),12.2,29.6,51.2,155.8,4266.1,6379.5,2162.4,2456.4,53.62,High,5
AGRI-11087,2025,1,Thanjavur,Cauvery Delta Alluvium,Cotton,Summer Irrigated (Feb-Jul),84.59,37.0,85.4,67.3,262.7,13491.0,7671.8,5364.0,301.72,Normal,5
AGRI-11088,2021,11,Nagapattinam,Coastal Alluvium & Saline,Sugarcane,Mid (Feb-Mar),79.19,29.7,81.5,266.1,28476.2,42838.1,13891.0,15034.6,560.26,High,2
AGRI-11089,2022,10,Thanjavur,Cauvery Delta Alluvium,Paddy (Rice),Navarai (Dec-Mar),9.88,22.7,69.9,163.8,394.6,2539.9,1273.6,813.9,29.91,High,2
AGRI-11090,2023,1,Thanjavur,Cauvery Delta Alluvium,Paddy (Rice),Samba/Thaladi (Aug-Jan),83.84,23.8,58.7,18.9,3429.9,19331.1,9218.9,6961.5,246.54,High,5
AGRI-11091,2023,9,Thanjavur,Cauvery Delta Alluvium,Sugarcane,Late (Apr-May),69.16,31.2,64.8,140.6,23938.7,37976.1,12229.9,14740.1,270.38,High,7
AGRI-11092,2021,11,Karur,Red Sandy & Black Clay,Maize,Kharif (Jun-Sep),33.42,25.9,74.6,123.7,620.3,9102.4,4936.3,2398.5,78.86,High,6
AGRI-11093,2025,4,Tiruchirappalli,Alluvial Clay & Red Loam,Pulses (Blackgram/Greengram),Rice Fallow (Jan-Feb),46.12,22.9,91.9,51.4,914.0,1115.4,2231.5,1075.0,63.37,Normal,4
AGRI-11094,2021,10,Perambalur,Black Cotton Soil,Paddy (Rice),Kuruvai (Jun-Sep),94.92,23.5,76.7,130.4,3924.5,25644.3,11898.8,7744.2,499.88,High,2
AGRI-11095,2025,9,Tiruchirappalli,Alluvial Clay & Red Loam,Sugarcane,Late (Apr-May),2.61,31.9,61.1,147.8,888.0,1429.8,467.0,500.9,10.62,High,4
AGRI-11096,2025,4,Madurai,Clayey Red Loam,Paddy (Rice),Navarai (Dec-Mar),57.26,29.1,51.9,41.7,2354.7,13449.0,6525.5,4935.3,179.25,Low,2
AGRI-11097,2025,5,Tiruvarur,Deltaic Alluvium,Sugarcane,Late (Apr-May),89.31,32.2,86.6,74.3,32415.4,38805.8,13840.5,17313.6,641.84,Normal,5
AGRI-11098,2023,4,Madurai,Clayey Red Loam,Paddy (Rice),Samba/Thaladi (Aug-Jan),4.47,35.2,85.2,31.4,179.8,991.7,470.3,377.7,13.57,High,5
AGRI-11099,2026,4,Pudukkottai,Red Laterite & Gravelly,Groundnut,Chithirai Pattam (Apr-May),22.34,26.5,50.6,27.1,2682.9,936.8,2093.7,1778.2,37.1,Low,6
AGRI-11100,2025,3,Perambalur,Black Cotton Soil,Paddy (Rice),Kuruvai (Jun-Sep),39.12,23.7,90.7,30.5,1507.1,8846.1,4281.8,3126.0,111.62,High,4
AGRI-11101,2026,12,Thanjavur,Cauvery Delta Alluvium,Paddy (Rice),Kuruvai (Jun-Sep),48.26,29.9,54.2,155.6,2026.5,11795.0,6135.9,3820.3,148.84,High,7
AGRI-11102,2022,3,Karur,Red Sandy & Black Clay,Paddy (Rice),Navarai (Dec-Mar),71.94,28.5,74.7,51.7,2955.3,17052.5,8202.7,6152.5,202.26,Normal,3
AGRI-11103,2022,3,Thanjavur,Cauvery Delta Alluvium,Maize,Rabi (Oct-Jan),29.29,28.1,67.6,38.1,538.8,7046.2,3798.1,2070.2,61.49,Low,7
AGRI-11104,2021,1,Tiruvarur,Deltaic Alluvium,Paddy (Rice),Kuruvai (Jun-Sep),57.5,30.2,87.5,53.2,2326.2,12137.5,6615.0,4924.2,154.33,High,5
AGRI-11105,2021,1,Madurai,Clayey Red Loam,Groundnut,Adipattam (Jul-Aug),11.36,26.7,83.5,37.7,1374.6,533.1,974.8,841.5,18.06,Normal,2
AGRI-11106,2026,9,Perambalur,Black Cotton Soil,Groundnut,Chithirai Pattam (Apr-May),46.22,24.8,56.0,170.2,5758.3,2264.6,4781.8,3485.3,80.17,High,2
AGRI-11107,2023,5,Madurai,Clayey Red Loam,Paddy (Rice),Samba/Thaladi (Aug-Jan),25.15,36.1,62.3,26.1,1024.4,5158.5,2722.9,2035.6,77.01,High,2
AGRI-11108,2025,5,Tiruvarur,Deltaic Alluvium,Pulses (Blackgram/Greengram),Rice Fallow (Jan-Feb),30.72,27.8,75.9,42.2,625.3,754.9,1473.7,812.9,39.3,Low,2
AGRI-11109,2026,9,Madurai,Clayey Red Loam,Groundnut,Adipattam (Jul-Aug),4.73,27.2,54.7,157.6,618.4,247.4,510.2,331.2,8.66,High,6
AGRI-11110,2026,10,Perambalur,Black Cotton Soil,Pulses (Blackgram/Greengram),Rainfed (Oct-Nov),76.72,31.1,73.4,158.7,1502.6,2176.8,4216.8,1767.3,99.35,High,4
AGRI-11111,2025,12,Madurai,Clayey Red Loam,Cotton,Winter Irrigated (Aug-Feb),23.84,34.4,53.7,160.5,71.8,4487.3,2484.0,1445.6,88.1,High,2
AGRI-11112,2026,9,Perambalur,Black Cotton Soil,Groundnut,Thai Pattam (Dec-Jan),88.83,24.4,80.7,137.8,10985.4,4434.1,9231.0,6638.8,230.13,High,2
AGRI-11113,2025,9,Tiruvarur,Deltaic Alluvium,Paddy (Rice),Kuruvai (Jun-Sep),40.45,26.3,80.0,155.1,1624.9,10958.6,4937.0,3170.7,209.97,High,2
AGRI-11114,2021,1,Nagapattinam,Coastal Alluvium & Saline,Sugarcane,Early (Dec-Jan),4.18,32.2,62.3,82.4,1436.0,2047.8,685.3,833.8,18.22,Normal,6
AGRI-11115,2024,1,Thanjavur,Cauvery Delta Alluvium,Cotton,Winter Irrigated (Aug-Feb),4.64,27.2,76.4,63.0,14.0,794.4,427.7,303.8,18.05,Low,6
AGRI-11116,2024,1,Madurai,Clayey Red Loam,Pulses (Blackgram/Greengram),Rice Fallow (Jan-Feb),52.61,30.0,91.5,76.8,1055.6,1274.1,2563.4,1220.0,117.48,Low,6
AGRI-11117,2022,7,Karur,Red Sandy & Black Clay,Pulses (Blackgram/Greengram),Rice Fallow (Jan-Feb),13.48,24.8,73.3,24.9,271.0,351.8,705.2,325.7,19.15,Low,3
AGRI-11118,2021,6,Karur,Red Sandy & Black Clay,Pulses (Blackgram/Greengram),Rice Fallow (Jan-Feb),21.32,30.2,67.3,28.8,431.4,543.4,1042.9,561.6,26.1,Normal,5
AGRI-11119,2021,2,Madurai,Clayey Red Loam,Sugarcane,Late (Apr-May),7.92,39.0,79.7,43.8,2787.6,3806.7,1206.1,1579.2,34.71,Normal,4
AGRI-11120,2021,9,Tiruvarur,Deltaic Alluvium,Maize,Kharif (Jun-Sep),34.57,31.6,78.9,243.4,641.6,9777.6,5411.6,2545.4,109.11,High,3
AGRI-11121,2021,5,Pudukkottai,Red Laterite & Gravelly,Maize,Kharif (Jun-Sep),10.57,27.4,79.5,37.3,185.7,2707.9,1350.4,796.5,21.63,Normal,5
AGRI-11122,2025,3,Tiruchirappalli,Alluvial Clay & Red Loam,Paddy (Rice),Samba/Thaladi (Aug-Jan),22.76,25.6,52.3,19.4,885.7,4721.8,2400.9,2034.9,74.46,High,3
AGRI-11123,2026,7,Tiruvarur,Deltaic Alluvium,Groundnut,Thai Pattam (Dec-Jan),8.85,31.5,63.7,40.7,1066.6,422.7,808.9,699.6,16.78,Normal,5
AGRI-11124,2021,10,Karur,Red Sandy & Black Clay,Maize,Kharif (Jun-Sep),10.65,24.5,80.2,148.0,198.6,2966.7,1568.2,850.0,33.01,High,5
AGRI-11125,2021,12,Tiruvarur,Deltaic Alluvium,Sugarcane,Mid (Feb-Mar),65.34,37.9,57.7,208.8,22761.0,33568.2,11619.7,13855.2,306.86,High,5
AGRI-11126,2021,10,Tiruvarur,Deltaic Alluvium,Sugarcane,Mid (Feb-Mar),83.84,35.9,72.9,213.8,30256.9,42259.9,14414.8,15629.1,333.2,High,2
AGRI-11127,2021,7,Nagapattinam,Coastal Alluvium & Saline,Cotton,Winter Irrigated (Aug-Feb),92.68,25.2,71.0,66.0,270.6,14314.2,8644.9,6275.7,343.04,Low,4
AGRI-11128,2025,3,Perambalur,Black Cotton Soil,Pulses (Blackgram/Greengram),Rainfed (Oct-Nov),90.14,24.8,76.8,80.3,1852.6,2473.7,5057.0,2338.8,164.97,Low,5
AGRI-11129,2021,2,Karur,Red Sandy & Black Clay,Cotton,Winter Irrigated (Aug-Feb),64.53,33.0,73.0,28.1,191.7,10510.8,5684.3,4409.1,249.44,Low,3
AGRI-11130,2023,10,Thanjavur,Cauvery Delta Alluvium,Groundnut,Thai Pattam (Dec-Jan),76.63,24.7,50.8,148.7,9436.1,4165.2,7682.6,6031.6,120.64,High,5
AGRI-11131,2021,4,Tiruchirappalli,Alluvial Clay & Red Loam,Cotton,Summer Irrigated (Feb-Jul),48.44,33.6,91.5,50.0,145.3,8170.6,4413.2,3327.6,168.77,Normal,2
AGRI-11132,2023,8,Tiruchirappalli,Alluvial Clay & Red Loam,Paddy (Rice),Kuruvai (Jun-Sep),77.73,21.8,70.8,65.7,2997.6,17825.4,8879.2,6829.4,253.1,High,3
AGRI-11133,2026,9,Pudukkottai,Red Laterite & Gravelly,Pulses (Blackgram/Greengram),Rice Fallow (Jan-Feb),26.4,28.7,91.1,147.3,548.1,810.8,1537.5,614.8,59.38,High,4
AGRI-11134,2026,2,Nagapattinam,Coastal Alluvium & Saline,Cotton,Winter Irrigated (Aug-Feb),4.59,35.7,78.4,97.3,13.2,802.9,473.5,308.5,29.48,Normal,5
AGRI-11135,2021,9,Perambalur,Black Cotton Soil,Paddy (Rice),Samba/Thaladi (Aug-Jan),66.35,21.9,91.0,220.4,2688.3,18098.9,8184.5,5603.4,290.47,High,3
AGRI-11136,2021,8,Madurai,Clayey Red Loam,Cotton,Winter Irrigated (Aug-Feb),83.74,30.4,87.9,22.9,241.5,13913.2,7573.6,5648.1,321.08,Normal,6
AGRI-11137,2023,11,Tiruchirappalli,Alluvial Clay & Red Loam,Sugarcane,Late (Apr-May),82.8,24.1,59.0,143.0,30351.5,40630.8,14404.5,17195.9,346.47,High,7
AGRI-11138,2024,5,Perambalur,Black Cotton Soil,Groundnut,Adipattam (Jul-Aug),39.35,28.7,68.6,51.4,4996.4,1678.2,3569.1,3150.1,73.91,Low,7
AGRI-11139,2021,12,Tiruvarur,Deltaic Alluvium,Paddy (Rice),Samba/Thaladi (Aug-Jan),13.18,27.2,56.1,175.6,506.6,3200.0,1591.6,1188.8,42.31,High,6
AGRI-11140,2022,12,Karur,Red Sandy & Black Clay,Sugarcane,Mid (Feb-Mar),71.7,27.0,59.3,85.2,24752.6,34874.5,11779.0,13841.2,281.43,Low,5
AGRI-11141,2022,1,Thanjavur,Cauvery Delta Alluvium,Paddy (Rice),Samba/Thaladi (Aug-Jan),16.13,27.1,70.0,16.9,651.3,3506.8,1737.2,1408.0,45.78,High,7
AGRI-11142,2025,2,Pudukkottai,Red Laterite & Gravelly,Sugarcane,Mid (Feb-Mar),11.15,26.2,87.0,21.8,3837.6,5414.1,1670.9,2326.0,48.75,Normal,5
AGRI-11143,2025,6,Pudukkottai,Red Laterite & Gravelly,Maize,Kharif (Jun-Sep),32.19,25.9,59.8,28.5,582.7,7896.2,4084.1,2357.4,75.69,Low,2
AGRI-11144,2026,7,Madurai,Clayey Red Loam,Sugarcane,Early (Dec-Jan),4.24,30.3,81.9,65.3,1462.1,1995.7,634.0,784.8,16.47,Normal,2
AGRI-11145,2025,8,Madurai,Clayey Red Loam,Sugarcane,Early (Dec-Jan),13.83,31.1,77.4,45.8,4747.0,6408.3,1983.5,2585.3,57.01,Low,3
AGRI-11146,2023,2,Tiruchirappalli,Alluvial Clay & Red Loam,Sugarcane,Mid (Feb-Mar),80.25,32.0,69.3,44.5,28911.9,35721.2,12071.3,17128.4,374.0,Low,3
AGRI-11147,2024,7,Karur,Red Sandy & Black Clay,Paddy (Rice),Samba/Thaladi (Aug-Jan),25.69,27.1,70.1,13.5,1053.7,6075.9,2797.9,2145.7,71.11,High,6
AGRI-11148,2024,12,Tiruvarur,Deltaic Alluvium,Sugarcane,Late (Apr-May),49.12,31.8,87.6,251.9,17304.3,27209.6,8891.5,9909.5,315.45,High,2
AGRI-11149,2023,1,Pudukkottai,Red Laterite & Gravelly,Cotton,Winter Irrigated (Aug-Feb),34.58,24.0,85.0,63.2,105.0,5761.5,3254.4,2178.3,143.89,Normal,5
AGRI-11150,2026,11,Tiruchirappalli,Alluvial Clay & Red Loam,Cotton,Winter Irrigated (Aug-Feb),70.75,29.4,69.9,156.1,217.3,12779.0,7072.8,4817.6,278.49,High,2
AGRI-11151,2022,3,Nagapattinam,Coastal Alluvium & Saline,Groundnut,Adipattam (Jul-Aug),46.61,22.5,57.4,78.9,5649.0,1974.2,4180.1,3410.6,86.78,Low,5
AGRI-11152,2024,3,Thanjavur,Cauvery Delta Alluvium,Maize,Kharif (Jun-Sep),7.79,23.8,72.8,24.4,141.6,1979.8,985.6,570.4,18.32,Low,5
AGRI-11153,2022,3,Tiruchirappalli,Alluvial Clay & Red Loam,Sugarcane,Late (Apr-May),5.24,28.7,90.4,47.0,1776.4,2539.3,767.6,1070.8,21.36,Normal,2
AGRI-11154,2021,8,Perambalur,Black Cotton Soil,Groundnut,Chithirai Pattam (Apr-May),45.47,28.3,87.3,13.0,5461.9,1913.0,4126.4,3244.2,76.6,Normal,5
AGRI-11155,2025,4,Karur,Red Sandy & Black Clay,Cotton,Summer Irrigated (Feb-Jul),81.39,33.9,73.7,53.9,239.7,13195.4,7354.4,5627.3,282.41,Normal,5
AGRI-11156,2023,10,Karur,Red Sandy & Black Clay,Paddy (Rice),Kuruvai (Jun-Sep),69.89,32.2,54.6,136.1,2740.4,17669.8,8538.7,6140.9,195.37,High,2
AGRI-11157,2024,4,Tiruvarur,Deltaic Alluvium,Groundnut,Chithirai Pattam (Apr-May),34.7,29.7,55.3,52.4,4318.2,1529.8,3020.5,2731.2,60.27,Normal,4
AGRI-11158,2023,10,Nagapattinam,Coastal Alluvium & Saline,Groundnut,Adipattam (Jul-Aug),71.77,29.5,80.4,246.2,8855.7,3455.7,7612.6,5754.5,206.53,High,2
AGRI-11159,2021,11,Tiruvarur,Deltaic Alluvium,Paddy (Rice),Navarai (Dec-Mar),68.63,33.1,57.0,232.3,2643.4,16822.6,8744.6,5397.1,193.87,High,3
AGRI-11160,2022,3,Pudukkottai,Red Laterite & Gravelly,Sugarcane,Early (Dec-Jan),3.11,28.9,51.7,61.0,1140.3,1325.4,484.4,593.3,12.88,Low,4
AGRI-11161,2025,9,Tiruchirappalli,Alluvial Clay & Red Loam,Sugarcane,Mid (Feb-Mar),77.72,34.6,82.9,170.2,26715.2,42684.5,13131.3,14874.7,578.23,High,6
AGRI-11162,2025,1,Perambalur,Black Cotton Soil,Sugarcane,Early (Dec-Jan),34.58,35.2,77.1,93.1,11717.4,19003.9,5701.1,7172.0,248.66,Normal,5
AGRI-11163,2022,4,Tiruvarur,Deltaic Alluvium,Paddy (Rice),Kuruvai (Jun-Sep),91.95,27.4,69.3,62.7,3552.6,18858.1,9793.1,8098.9,262.34,High,2
AGRI-11164,2025,2,Nagapattinam,Coastal Alluvium & Saline,Maize,Rabi (Oct-Jan),56.7,23.5,79.5,39.7,1046.1,13455.1,7314.7,4518.8,120.99,Low,3
AGRI-11165,2021,3,Perambalur,Black Cotton Soil,Cotton,Summer Irrigated (Feb-Jul),67.36,34.1,68.8,46.6,207.5,10884.9,5922.1,4602.5,247.22,Normal,3
AGRI-11166,2026,4,Thanjavur,Cauvery Delta Alluvium,Paddy (Rice),Samba/Thaladi (Aug-Jan),82.06,26.7,61.4,58.0,3323.0,17074.0,8789.9,7297.3,247.51,High,5
AGRI-11167,2026,3,Madurai,Clayey Red Loam,Groundnut,Adipattam (Jul-Aug),26.64,29.7,79.1,29.7,3487.7,1205.1,2334.4,2083.5,47.02,Normal,7
AGRI-11168,2026,1,Thanjavur,Cauvery Delta Alluvium,Groundnut,Chithirai Pattam (Apr-May),30.48,29.5,68.1,80.7,3725.6,1516.4,3070.9,2161.5,53.36,Normal,6
AGRI-11169,2025,1,Pudukkottai,Red Laterite & Gravelly,Paddy (Rice),Samba/Thaladi (Aug-Jan),17.85,27.6,62.2,38.0,718.8,4027.1,2019.6,1477.6,53.95,High,3
AGRI-11170,2026,8,Tiruvarur,Deltaic Alluvium,Cotton,Summer Irrigated (Feb-Jul),14.99,30.1,55.3,61.9,44.4,2308.5,1386.9,1024.3,60.9,Low,2
AGRI-11171,2022,3,Perambalur,Black Cotton Soil,Sugarcane,Late (Apr-May),19.48,28.3,72.4,12.1,7118.3,8685.9,2997.1,4162.2,82.66,Normal,6
AGRI-11172,2022,11,Nagapattinam,Coastal Alluvium & Saline,Groundnut,Adipattam (Jul-Aug),3.68,31.5,56.8,249.3,442.1,177.5,388.6,271.2,5.86,High,7
AGRI-11173,2024,7,Madurai,Clayey Red Loam,Paddy (Rice),Kuruvai (Jun-Sep),2.52,28.9,57.8,40.6,97.1,575.2,280.4,198.7,8.0,High,6
AGRI-11174,2022,9,Nagapattinam,Coastal Alluvium & Saline,Sugarcane,Mid (Feb-Mar),59.77,28.9,69.5,202.2,20802.5,28792.7,9843.0,12728.2,280.69,High,3
AGRI-11175,2023,7,Madurai,Clayey Red Loam,Maize,Kharif (Jun-Sep),28.49,19.6,67.6,69.8,512.4,6762.6,3622.7,2193.0,63.99,Normal,4
AGRI-11176,2022,8,Tiruchirappalli,Alluvial Clay & Red Loam,Groundnut,Adipattam (Jul-Aug),18.55,27.5,84.7,88.3,2366.5,922.4,1990.5,1321.3,49.6,Low,2
AGRI-11177,2024,5,Karur,Red Sandy & Black Clay,Cotton,Winter Irrigated (Aug-Feb),15.19,28.0,64.7,56.6,47.5,2332.0,1323.2,978.0,63.73,Normal,6
AGRI-11178,2024,12,Madurai,Clayey Red Loam,Maize,Kharif (Jun-Sep),21.78,24.9,76.2,127.0,391.5,5888.7,3200.0,1586.2,74.43,High,5
AGRI-11179,2025,10,Tiruchirappalli,Alluvial Clay & Red Loam,Paddy (Rice),Samba/Thaladi (Aug-Jan),54.73,21.5,51.7,116.2,2189.4,13431.2,6762.3,4816.2,152.57,High,4
AGRI-11180,2022,9,Pudukkottai,Red Laterite & Gravelly,Maize,Rabi (Oct-Jan),78.71,27.8,82.0,117.6,1397.5,22864.7,12055.9,5766.1,283.56,High,5
AGRI-11181,2022,4,Tiruchirappalli,Alluvial Clay & Red Loam,Cotton,Summer Irrigated (Feb-Jul),50.2,31.9,77.4,26.7,149.1,8536.8,4509.7,3463.8,180.18,Low,5
AGRI-11182,2025,10,Karur,Red Sandy & Black Clay,Sugarcane,Mid (Feb-Mar),3.98,36.3,59.3,121.1,1390.9,2009.6,710.3,808.1,17.97,High,4
AGRI-11183,2023,4,Nagapattinam,Coastal Alluvium & Saline,Maize,Rabi (Oct-Jan),44.78,26.0,72.8,61.0,835.9,11886.5,5679.6,3298.4,95.43,Normal,7
AGRI-11184,2023,11,Nagapattinam,Coastal Alluvium & Saline,Maize,Kharif (Jun-Sep),29.97,29.4,84.3,270.3,563.4,8206.0,4469.5,2302.5,103.87,High,2
AGRI-11185,2023,1,Tiruchirappalli,Alluvial Clay & Red Loam,Groundnut,Adipattam (Jul-Aug),67.02,34.5,66.2,28.7,8353.0,3203.9,5750.3,5302.5,108.25,Normal,3
AGRI-11186,2022,1,Karur,Red Sandy & Black Clay,Maize,Kharif (Jun-Sep),39.16,29.6,50.9,18.8,733.0,9281.3,5311.2,2782.7,78.25,Normal,5
AGRI-11187,2021,9,Karur,Red Sandy & Black Clay,Paddy (Rice),Navarai (Dec-Mar),44.32,29.6,59.2,153.6,1830.9,10506.6,5590.1,3581.8,130.7,High,4
AGRI-11188,2024,1,Tiruvarur,Deltaic Alluvium,Pulses (Blackgram/Greengram),Rainfed (Oct-Nov),71.12,29.5,55.8,103.6,1373.0,2100.3,4114.4,1839.8,96.87,High,6
AGRI-11189,2021,7,Perambalur,Black Cotton Soil,Pulses (Blackgram/Greengram),Rainfed (Oct-Nov),38.64,40.4,87.6,74.7,795.2,972.1,1954.4,986.2,80.18,Normal,6
AGRI-11190,2022,7,Madurai,Clayey Red Loam,Paddy (Rice),Navarai (Dec-Mar),67.47,30.1,53.8,50.2,2665.6,14388.6,7351.4,5527.3,181.98,Low,7
AGRI-11191,2022,6,Nagapattinam,Coastal Alluvium & Saline,Paddy (Rice),Navarai (Dec-Mar),30.48,24.0,82.6,75.2,1173.4,6618.8,3245.4,2623.3,155.58,Normal,5
AGRI-11192,2025,9,Tiruchirappalli,Alluvial Clay & Red Loam,Cotton,Summer Irrigated (Feb-Jul),17.52,23.8,84.1,187.5,53.7,3395.5,1736.3,1171.5,98.4,High,5
AGRI-11193,2026,5,Tiruchirappalli,Alluvial Clay & Red Loam,Maize,Rabi (Oct-Jan),63.86,28.6,77.1,54.5,1196.9,14971.5,8201.9,5017.7,148.48,Low,6
AGRI-11194,2023,1,Tiruvarur,Deltaic Alluvium,Pulses (Blackgram/Greengram),Rice Fallow (Jan-Feb),20.97,27.7,70.0,52.1,419.5,491.3,999.3,531.8,24.25,Normal,7
AGRI-11195,2022,9,Madurai,Clayey Red Loam,Sugarcane,Mid (Feb-Mar),17.82,38.0,77.4,175.8,6518.8,9490.0,2926.2,3357.6,121.69,High,6
AGRI-11196,2026,11,Pudukkottai,Red Laterite & Gravelly,Groundnut,Chithirai Pattam (Apr-May),45.69,27.5,72.7,142.2,5540.5,2411.7,4915.4,3593.9,72.84,High,5
AGRI-11197,2021,9,Perambalur,Black Cotton Soil,Maize,Kharif (Jun-Sep),5.56,28.4,76.7,147.4,104.0,1553.9,807.8,433.9,18.46,High,7
AGRI-11198,2023,9,Tiruvarur,Deltaic Alluvium,Pulses (Blackgram/Greengram),Rainfed (Oct-Nov),65.44,35.8,89.1,192.5,1359.7,1810.4,3799.2,1648.8,146.63,High,3
AGRI-11199,2022,1,Nagapattinam,Coastal Alluvium & Saline,Maize,Rabi (Oct-Jan),19.39,32.7,67.0,112.9,342.9,5499.4,2974.5,1338.1,45.41,High,4
AGRI-11200,2022,12,Nagapattinam,Coastal Alluvium & Saline,Maize,Rabi (Oct-Jan),31.02,25.9,82.1,203.1,571.2,9384.4,4771.9,2412.2,100.64,High,2
AGRI-11201,2025,9,Nagapattinam,Coastal Alluvium & Saline,Maize,Rabi (Oct-Jan),16.09,23.9,69.0,245.5,285.2,4796.3,2384.1,1291.1,38.0,High,3
AGRI-11202,2024,8,Perambalur,Black Cotton Soil,Paddy (Rice),Samba/Thaladi (Aug-Jan),58.4,29.6,61.9,13.8,2307.8,13522.4,6724.5,5203.8,181.84,High,3
AGRI-11203,2023,3,Tiruvarur,Deltaic Alluvium,Pulses (Blackgram/Greengram),Rice Fallow (Jan-Feb),58.45,27.2,67.3,62.7,1166.1,1374.9,2909.0,1548.5,76.64,Normal,3
AGRI-11204,2025,12,Pudukkottai,Red Laterite & Gravelly,Maize,Kharif (Jun-Sep),58.3,33.0,59.0,191.0,1089.1,16593.2,8728.7,4488.4,123.79,High,3
AGRI-11205,2023,2,Pudukkottai,Red Laterite & Gravelly,Maize,Kharif (Jun-Sep),25.35,27.2,89.8,55.8,446.3,6395.7,3193.2,1967.2,49.48,Normal,3
AGRI-11206,2021,5,Tiruchirappalli,Alluvial Clay & Red Loam,Paddy (Rice),Kuruvai (Jun-Sep),30.02,30.7,69.6,13.4,1231.1,7077.2,3453.0,2464.3,93.19,High,3
AGRI-11207,2022,5,Tiruchirappalli,Alluvial Clay & Red Loam,Cotton,Winter Irrigated (Aug-Feb),13.43,30.0,76.7,42.7,40.8,2172.5,1226.2,912.2,50.57,Low,3
AGRI-11208,2023,10,Tiruvarur,Deltaic Alluvium,Cotton,Winter Irrigated (Aug-Feb),92.19,30.9,57.7,201.7,279.7,17008.3,9471.7,6060.0,379.46,High,6
AGRI-11209,2024,3,Karur,Red Sandy & Black Clay,Groundnut,Thai Pattam (Dec-Jan),87.17,33.6,72.4,41.5,11377.6,3912.0,7773.5,6113.3,150.52,Normal,6
AGRI-11210,2026,11,Madurai,Clayey Red Loam,Sugarcane,Late (Apr-May),91.63,23.8,63.0,172.3,31531.3,49155.1,15518.5,19510.9,406.74,High,5
AGRI-11211,2021,1,Pudukkottai,Red Laterite & Gravelly,Maize,Kharif (Jun-Sep),48.4,26.9,53.1,73.4,854.1,11409.4,6339.6,3700.7,114.42,Low,3
AGRI-11212,2025,10,Pudukkottai,Red Laterite & Gravelly,Groundnut,Thai Pattam (Dec-Jan),69.31,30.1,58.1,148.2,8887.8,3771.7,7425.9,5024.5,127.99,High,4
AGRI-11213,2024,1,Tiruchirappalli,Alluvial Clay & Red Loam,Cotton,Summer Irrigated (Feb-Jul),43.56,34.7,55.4,56.0,129.2,7294.4,3962.9,2938.9,173.04,Low,7
AGRI-11214,2026,4,Pudukkottai,Red Laterite & Gravelly,Paddy (Rice),Samba/Thaladi (Aug-Jan),91.39,23.7,64.6,24.9,3829.0,18810.1,10368.5,7797.3,265.87,High,2
AGRI-11215,2026,12,Pudukkottai,Red Laterite & Gravelly,Cotton,Winter Irrigated (Aug-Feb),77.22,23.5,60.9,174.9,236.3,13744.3,8125.3,5311.8,268.88,High,5
AGRI-11216,2023,1,Madurai,Clayey Red Loam,Paddy (Rice),Kuruvai (Jun-Sep),56.87,29.9,63.1,47.3,2304.3,12374.4,6043.2,5128.7,179.49,High,3
AGRI-11217,2024,11,Pudukkottai,Red Laterite & Gravelly,Groundnut,Thai Pattam (Dec-Jan),90.24,31.5,50.9,145.2,10982.7,4568.4,9440.8,6569.6,170.83,High,5
AGRI-11218,2026,10,Karur,Red Sandy & Black Clay,Pulses (Blackgram/Greengram),Rainfed (Oct-Nov),21.61,25.7,80.3,62.0,434.5,543.5,1032.2,559.3,27.42,Low,2
AGRI-11219,2022,1,Madurai,Clayey Red Loam,Paddy (Rice),Navarai (Dec-Mar),93.06,31.2,75.8,48.3,3805.6,21760.1,10013.6,7541.1,254.76,Normal,7
AGRI-11220,2021,6,Perambalur,Black Cotton Soil,Maize,Kharif (Jun-Sep),52.18,27.7,64.4,60.0,957.3,12349.9,6889.4,3619.4,124.05,Low,7
AGRI-11221,2023,4,Tiruvarur,Deltaic Alluvium,Sugarcane,Early (Dec-Jan),58.06,31.8,70.1,23.7,20050.0,27144.9,9108.4,10781.8,250.95,Normal,7
AGRI-11222,2021,5,Nagapattinam,Coastal Alluvium & Saline,Paddy (Rice),Samba/Thaladi (Aug-Jan),38.61,21.3,64.2,51.9,1604.4,8518.7,4199.3,3220.2,125.43,High,3
AGRI-11223,2021,6,Nagapattinam,Coastal Alluvium & Saline,Cotton,Summer Irrigated (Feb-Jul),23.97,24.5,50.7,38.1,74.9,3570.2,2245.1,1554.2,83.49,Normal,2
AGRI-11224,2024,4,Nagapattinam,Coastal Alluvium & Saline,Paddy (Rice),Samba/Thaladi (Aug-Jan),42.64,21.2,61.2,76.1,1789.1,8806.7,4803.3,3681.9,118.16,High,3
AGRI-11225,2023,3,Tiruchirappalli,Alluvial Clay & Red Loam,Groundnut,Adipattam (Jul-Aug),66.19,32.0,65.6,37.0,8115.0,2820.1,6046.0,4706.1,110.99,Low,2
AGRI-11226,2024,6,Perambalur,Black Cotton Soil,Paddy (Rice),Kuruvai (Jun-Sep),87.34,29.3,61.5,15.6,3528.9,19613.4,9793.3,7860.9,246.72,High,2
AGRI-11227,2026,9,Thanjavur,Cauvery Delta Alluvium,Groundnut,Chithirai Pattam (Apr-May),13.67,29.5,76.4,174.1,1769.4,687.9,1390.8,1094.0,34.49,High,3
AGRI-11228,2024,10,Pudukkottai,Red Laterite & Gravelly,Sugarcane,Early (Dec-Jan),48.29,30.1,50.5,184.4,17458.9,26390.9,8171.4,9498.2,204.92,High,4
AGRI-11229,2024,7,Madurai,Clayey Red Loam,Pulses (Blackgram/Greengram),Rice Fallow (Jan-Feb),3.98,22.7,51.1,35.3,76.4,99.1,202.6,101.0,4.67,Normal,5
AGRI-11230,2023,9,Pudukkottai,Red Laterite & Gravelly,Maize,Kharif (Jun-Sep),43.2,25.4,60.3,137.0,765.1,12872.7,6761.1,3336.5,90.0,High,2
AGRI-11231,2025,1,Pudukkottai,Red Laterite & Gravelly,Pulses (Blackgram/Greengram),Rainfed (Oct-Nov),32.04,27.4,80.9,53.6,640.2,834.3,1570.0,823.2,41.99,Normal,5
AGRI-11232,2022,4,Perambalur,Black Cotton Soil,Paddy (Rice),Navarai (Dec-Mar),84.0,30.5,76.3,47.2,3514.3,18223.8,9211.1,7395.6,278.27,Low,7
AGRI-11233,2025,5,Madurai,Clayey Red Loam,Maize,Kharif (Jun-Sep),25.1,27.5,75.3,38.2,441.4,6605.1,3325.1,1902.4,53.63,Normal,7
AGRI-11234,2023,5,Nagapattinam,Coastal Alluvium & Saline,Groundnut,Adipattam (Jul-Aug),6.19,24.5,84.3,62.5,784.1,266.9,538.5,460.1,10.02,Normal,7
AGRI-11235,2026,3,Nagapattinam,Coastal Alluvium & Saline,Pulses (Blackgram/Greengram),Rainfed (Oct-Nov),6.82,26.1,74.2,18.3,133.7,179.0,341.6,164.4,8.23,Normal,4
AGRI-11236,2025,3,Thanjavur,Cauvery Delta Alluvium,Groundnut,Thai Pattam (Dec-Jan),84.77,27.5,53.5,94.4,10293.4,4335.7,9137.7,6271.2,143.53,Low,7
AGRI-11237,2022,2,Thanjavur,Cauvery Delta Alluvium,Sugarcane,Late (Apr-May),5.22,34.1,61.9,13.6,1784.2,2451.8,821.6,1074.0,20.7,Normal,3
AGRI-11238,2022,4,Madurai,Clayey Red Loam,Maize,Rabi (Oct-Jan),89.38,25.1,79.4,8.8,1678.9,23228.0,11071.3,6974.3,171.08,Normal,6
AGRI-11239,2021,6,Tiruchirappalli,Alluvial Clay & Red Loam,Sugarcane,Mid (Feb-Mar),59.33,28.0,62.8,46.6,21475.0,27393.9,9158.6,11446.3,229.91,Normal,5
AGRI-11240,2024,6,Tiruchirappalli,Alluvial Clay & Red Loam,Pulses (Blackgram/Greengram),Rainfed (Oct-Nov),49.34,27.3,65.6,36.9,1022.2,1192.5,2443.5,1283.7,65.78,Low,4
AGRI-11241,2026,2,Perambalur,Black Cotton Soil,Cotton,Summer Irrigated (Feb-Jul),28.65,29.5,70.4,47.1,89.7,4937.6,2629.8,1872.7,110.31,Low,6
AGRI-11242,2023,10,Karur,Red Sandy & Black Clay,Groundnut,Chithirai Pattam (Apr-May),87.04,29.0,81.1,144.8,10584.7,4470.7,9344.1,6296.2,218.1,High,7
AGRI-11243,2024,2,Nagapattinam,Coastal Alluvium & Saline,Groundnut,Adipattam (Jul-Aug),14.6,24.4,79.6,22.8,1844.4,644.5,1281.3,1008.1,22.74,Normal,7
AGRI-11244,2022,4,Perambalur,Black Cotton Soil,Pulses (Blackgram/Greengram),Rice Fallow (Jan-Feb),78.04,25.7,57.3,89.0,1546.3,2327.3,4597.9,1998.6,90.96,Low,6
AGRI-11245,2024,9,Tiruvarur,Deltaic Alluvium,Sugarcane,Early (Dec-Jan),61.97,32.9,77.6,239.4,21579.2,30062.6,10901.0,13238.2,394.87,High,7
AGRI-11246,2023,7,Karur,Red Sandy & Black Clay,Groundnut,Thai Pattam (Dec-Jan),30.8,32.5,72.5,54.3,3704.5,1430.2,2776.2,2363.1,54.31,Normal,6
AGRI-11247,2021,10,Nagapattinam,Coastal Alluvium & Saline,Pulses (Blackgram/Greengram),Rice Fallow (Jan-Feb),81.87,27.6,83.8,203.5,1656.5,2238.7,4511.5,2006.1,149.48,High,5
AGRI-11248,2026,8,Pudukkottai,Red Laterite & Gravelly,Cotton,Summer Irrigated (Feb-Jul),65.81,29.2,71.0,10.3,195.9,10572.0,5685.9,4555.3,240.66,Normal,5
AGRI-11249,2024,9,Tiruchirappalli,Alluvial Clay & Red Loam,Paddy (Rice),Kuruvai (Jun-Sep),43.79,28.7,84.0,170.0,1690.6,10421.8,5474.4,3566.9,191.07,High,3
AGRI-11250,2021,9,Karur,Red Sandy & Black Clay,Cotton,Summer Irrigated (Feb-Jul),56.96,29.8,56.0,137.9,172.2,11181.0,6189.0,3415.6,233.26,High,4
AGRI-11251,2021,8,Madurai,Clayey Red Loam,Paddy (Rice),Navarai (Dec-Mar),4.34,26.1,87.0,23.2,176.7,896.7,455.7,377.8,13.7,Low,6
AGRI-11252,2023,12,Nagapattinam,Coastal Alluvium & Saline,Paddy (Rice),Navarai (Dec-Mar),8.9,24.7,74.5,242.6,361.2,2295.5,1167.3,800.3,29.05,High,5
AGRI-11253,2022,9,Tiruvarur,Deltaic Alluvium,Cotton,Summer Irrigated (Feb-Jul),27.36,27.1,61.4,180.2,79.1,4836.4,2903.5,1736.9,110.1,High,4
AGRI-11254,2024,11,Tiruchirappalli,Alluvial Clay & Red Loam,Groundnut,Adipattam (Jul-Aug),61.62,26.8,50.8,107.7,7922.1,2987.2,6478.3,4551.4,98.16,High,6
AGRI-11255,2026,1,Karur,Red Sandy & Black Clay,Cotton,Winter Irrigated (Aug-Feb),76.63,34.4,72.3,34.8,238.7,12264.4,7134.2,4697.2,278.46,Low,6
AGRI-11256,2024,5,Madurai,Clayey Red Loam,Pulses (Blackgram/Greengram),Rainfed (Oct-Nov),51.76,27.4,90.1,18.0,1041.6,1286.0,2527.8,1366.9,66.98,Normal,3
AGRI-11257,2026,3,Tiruchirappalli,Alluvial Clay & Red Loam,Groundnut,Thai Pattam (Dec-Jan),80.12,26.0,86.7,83.9,9863.6,4210.8,8009.8,6111.2,205.15,Normal,5
AGRI-11258,2026,10,Pudukkottai,Red Laterite & Gravelly,Pulses (Blackgram/Greengram),Rainfed (Oct-Nov),72.5,24.5,70.2,173.6,1502.8,2077.1,4252.0,1771.9,86.89,High,6
AGRI-11259,2023,2,Nagapattinam,Coastal Alluvium & Saline,Pulses (Blackgram/Greengram),Rice Fallow (Jan-Feb),93.31,29.7,82.1,64.3,1841.1,2220.8,4610.2,2272.7,115.97,Normal,4
AGRI-11260,2022,3,Tiruchirappalli,Alluvial Clay & Red Loam,Maize,Kharif (Jun-Sep),45.07,20.8,55.0,13.8,839.2,10574.5,5981.2,3513.7,106.81,Normal,4
AGRI-11261,2025,5,Madurai,Clayey Red Loam,Paddy (Rice),Navarai (Dec-Mar),77.42,29.3,83.2,37.0,3029.4,17181.0,8932.5,6921.4,234.89,Low,6
AGRI-11262,2024,9,Tiruchirappalli,Alluvial Clay & Red Loam,Maize,Kharif (Jun-Sep),8.63,27.7,75.3,152.1,156.3,2533.9,1317.6,633.4,28.81,High,6
AGRI-11263,2025,9,Nagapattinam,Coastal Alluvium & Saline,Groundnut,Adipattam (Jul-Aug),43.5,28.9,60.0,240.8,5276.0,2306.8,4577.8,3015.1,80.38,High,7
AGRI-11264,2021,3,Thanjavur,Cauvery Delta Alluvium,Groundnut,Thai Pattam (Dec-Jan),88.38,30.9,77.0,32.2,11450.5,4054.3,8251.0,6145.0,154.6,Normal,3
AGRI-11265,2022,7,Tiruvarur,Deltaic Alluvium,Groundnut,Thai Pattam (Dec-Jan),53.68,32.0,88.0,64.4,6705.3,2356.6,5025.5,4260.3,87.0,Normal,4
AGRI-11266,2024,9,Perambalur,Black Cotton Soil,Maize,Rabi (Oct-Jan),59.31,24.1,68.7,180.8,1096.0,17817.1,9168.2,4531.6,137.83,High,2
AGRI-11267,2026,1,Pudukkottai,Red Laterite & Gravelly,Cotton,Summer Irrigated (Feb-Jul),65.52,32.9,88.0,23.8,198.0,10721.0,6000.3,4390.3,254.03,Normal,7
AGRI-11268,2023,9,Karur,Red Sandy & Black Clay,Paddy (Rice),Samba/Thaladi (Aug-Jan),52.21,32.9,89.3,137.9,2105.6,13164.2,6488.5,4582.1,266.48,High,6
AGRI-11269,2025,11,Thanjavur,Cauvery Delta Alluvium,Pulses (Blackgram/Greengram),Rice Fallow (Jan-Feb),43.01,33.9,72.6,191.0,875.2,1206.1,2541.8,1032.3,54.5,High,4
AGRI-11270,2025,5,Karur,Red Sandy & Black Clay,Maize,Rabi (Oct-Jan),4.79,29.0,82.4,49.4,85.1,1117.6,618.5,381.0,10.53,Normal,5
AGRI-11271,2022,2,Madurai,Clayey Red Loam,Groundnut,Thai Pattam (Dec-Jan),35.34,33.2,79.7,63.5,4333.6,1600.4,3327.5,2746.2,56.82,Normal,2
AGRI-11272,2026,11,Thanjavur,Cauvery Delta Alluvium,Cotton,Summer Irrigated (Feb-Jul),30.65,27.7,65.8,206.0,92.8,5775.1,3094.3,1906.8,116.68,High,5
AGRI-11273,2023,5,Tiruchirappalli,Alluvial Clay & Red Loam,Maize,Kharif (Jun-Sep),76.01,34.2,66.3,55.4,1391.3,18689.2,9667.3,5315.1,167.65,Low,4
AGRI-11274,2024,1,Thanjavur,Cauvery Delta Alluvium,Maize,Kharif (Jun-Sep),33.64,25.7,77.1,35.2,607.4,8703.2,4180.2,2544.7,77.19,Low,3
AGRI-11275,2021,12,Madurai,Clayey Red Loam,Maize,Rabi (Oct-Jan),94.65,29.0,55.3,141.9,1788.4,29270.8,14533.2,6561.4,187.72,High,7
AGRI-11276,2025,12,Pudukkottai,Red Laterite & Gravelly,Pulses (Blackgram/Greengram),Rice Fallow (Jan-Feb),62.24,24.2,54.9,179.0,1245.7,1697.2,3666.9,1662.6,78.65,High,2
AGRI-11277,2026,7,Tiruchirappalli,Alluvial Clay & Red Loam,Sugarcane,Mid (Feb-Mar),87.16,24.9,88.7,0.0,31973.2,38057.1,13189.6,16141.0,406.7,Low,3
AGRI-11278,2024,8,Madurai,Clayey Red Loam,Maize,Kharif (Jun-Sep),35.62,28.6,86.3,49.3,652.2,8650.4,4586.0,2567.7,68.57,Normal,3
AGRI-11279,2024,5,Nagapattinam,Coastal Alluvium & Saline,Cotton,Winter Irrigated (Aug-Feb),81.26,34.3,62.9,92.4,235.2,15137.8,8197.1,5454.8,305.7,Low,2
AGRI-11280,2025,11,Pudukkottai,Red Laterite & Gravelly,Pulses (Blackgram/Greengram),Rainfed (Oct-Nov),33.47,28.6,57.7,163.1,695.7,1012.1,1885.8,775.5,40.44,High,6
AGRI-11281,2026,6,Pudukkottai,Red Laterite & Gravelly,Paddy (Rice),Kuruvai (Jun-Sep),34.25,26.1,78.7,67.8,1332.5,7610.5,3781.0,2928.4,98.44,High,3
AGRI-11282,2023,5,Nagapattinam,Coastal Alluvium & Saline,Paddy (Rice),Samba/Thaladi (Aug-Jan),37.46,29.6,78.8,14.8,1458.5,7779.0,4022.0,3302.7,111.53,High,6
AGRI-11283,2022,2,Madurai,Clayey Red Loam,Groundnut,Adipattam (Jul-Aug),14.9,30.6,74.5,25.5,1897.1,666.3,1342.9,1036.8,25.74,Low,4
AGRI-11284,2026,12,Tiruchirappalli,Alluvial Clay & Red Loam,Paddy (Rice),Kuruvai (Jun-Sep),52.07,26.1,53.9,124.3,2089.7,13066.8,6673.3,4699.4,139.92,High,6
AGRI-11285,2021,1,Thanjavur,Cauvery Delta Alluvium,Groundnut,Adipattam (Jul-Aug),59.4,27.8,67.8,71.5,7494.1,2821.8,5155.0,4384.5,103.73,Normal,3
AGRI-11286,2022,12,Thanjavur,Cauvery Delta Alluvium,Cotton,Summer Irrigated (Feb-Jul),71.23,34.8,64.1,128.3,208.4,13645.4,7074.3,4807.0,246.85,High,5
AGRI-11287,2023,2,Madurai,Clayey Red Loam,Paddy (Rice),Kuruvai (Jun-Sep),26.19,31.3,50.8,76.6,1089.9,5536.3,2950.1,2095.0,72.45,High,3
AGRI-11288,2023,4,Karur,Red Sandy & Black Clay,Paddy (Rice),Kuruvai (Jun-Sep),82.89,28.6,57.4,26.1,3191.2,19587.7,9336.0,7282.6,268.07,High,2
AGRI-11289,2022,4,Nagapattinam,Coastal Alluvium & Saline,Cotton,Summer Irrigated (Feb-Jul),55.77,24.8,65.3,83.4,162.4,9873.8,5624.0,3660.1,207.74,Low,5
AGRI-11290,2022,5,Karur,Red Sandy & Black Clay,Cotton,Winter Irrigated (Aug-Feb),19.67,27.4,62.5,20.6,57.6,3202.4,1757.9,1213.3,70.59,Low,2
AGRI-11291,2024,11,Pudukkottai,Red Laterite & Gravelly,Sugarcane,Mid (Feb-Mar),64.48,37.6,60.2,165.8,22934.9,31920.3,11091.5,12313.2,271.04,High,2
AGRI-11292,2024,7,Pudukkottai,Red Laterite & Gravelly,Pulses (Blackgram/Greengram),Rice Fallow (Jan-Feb),36.81,21.4,61.2,59.6,717.2,964.5,1909.0,917.2,48.64,Normal,5
AGRI-11293,2024,6,Karur,Red Sandy & Black Clay,Paddy (Rice),Samba/Thaladi (Aug-Jan),22.77,26.6,65.6,16.3,955.7,4862.2,2571.0,1906.7,65.7,High,3
AGRI-11294,2025,12,Pudukkottai,Red Laterite & Gravelly,Sugarcane,Late (Apr-May),66.27,35.4,73.2,141.1,22871.3,36407.8,11668.3,14161.7,284.08,High,6
AGRI-11295,2023,8,Tiruvarur,Deltaic Alluvium,Cotton,Winter Irrigated (Aug-Feb),10.07,36.2,79.3,53.1,30.7,1723.5,890.3,623.1,40.25,Low,5
AGRI-11296,2024,4,Pudukkottai,Red Laterite & Gravelly,Groundnut,Thai Pattam (Dec-Jan),64.36,27.6,62.4,37.5,8169.2,3020.2,5942.4,5010.9,100.33,Normal,2
AGRI-11297,2021,7,Nagapattinam,Coastal Alluvium & Saline,Pulses (Blackgram/Greengram),Rice Fallow (Jan-Feb),85.47,28.1,69.4,92.0,1699.4,2459.1,4750.4,2231.9,98.17,Normal,2
AGRI-11298,2025,3,Perambalur,Black Cotton Soil,Maize,Kharif (Jun-Sep),38.26,25.3,55.5,20.3,709.7,9745.0,4873.3,2972.8,80.27,Low,4
AGRI-11299,2025,11,Karur,Red Sandy & Black Clay,Sugarcane,Late (Apr-May),17.71,34.9,81.5,126.9,6367.9,9327.7,3148.6,3593.7,115.49,High,3
AGRI-11300,2025,11,Perambalur,Black Cotton Soil,Groundnut,Adipattam (Jul-Aug),9.89,30.2,67.4,160.8,1232.4,552.0,975.1,758.3,17.17,High,3
AGRI-11301,2021,1,Pudukkottai,Red Laterite & Gravelly,Sugarcane,Late (Apr-May),12.2,31.2,83.0,44.4,4397.4,5309.0,1848.6,2512.5,47.05,Normal,2
AGRI-11302,2023,4,Nagapattinam,Coastal Alluvium & Saline,Sugarcane,Mid (Feb-Mar),46.55,38.0,77.6,26.8,16423.1,19796.6,6665.2,9351.9,212.75,Normal,4
AGRI-11303,2024,10,Tiruchirappalli,Alluvial Clay & Red Loam,Paddy (Rice),Samba/Thaladi (Aug-Jan),22.53,24.6,72.9,121.6,913.0,5863.4,2927.5,1775.5,64.92,High,3
AGRI-11304,2025,7,Tiruchirappalli,Alluvial Clay & Red Loam,Sugarcane,Late (Apr-May),81.42,36.3,72.9,81.1,27989.2,40097.9,14683.7,16861.4,331.06,Normal,7
AGRI-11305,2022,1,Karur,Red Sandy & Black Clay,Groundnut,Adipattam (Jul-Aug),21.88,25.8,79.2,41.0,2745.1,1054.4,1987.3,1560.3,37.92,Normal,2
AGRI-11306,2026,2,Pudukkottai,Red Laterite & Gravelly,Maize,Kharif (Jun-Sep),75.64,28.9,78.6,29.3,1326.9,20232.3,9887.9,5776.7,154.89,Normal,2
AGRI-11307,2023,3,Madurai,Clayey Red Loam,Pulses (Blackgram/Greengram),Rainfed (Oct-Nov),86.55,31.3,68.3,65.7,1721.0,2291.5,4192.3,2013.9,112.77,Normal,2
AGRI-11308,2026,7,Madurai,Clayey Red Loam,Cotton,Winter Irrigated (Aug-Feb),13.8,30.7,60.5,19.1,43.0,2078.7,1209.4,949.0,50.04,Normal,2
AGRI-11309,2024,2,Perambalur,Black Cotton Soil,Pulses (Blackgram/Greengram),Rice Fallow (Jan-Feb),40.1,25.7,57.0,11.7,805.8,979.2,1919.8,943.2,50.1,Low,5
AGRI-11310,2025,9,Thanjavur,Cauvery Delta Alluvium,Pulses (Blackgram/Greengram),Rainfed (Oct-Nov),57.74,29.4,88.4,162.4,1138.0,1685.8,3469.3,1375.9,106.73,High,4
AGRI-11311,2026,12,Thanjavur,Cauvery Delta Alluvium,Groundnut,Thai Pattam (Dec-Jan),34.02,24.2,88.5,152.7,4275.6,1871.4,3644.9,2417.9,95.56,High,2
AGRI-11312,2024,3,Madurai,Clayey Red Loam,Sugarcane,Mid (Feb-Mar),72.84,30.7,60.9,72.6,25996.2,30891.6,11318.3,14831.5,297.3,Normal,3
AGRI-11313,2024,3,Perambalur,Black Cotton Soil,Groundnut,Thai Pattam (Dec-Jan),26.61,32.5,82.7,34.8,3210.9,1162.5,2507.9,2063.5,45.55,Normal,6
AGRI-11314,2022,4,Tiruchirappalli,Alluvial Clay & Red Loam,Maize,Rabi (Oct-Jan),48.89,23.4,83.3,21.7,888.6,11698.7,6391.3,3529.6,105.75,Normal,5
AGRI-11315,2023,10,Tiruvarur,Deltaic Alluvium,Groundnut,Chithirai Pattam (Apr-May),57.17,29.6,83.7,178.2,7391.7,3171.1,5807.3,4149.7,165.4,High,5
AGRI-11316,2025,10,Tiruvarur,Deltaic Alluvium,Sugarcane,Late (Apr-May),14.64,31.6,79.4,213.4,5269.1,7641.6,2406.5,3100.7,89.31,High,2
AGRI-11317,2025,5,Tiruchirappalli,Alluvial Clay & Red Loam,Cotton,Winter Irrigated (Aug-Feb),86.68,31.9,62.7,78.3,252.6,14483.4,8004.8,5264.3,346.23,Normal,4
AGRI-11318,2026,11,Perambalur,Black Cotton Soil,Maize,Rabi (Oct-Jan),14.42,27.1,75.6,166.4,249.8,4474.5,2148.2,1089.9,45.04,High,3
AGRI-11319,2025,12,Thanjavur,Cauvery Delta Alluvium,Sugarcane,Late (Apr-May),86.2,27.2,88.0,195.4,30526.4,43620.0,14619.6,16696.5,567.76,High,5
AGRI-11320,2023,12,Pudukkottai,Red Laterite & Gravelly,Groundnut,Thai Pattam (Dec-Jan),73.55,29.4,74.2,211.5,9324.7,3785.2,7717.2,5645.4,122.41,High,3
AGRI-11321,2021,12,Perambalur,Black Cotton Soil,Paddy (Rice),Samba/Thaladi (Aug-Jan),6.98,26.1,59.8,175.1,290.5,1664.3,866.9,585.4,19.11,High,3
AGRI-11322,2023,10,Perambalur,Black Cotton Soil,Pulses (Blackgram/Greengram),Rice Fallow (Jan-Feb),85.65,23.9,76.7,158.3,1755.9,2517.6,4757.8,2166.8,171.27,High,4
AGRI-11323,2022,6,Karur,Red Sandy & Black Clay,Maize,Rabi (Oct-Jan),76.75,31.0,78.4,19.5,1357.4,18456.2,9989.8,5957.8,156.61,Low,5
AGRI-11324,2026,6,Tiruvarur,Deltaic Alluvium,Cotton,Winter Irrigated (Aug-Feb),34.14,34.4,54.5,59.7,100.9,5863.9,3204.2,2169.4,141.49,Normal,6
AGRI-11325,2022,6,Tiruchirappalli,Alluvial Clay & Red Loam,Sugarcane,Mid (Feb-Mar),44.33,25.4,59.3,51.1,15148.0,19217.1,6371.9,9007.9,207.76,Low,3
AGRI-11326,2023,1,Perambalur,Black Cotton Soil,Sugarcane,Early (Dec-Jan),86.83,28.2,57.7,85.8,29422.8,42853.6,14956.3,18454.7,380.86,Normal,3
AGRI-11327,2024,9,Karur,Red Sandy & Black Clay,Paddy (Rice),Samba/Thaladi (Aug-Jan),88.3,25.8,78.7,157.9,3512.3,21479.5,11570.3,7844.2,411.86,High,3
AGRI-11328,2021,4,Pudukkottai,Red Laterite & Gravelly,Paddy (Rice),Kuruvai (Jun-Sep),56.74,28.0,82.8,15.3,2316.0,11700.3,6289.1,4902.2,159.78,High,6
AGRI-11329,2021,10,Nagapattinam,Coastal Alluvium & Saline,Maize,Rabi (Oct-Jan),8.22,30.6,68.1,239.2,146.6,2451.5,1250.6,631.9,15.97,High,7
AGRI-11330,2021,12,Pudukkottai,Red Laterite & Gravelly,Cotton,Summer Irrigated (Feb-Jul),44.08,32.7,83.8,103.2,127.9,8011.4,4620.5,2836.0,287.07,High,2
AGRI-11331,2023,8,Karur,Red Sandy & Black Clay,Cotton,Summer Irrigated (Feb-Jul),70.39,33.6,82.9,9.3,217.1,10804.8,6407.5,4835.5,296.81,Normal,7
AGRI-11332,2026,7,Madurai,Clayey Red Loam,Maize,Rabi (Oct-Jan),33.95,24.3,77.2,53.9,588.1,8626.1,4437.2,2656.3,75.21,Low,5
AGRI-11333,2026,10,Tiruchirappalli,Alluvial Clay & Red Loam,Maize,Kharif (Jun-Sep),8.04,22.6,73.0,159.1,144.5,2266.0,1158.2,572.7,17.2,High,6
AGRI-11334,2021,3,Pudukkottai,Red Laterite & Gravelly,Groundnut,Chithirai Pattam (Apr-May),37.52,31.9,77.2,33.7,4712.6,1591.3,3493.6,2844.8,60.11,Normal,2
AGRI-11335,2022,10,Nagapattinam,Coastal Alluvium & Saline,Maize,Rabi (Oct-Jan),72.09,28.3,86.7,255.1,1262.4,20634.7,10884.6,5482.2,264.55,High,5
AGRI-11336,2025,12,Nagapattinam,Coastal Alluvium & Saline,Sugarcane,Mid (Feb-Mar),26.35,31.9,83.7,245.5,8913.0,14697.2,4725.2,5575.1,165.53,High,2
AGRI-11337,2024,6,Thanjavur,Cauvery Delta Alluvium,Cotton,Winter Irrigated (Aug-Feb),17.64,29.4,68.1,72.2,54.6,2831.4,1665.9,1109.2,65.85,Normal,3
AGRI-11338,2023,7,Pudukkottai,Red Laterite & Gravelly,Pulses (Blackgram/Greengram),Rainfed (Oct-Nov),59.26,27.5,67.9,52.4,1226.4,1382.6,2935.4,1393.7,68.1,Low,5
AGRI-11339,2023,7,Tiruvarur,Deltaic Alluvium,Groundnut,Adipattam (Jul-Aug),51.88,27.9,84.4,24.4,6299.4,2327.8,4630.9,3867.0,90.97,Low,3
AGRI-11340,2025,8,Pudukkottai,Red Laterite & Gravelly,Pulses (Blackgram/Greengram),Rice Fallow (Jan-Feb),56.55,22.6,61.3,23.2,1097.0,1407.5,2907.4,1379.4,64.96,Normal,3
AGRI-11341,2025,12,Karur,Red Sandy & Black Clay,Maize,Rabi (Oct-Jan),88.98,31.4,50.3,137.0,1664.0,25224.6,13786.7,6431.2,197.44,High,5
AGRI-11342,2026,10,Tiruchirappalli,Alluvial Clay & Red Loam,Sugarcane,Early (Dec-Jan),51.5,27.5,78.6,128.3,18025.4,27708.5,8578.2,9562.7,356.25,High,7
AGRI-11343,2026,7,Karur,Red Sandy & Black Clay,Cotton,Winter Irrigated (Aug-Feb),47.66,32.9,66.6,27.4,139.1,8078.8,4495.1,3091.8,172.11,Normal,2
AGRI-11344,2021,12,Tiruvarur,Deltaic Alluvium,Sugarcane,Early (Dec-Jan),65.02,33.7,89.8,217.5,23262.7,34347.3,11214.6,13407.3,403.28,High,3
AGRI-11345,2026,11,Perambalur,Black Cotton Soil,Paddy (Rice),Samba/Thaladi (Aug-Jan),25.92,33.6,51.0,124.5,1000.2,6951.6,3162.7,2232.4,82.35,High,2
AGRI-11346,2026,1,Nagapattinam,Coastal Alluvium & Saline,Cotton,Winter Irrigated (Aug-Feb),9.66,33.4,54.6,0.8,29.7,1644.8,881.8,628.6,33.65,Low,6
AGRI-11347,2026,2,Tiruchirappalli,Alluvial Clay & Red Loam,Cotton,Summer Irrigated (Feb-Jul),8.17,26.5,64.6,30.5,23.7,1257.6,722.8,530.2,32.63,Low,4
AGRI-11348,2024,6,Nagapattinam,Coastal Alluvium & Saline,Maize,Rabi (Oct-Jan),35.08,27.9,66.9,96.9,631.6,10116.3,5410.0,2637.1,67.68,Normal,6
AGRI-11349,2024,10,Tiruvarur,Deltaic Alluvium,Maize,Kharif (Jun-Sep),51.26,28.2,70.3,131.1,921.0,15471.5,8029.5,3602.0,111.66,High,5
AGRI-11350,2025,12,Perambalur,Black Cotton Soil,Maize,Rabi (Oct-Jan),68.43,24.8,67.4,156.6,1218.0,18379.3,10710.7,5134.5,142.87,High,4
AGRI-11351,2025,6,Pudukkottai,Red Laterite & Gravelly,Pulses (Blackgram/Greengram),Rice Fallow (Jan-Feb),41.53,27.6,65.5,33.4,815.9,1067.8,2132.7,1034.5,50.94,Normal,5
AGRI-11352,2026,8,Tiruvarur,Deltaic Alluvium,Paddy (Rice),Samba/Thaladi (Aug-Jan),33.5,28.3,67.9,62.7,1311.5,7754.8,3786.8,2622.5,106.99,High,4
AGRI-11353,2022,8,Nagapattinam,Coastal Alluvium & Saline,Sugarcane,Mid (Feb-Mar),72.24,31.0,77.2,55.7,25116.8,33834.3,10360.5,13985.5,335.41,Normal,4
AGRI-11354,2021,9,Perambalur,Black Cotton Soil,Paddy (Rice),Kuruvai (Jun-Sep),45.71,28.5,69.8,183.1,1792.1,12255.7,5981.6,4128.3,146.12,High,5
AGRI-11355,2021,9,Madurai,Clayey Red Loam,Pulses (Blackgram/Greengram),Rice Fallow (Jan-Feb),29.56,24.5,70.2,154.3,567.6,867.2,1616.2,780.5,35.13,High,2
AGRI-11356,2022,4,Tiruvarur,Deltaic Alluvium,Pulses (Blackgram/Greengram),Rainfed (Oct-Nov),29.81,26.4,78.5,53.5,607.9,803.2,1430.0,754.8,41.97,Normal,7
AGRI-11357,2021,7,Thanjavur,Cauvery Delta Alluvium,Pulses (Blackgram/Greengram),Rainfed (Oct-Nov),36.24,29.0,66.7,66.5,698.5,925.4,1844.8,904.7,43.97,Normal,4
AGRI-11358,2026,6,Tiruchirappalli,Alluvial Clay & Red Loam,Paddy (Rice),Navarai (Dec-Mar),16.59,25.5,58.2,38.3,678.5,3463.9,1749.8,1313.4,47.23,Low,6
AGRI-11359,2023,12,Tiruchirappalli,Alluvial Clay & Red Loam,Maize,Kharif (Jun-Sep),28.82,28.8,82.0,114.9,525.4,7808.4,4500.2,2000.6,102.56,High,2
AGRI-11360,2024,1,Thanjavur,Cauvery Delta Alluvium,Maize,Kharif (Jun-Sep),5.34,22.3,73.5,75.3,99.6,1423.7,701.0,420.3,12.51,Normal,3
AGRI-11361,2023,8,Pudukkottai,Red Laterite & Gravelly,Cotton,Winter Irrigated (Aug-Feb),85.23,30.7,74.0,39.7,251.3,13178.2,7974.6,5516.7,323.04,Normal,7
AGRI-11362,2022,1,Karur,Red Sandy & Black Clay,Pulses (Blackgram/Greengram),Rice Fallow (Jan-Feb),83.59,28.0,77.6,28.6,1682.9,2040.8,4195.7,2005.3,116.76,Low,3
AGRI-11363,2023,1,Madurai,Clayey Red Loam,Pulses (Blackgram/Greengram),Rice Fallow (Jan-Feb),6.14,29.2,72.9,49.7,125.3,151.4,292.2,143.2,7.09,Normal,4
AGRI-11364,2021,7,Nagapattinam,Coastal Alluvium & Saline,Sugarcane,Mid (Feb-Mar),90.78,35.2,91.5,53.7,32376.4,39321.6,13750.8,18780.5,423.35,Normal,2
AGRI-11365,2021,10,Tiruchirappalli,Alluvial Clay & Red Loam,Paddy (Rice),Navarai (Dec-Mar),7.35,32.7,52.8,145.8,282.3,1991.7,962.7,624.6,19.9,High,6
AGRI-11366,2021,6,Nagapattinam,Coastal Alluvium & Saline,Cotton,Summer Irrigated (Feb-Jul),52.8,30.8,81.1,40.8,155.2,8418.6,4716.2,3282.2,200.31,Low,3
AGRI-11367,2022,3,Tiruchirappalli,Alluvial Clay & Red Loam,Groundnut,Chithirai Pattam (Apr-May),64.88,28.5,85.8,77.1,8354.8,3106.8,6120.3,5038.1,190.29,Low,4
AGRI-11368,2021,6,Nagapattinam,Coastal Alluvium & Saline,Paddy (Rice),Kuruvai (Jun-Sep),65.48,29.3,58.5,62.5,2745.1,13601.8,7263.7,5224.7,188.54,High,7
AGRI-11369,2024,7,Perambalur,Black Cotton Soil,Groundnut,Chithirai Pattam (Apr-May),70.34,28.1,80.6,35.1,8819.8,3355.3,6336.4,5232.3,130.5,Low,3
AGRI-11370,2024,9,Nagapattinam,Coastal Alluvium & Saline,Maize,Kharif (Jun-Sep),51.15,28.5,53.7,300.6,948.7,14032.4,7971.4,3628.3,101.62,High,5
AGRI-11371,2025,12,Perambalur,Black Cotton Soil,Maize,Rabi (Oct-Jan),50.13,28.3,68.8,188.8,881.5,15385.4,7571.0,3962.0,108.48,High,6
AGRI-11372,2025,10,Tiruchirappalli,Alluvial Clay & Red Loam,Maize,Rabi (Oct-Jan),24.87,24.6,55.7,135.5,448.5,7114.9,3894.5,1949.9,51.98,High,2
AGRI-11373,2026,9,Nagapattinam,Coastal Alluvium & Saline,Groundnut,Adipattam (Jul-Aug),4.78,25.0,87.5,263.6,603.3,237.0,473.5,374.1,13.29,High,4
AGRI-11374,2025,9,Perambalur,Black Cotton Soil,Cotton,Winter Irrigated (Aug-Feb),43.33,35.6,63.0,154.4,132.4,8340.1,4262.4,2846.1,158.71,High,6
AGRI-11375,2025,8,Tiruvarur,Deltaic Alluvium,Groundnut,Adipattam (Jul-Aug),34.84,28.8,59.8,42.6,4467.3,1493.3,3177.5,2429.0,59.91,Normal,7
AGRI-11376,2025,1,Madurai,Clayey Red Loam,Cotton,Winter Irrigated (Aug-Feb),39.64,31.3,91.8,37.0,115.4,6431.9,3526.4,2713.1,136.92,Low,5
AGRI-11377,2023,3,Nagapattinam,Coastal Alluvium & Saline,Paddy (Rice),Kuruvai (Jun-Sep),86.18,29.6,60.9,90.8,3383.5,23368.6,11157.7,7056.0,232.15,High,4
AGRI-11378,2026,5,Madurai,Clayey Red Loam,Pulses (Blackgram/Greengram),Rice Fallow (Jan-Feb),30.72,26.7,82.6,41.8,610.9,818.3,1580.4,748.2,37.87,Normal,4
AGRI-11379,2023,7,Karur,Red Sandy & Black Clay,Cotton,Winter Irrigated (Aug-Feb),63.12,31.7,89.0,34.3,196.7,10159.8,5843.6,4120.2,262.77,Normal,7
AGRI-11380,2024,8,Perambalur,Black Cotton Soil,Pulses (Blackgram/Greengram),Rice Fallow (Jan-Feb),22.46,28.1,51.2,56.0,446.0,561.9,1170.7,592.5,27.6,Low,3
AGRI-11381,2022,11,Perambalur,Black Cotton Soil,Groundnut,Thai Pattam (Dec-Jan),79.19,27.0,91.0,150.3,9803.2,4140.4,8078.2,6144.0,229.61,High,4
AGRI-11382,2025,3,Tiruchirappalli,Alluvial Clay & Red Loam,Cotton,Winter Irrigated (Aug-Feb),51.71,29.3,84.6,46.0,149.6,8274.6,4527.0,3464.5,217.48,Normal,6
AGRI-11383,2026,11,Karur,Red Sandy & Black Clay,Pulses (Blackgram/Greengram),Rainfed (Oct-Nov),92.18,23.1,64.1,88.3,1821.6,2601.2,5504.3,2168.3,117.77,Low,4
AGRI-11384,2025,6,Nagapattinam,Coastal Alluvium & Saline,Sugarcane,Mid (Feb-Mar),19.9,38.5,54.2,22.3,7047.5,8697.2,3095.1,3901.1,79.55,Normal,5
AGRI-11385,2026,7,Tiruvarur,Deltaic Alluvium,Groundnut,Adipattam (Jul-Aug),86.32,31.8,79.1,59.5,10871.7,3935.3,7906.2,6294.6,143.12,Normal,2
AGRI-11386,2026,2,Perambalur,Black Cotton Soil,Paddy (Rice),Navarai (Dec-Mar),56.58,26.9,78.0,70.7,2245.5,12987.5,6049.5,4751.9,242.44,Normal,5
AGRI-11387,2021,7,Madurai,Clayey Red Loam,Sugarcane,Late (Apr-May),44.65,30.0,54.0,84.4,15529.2,22955.6,7873.0,9380.3,177.75,Normal,5
AGRI-11388,2021,9,Thanjavur,Cauvery Delta Alluvium,Sugarcane,Mid (Feb-Mar),26.32,33.5,50.6,177.9,9316.9,12838.4,4691.1,5032.8,120.12,High,3
AGRI-11389,2026,8,Pudukkottai,Red Laterite & Gravelly,Paddy (Rice),Samba/Thaladi (Aug-Jan),89.54,26.8,63.9,53.1,3484.4,20745.5,10257.5,7805.6,264.29,High,3
AGRI-11390,2023,4,Thanjavur,Cauvery Delta Alluvium,Sugarcane,Early (Dec-Jan),79.07,32.4,90.2,34.5,28898.2,36600.4,12038.7,14684.5,329.75,Normal,3
AGRI-11391,2026,3,Karur,Red Sandy & Black Clay,Cotton,Winter Irrigated (Aug-Feb),53.65,32.2,60.3,7.8,159.9,8470.6,4676.3,3527.2,189.67,Normal,4
AGRI-11392,2026,5,Tiruchirappalli,Alluvial Clay & Red Loam,Pulses (Blackgram/Greengram),Rainfed (Oct-Nov),20.45,25.5,68.3,46.9,421.9,543.5,1041.5,536.0,27.28,Normal,6
AGRI-11393,2026,2,Madurai,Clayey Red Loam,Paddy (Rice),Navarai (Dec-Mar),32.16,26.3,54.8,56.0,1249.6,7538.5,3700.3,2846.6,105.26,Normal,3
AGRI-11394,2026,10,Thanjavur,Cauvery Delta Alluvium,Maize,Kharif (Jun-Sep),10.21,21.6,59.6,178.4,186.2,2838.3,1536.7,713.2,21.06,High,3
AGRI-11395,2021,1,Madurai,Clayey Red Loam,Maize,Rabi (Oct-Jan),35.71,28.2,70.5,38.5,666.3,9294.2,4800.4,2496.5,82.71,Normal,2
AGRI-11396,2021,3,Karur,Red Sandy & Black Clay,Cotton,Winter Irrigated (Aug-Feb),3.04,32.7,83.9,10.8,9.3,517.1,280.3,191.0,11.35,Normal,2
AGRI-11397,2024,7,Pudukkottai,Red Laterite & Gravelly,Groundnut,Adipattam (Jul-Aug),6.87,29.9,50.4,98.0,845.5,367.2,708.1,500.9,12.12,Low,6
AGRI-11398,2025,9,Tiruvarur,Deltaic Alluvium,Sugarcane,Mid (Feb-Mar),11.4,28.6,73.1,191.8,3847.8,6150.5,1887.9,2181.2,47.61,High,2
AGRI-11399,2021,2,Karur,Red Sandy & Black Clay,Sugarcane,Early (Dec-Jan),24.24,33.1,83.4,65.2,8203.3,11375.3,3594.8,4548.6,110.39,Normal,5
AGRI-11400,2025,10,Perambalur,Black Cotton Soil,Paddy (Rice),Kuruvai (Jun-Sep),65.1,31.1,79.5,165.7,2619.4,17062.6,8357.0,5446.4,289.3,High,2
AGRI-11401,2021,5,Tiruchirappalli,Alluvial Clay & Red Loam,Cotton,Winter Irrigated (Aug-Feb),67.13,29.8,54.8,15.3,209.1,10033.4,6134.9,4363.3,265.36,Normal,2
AGRI-11402,2025,6,Nagapattinam,Coastal Alluvium & Saline,Maize,Kharif (Jun-Sep),9.99,31.0,83.5,55.6,178.5,2549.5,1252.2,733.8,20.69,Low,2
AGRI-11403,2024,2,Tiruvarur,Deltaic Alluvium,Maize,Rabi (Oct-Jan),24.36,26.0,54.9,79.4,437.3,5792.8,3143.3,1841.1,51.15,Low,3
AGRI-11404,2025,4,Perambalur,Black Cotton Soil,Maize,Rabi (Oct-Jan),89.45,25.5,69.3,47.2,1665.0,20953.2,11895.3,6390.8,198.48,Normal,7
AGRI-11405,2023,7,Perambalur,Black Cotton Soil,Paddy (Rice),Samba/Thaladi (Aug-Jan),84.43,24.6,80.6,39.0,3332.7,19019.1,8917.9,6802.2,254.32,High,2
AGRI-11406,2024,4,Perambalur,Black Cotton Soil,Groundnut,Thai Pattam (Dec-Jan),84.56,28.0,85.4,35.3,11076.6,3760.0,7618.4,6294.2,130.07,Low,5
AGRI-11407,2023,9,Nagapattinam,Coastal Alluvium & Saline,Paddy (Rice),Kuruvai (Jun-Sep),22.84,22.0,79.0,218.1,957.3,6021.4,2786.7,2064.2,120.58,High,6
AGRI-11408,2024,1,Thanjavur,Cauvery Delta Alluvium,Pulses (Blackgram/Greengram),Rice Fallow (Jan-Feb),37.96,28.8,51.8,30.8,792.8,903.2,1821.0,950.4,45.37,Normal,6
AGRI-11409,2025,4,Karur,Red Sandy & Black Clay,Maize,Kharif (Jun-Sep),4.39,27.4,74.5,67.5,76.2,1156.9,561.3,325.0,9.65,Low,7
AGRI-11410,2023,10,Karur,Red Sandy & Black Clay,Groundnut,Adipattam (Jul-Aug),59.32,29.8,56.8,96.8,7688.1,3218.9,6439.1,4330.6,107.13,Low,6
AGRI-11411,2021,8,Thanjavur,Cauvery Delta Alluvium,Paddy (Rice),Samba/Thaladi (Aug-Jan),22.04,31.2,86.2,17.6,912.1,4631.7,2414.9,1991.9,71.03,High,5
AGRI-11412,2021,7,Tiruvarur,Deltaic Alluvium,Pulses (Blackgram/Greengram),Rainfed (Oct-Nov),57.69,28.8,88.4,57.8,1194.8,1387.0,2986.3,1480.6,76.69,Normal,6
AGRI-11413,2026,1,Perambalur,Black Cotton Soil,Groundnut,Chithirai Pattam (Apr-May),13.03,29.0,70.7,0.8,1588.8,579.5,1208.2,1000.4,21.99,Normal,2
AGRI-11414,2023,10,Thanjavur,Cauvery Delta Alluvium,Maize,Rabi (Oct-Jan),5.89,30.0,75.3,136.0,103.3,1665.6,862.6,440.6,19.35,High,3
AGRI-11415,2022,11,Pudukkottai,Red Laterite & Gravelly,Pulses (Blackgram/Greengram),Rainfed (Oct-Nov),57.79,30.1,55.2,149.3,1185.8,1695.6,3208.0,1526.5,78.91,High,4
AGRI-11416,2021,10,Thanjavur,Cauvery Delta Alluvium,Maize,Rabi (Oct-Jan),67.3,22.7,86.9,207.7,1261.4,20407.5,10395.5,5300.6,249.3,High,2
AGRI-11417,2024,1,Tiruvarur,Deltaic Alluvium,Pulses (Blackgram/Greengram),Rice Fallow (Jan-Feb),13.74,28.3,75.1,50.8,269.0,359.3,669.9,328.1,16.98,Normal,3
AGRI-11418,2025,7,Nagapattinam,Coastal Alluvium & Saline,Paddy (Rice),Samba/Thaladi (Aug-Jan),50.72,34.3,76.1,78.3,2068.5,10983.8,5740.0,4314.5,222.84,High,4
AGRI-11419,2025,10,Tiruchirappalli,Alluvial Clay & Red Loam,Groundnut,Thai Pattam (Dec-Jan),82.63,31.3,76.7,173.5,10794.7,4570.6,8482.5,6173.9,204.06,High,3
AGRI-11420,2022,7,Nagapattinam,Coastal Alluvium & Saline,Groundnut,Adipattam (Jul-Aug),44.39,28.8,70.1,50.4,5332.4,2133.3,3917.4,3387.7,78.65,Normal,7
AGRI-11421,2021,7,Thanjavur,Cauvery Delta Alluvium,Pulses (Blackgram/Greengram),Rice Fallow (Jan-Feb),64.82,22.3,68.2,64.6,1264.2,1692.0,3258.1,1698.2,77.2,Normal,7
AGRI-11422,2022,6,Tiruvarur,Deltaic Alluvium,Pulses (Blackgram/Greengram),Rainfed (Oct-Nov),3.18,29.1,64.7,72.4,64.8,85.6,157.7,76.4,4.2,Normal,6
AGRI-11423,2023,4,Thanjavur,Cauvery Delta Alluvium,Cotton,Summer Irrigated (Feb-Jul),59.94,30.8,58.1,18.3,182.9,9350.8,5300.1,3639.0,238.29,Low,2
AGRI-11424,2026,2,Tiruvarur,Deltaic Alluvium,Maize,Kharif (Jun-Sep),5.01,24.1,75.9,25.1,94.6,1171.4,681.1,359.3,10.48,Normal,5
AGRI-11425,2022,10,Perambalur,Black Cotton Soil,Groundnut,Chithirai Pattam (Apr-May),34.6,26.4,73.9,116.8,4477.3,1878.2,3682.6,2506.3,56.57,High,7
AGRI-11426,2024,7,Tiruvarur,Deltaic Alluvium,Cotton,Winter Irrigated (Aug-Feb),64.78,30.1,67.2,39.2,195.6,10579.1,6093.9,4036.4,248.77,Low,2
AGRI-11427,2026,1,Perambalur,Black Cotton Soil,Maize,Rabi (Oct-Jan),49.47,29.6,62.1,9.1,869.0,13252.6,6717.1,3722.0,102.56,Normal,5
AGRI-11428,2025,6,Nagapattinam,Coastal Alluvium & Saline,Cotton,Winter Irrigated (Aug-Feb),17.59,33.5,87.9,69.6,52.4,2732.2,1660.0,1134.1,69.9,Normal,2
AGRI-11429,2023,6,Perambalur,Black Cotton Soil,Groundnut,Adipattam (Jul-Aug),21.88,32.8,69.8,33.1,2656.3,996.8,1910.4,1519.0,38.32,Normal,6
AGRI-11430,2025,8,Karur,Red Sandy & Black Clay,Sugarcane,Late (Apr-May),22.13,30.1,80.6,51.2,7795.6,9909.2,3302.9,4429.7,96.64,Normal,5
AGRI-11431,2024,12,Perambalur,Black Cotton Soil,Pulses (Blackgram/Greengram),Rice Fallow (Jan-Feb),81.44,34.7,86.4,154.6,1687.7,2395.7,4873.9,1897.8,183.38,High,3
AGRI-11432,2021,6,Karur,Red Sandy & Black Clay,Pulses (Blackgram/Greengram),Rainfed (Oct-Nov),38.78,31.4,80.6,36.2,810.4,1001.4,1916.6,988.2,47.34,Low,7
AGRI-11433,2026,4,Tiruvarur,Deltaic Alluvium,Sugarcane,Mid (Feb-Mar),92.19,24.9,91.3,62.3,33539.9,44755.8,13521.8,19063.4,354.06,Normal,4
AGRI-11434,2024,6,Perambalur,Black Cotton Soil,Pulses (Blackgram/Greengram),Rice Fallow (Jan-Feb),31.26,20.4,87.9,37.7,639.7,795.7,1625.4,812.9,36.96,Normal,2
AGRI-11435,2022,9,Pudukkottai,Red Laterite & Gravelly,Paddy (Rice),Navarai (Dec-Mar),32.44,30.4,81.3,119.1,1334.0,8269.7,4016.5,2637.9,163.2,High,6
AGRI-11436,2022,6,Tiruchirappalli,Alluvial Clay & Red Loam,Pulses (Blackgram/Greengram),Rainfed (Oct-Nov),49.87,22.0,53.6,6.4,991.4,1221.8,2609.9,1261.2,60.14,Low,4
AGRI-11437,2024,8,Pudukkottai,Red Laterite & Gravelly,Sugarcane,Late (Apr-May),34.9,30.6,87.4,32.7,11783.1,15063.4,5194.4,6687.3,155.68,Low,3
AGRI-11438,2026,12,Karur,Red Sandy & Black Clay,Maize,Rabi (Oct-Jan),68.98,23.5,78.3,99.9,1241.1,19697.9,10288.6,5413.2,255.73,Normal,5
AGRI-11439,2023,6,Thanjavur,Cauvery Delta Alluvium,Maize,Rabi (Oct-Jan),45.14,29.8,67.4,26.3,808.7,11406.1,5983.6,3373.4,105.36,Low,6
AGRI-11440,2024,6,Madurai,Clayey Red Loam,Maize,Rabi (Oct-Jan),59.23,30.2,89.5,92.7,1036.8,16741.2,8580.6,4586.6,214.53,Normal,2
AGRI-11441,2024,9,Madurai,Clayey Red Loam,Maize,Rabi (Oct-Jan),46.47,26.3,62.9,151.1,809.6,13060.4,6927.2,3315.0,105.75,High,2
AGRI-11442,2026,1,Tiruchirappalli,Alluvial Clay & Red Loam,Paddy (Rice),Navarai (Dec-Mar),55.32,27.1,80.5,55.0,2228.9,13068.4,5983.9,4789.6,161.35,Normal,4
AGRI-11443,2024,7,Nagapattinam,Coastal Alluvium & Saline,Pulses (Blackgram/Greengram),Rice Fallow (Jan-Feb),93.51,37.3,78.2,99.5,1922.2,2646.1,5334.6,2178.3,199.14,Low,6
AGRI-11444,2021,9,Perambalur,Black Cotton Soil,Cotton,Winter Irrigated (Aug-Feb),11.92,34.7,81.5,126.1,35.6,2064.9,1262.1,767.5,71.94,High,2
AGRI-11445,2026,1,Perambalur,Black Cotton Soil,Groundnut,Adipattam (Jul-Aug),28.46,28.4,66.8,72.7,3538.0,1361.1,2614.7,1968.8,47.51,Normal,3
AGRI-11446,2021,9,Perambalur,Black Cotton Soil,Cotton,Summer Irrigated (Feb-Jul),61.88,33.9,50.2,111.3,186.5,12140.1,6632.2,3890.8,256.67,High,7
AGRI-11447,2024,3,Nagapattinam,Coastal Alluvium & Saline,Groundnut,Thai Pattam (Dec-Jan),87.1,29.3,62.9,4.6,10660.9,3992.5,7517.8,6454.6,157.39,Normal,4
AGRI-11448,2023,3,Karur,Red Sandy & Black Clay,Maize,Rabi (Oct-Jan),2.75,25.6,54.3,8.8,50.4,725.8,375.1,206.4,6.22,Normal,7
AGRI-11449,2024,5,Perambalur,Black Cotton Soil,Cotton,Summer Irrigated (Feb-Jul),11.33,26.9,65.4,43.3,33.1,1825.7,988.7,777.0,48.26,Low,4
AGRI-11450,2025,9,Thanjavur,Cauvery Delta Alluvium,Cotton,Winter Irrigated (Aug-Feb),74.26,29.0,55.0,175.5,231.4,14360.8,7346.1,4858.8,274.61,High,7
AGRI-11451,2024,6,Thanjavur,Cauvery Delta Alluvium,Sugarcane,Late (Apr-May),35.89,33.0,86.3,38.9,12760.9,15541.1,5225.0,7523.1,157.0,Low,4
AGRI-11452,2021,12,Thanjavur,Cauvery Delta Alluvium,Groundnut,Thai Pattam (Dec-Jan),7.63,25.1,84.4,191.7,926.5,403.1,814.7,553.2,19.25,High,7
AGRI-11453,2026,4,Pudukkottai,Red Laterite & Gravelly,Groundnut,Adipattam (Jul-Aug),92.97,30.6,52.7,25.9,11358.5,3947.7,8021.9,7171.9,145.31,Normal,3
AGRI-11454,2023,4,Pudukkottai,Red Laterite & Gravelly,Pulses (Blackgram/Greengram),Rainfed (Oct-Nov),81.03,32.0,51.6,13.7,1557.3,2017.9,3884.6,2080.1,113.29,Low,6
AGRI-11455,2026,6,Perambalur,Black Cotton Soil,Cotton,Summer Irrigated (Feb-Jul),32.08,26.5,68.2,58.4,100.9,5007.2,2968.9,2150.5,115.4,Normal,6
AGRI-11456,2023,3,Tiruvarur,Deltaic Alluvium,Maize,Rabi (Oct-Jan),7.59,25.7,76.0,68.7,136.3,1794.5,1005.9,556.4,16.79,Low,7
AGRI-11457,2026,12,Thanjavur,Cauvery Delta Alluvium,Paddy (Rice),Kuruvai (Jun-Sep),51.2,21.4,55.6,189.6,1992.1,13648.4,6752.1,4103.0,139.89,High,5
AGRI-11458,2022,11,Pudukkottai,Red Laterite & Gravelly,Pulses (Blackgram/Greengram),Rainfed (Oct-Nov),74.85,32.7,66.0,118.1,1522.2,2161.6,4432.8,1920.4,101.55,High,2
AGRI-11459,2022,11,Pudukkottai,Red Laterite & Gravelly,Groundnut,Chithirai Pattam (Apr-May),76.47,30.6,81.9,154.4,9781.6,3774.0,7543.1,6102.4,215.85,High,4
AGRI-11460,2026,3,Pudukkottai,Red Laterite & Gravelly,Groundnut,Adipattam (Jul-Aug),26.0,25.5,55.1,46.2,3217.9,1246.2,2412.9,1890.9,49.46,Normal,7
AGRI-11461,2021,7,Tiruvarur,Deltaic Alluvium,Pulses (Blackgram/Greengram),Rainfed (Oct-Nov),6.56,28.4,89.3,80.0,137.2,162.3,343.7,174.6,12.08,Normal,6
AGRI-11462,2025,12,Karur,Red Sandy & Black Clay,Paddy (Rice),Navarai (Dec-Mar),56.56,26.3,78.9,105.2,2251.1,14653.8,7050.7,5003.7,253.49,High,6
AGRI-11463,2025,8,Madurai,Clayey Red Loam,Groundnut,Thai Pattam (Dec-Jan),69.84,27.8,91.3,27.8,8898.6,2947.5,6378.1,5514.3,110.46,Normal,6
AGRI-11464,2022,9,Thanjavur,Cauvery Delta Alluvium,Paddy (Rice),Navarai (Dec-Mar),37.85,32.9,74.7,185.2,1573.6,9988.3,4843.3,3063.3,101.76,High,4
AGRI-11465,2025,10,Thanjavur,Cauvery Delta Alluvium,Pulses (Blackgram/Greengram),Rainfed (Oct-Nov),76.28,33.9,73.5,217.2,1506.9,2233.3,4497.3,1828.7,104.84,High,7
AGRI-11466,2023,8,Tiruchirappalli,Alluvial Clay & Red Loam,Cotton,Winter Irrigated (Aug-Feb),14.35,27.6,53.9,59.7,43.8,2417.7,1269.7,889.1,57.34,Normal,5
AGRI-11467,2025,9,Tiruchirappalli,Alluvial Clay & Red Loam,Groundnut,Adipattam (Jul-Aug),39.87,32.0,67.4,169.2,5080.8,2102.4,3989.0,3098.3,75.01,High,6
AGRI-11468,2022,12,Tiruvarur,Deltaic Alluvium,Sugarcane,Late (Apr-May),52.13,32.2,65.7,211.9,18710.3,27846.7,9290.8,10350.3,219.36,High,5
AGRI-11469,2023,6,Tiruchirappalli,Alluvial Clay & Red Loam,Groundnut,Adipattam (Jul-Aug),76.66,32.3,84.9,39.2,9398.5,3537.4,6610.4,5701.4,143.01,Low,7
AGRI-11470,2022,9,Pudukkottai,Red Laterite & Gravelly,Groundnut,Thai Pattam (Dec-Jan),67.25,28.9,69.2,183.2,8741.3,3721.3,6910.6,4884.8,105.92,High,7
AGRI-11471,2024,7,Thanjavur,Cauvery Delta Alluvium,Groundnut,Thai Pattam (Dec-Jan),26.29,24.7,64.9,13.5,3385.1,1177.6,2457.6,1994.8,44.56,Normal,6
AGRI-11472,2021,10,Nagapattinam,Coastal Alluvium & Saline,Pulses (Blackgram/Greengram),Rice Fallow (Jan-Feb),90.88,26.2,57.7,269.5,1776.3,2444.7,5360.7,2201.8,116.4,High,7
AGRI-11473,2022,3,Tiruvarur,Deltaic Alluvium,Sugarcane,Mid (Feb-Mar),51.0,39.5,59.0,86.7,17906.5,26169.0,8400.6,10345.5,231.62,Low,5
AGRI-11474,2025,1,Tiruchirappalli,Alluvial Clay & Red Loam,Paddy (Rice),Navarai (Dec-Mar),27.9,30.2,62.6,31.4,1146.5,6053.4,3186.0,2323.8,92.72,Normal,5
AGRI-11475,2023,7,Pudukkottai,Red Laterite & Gravelly,Cotton,Summer Irrigated (Feb-Jul),83.97,27.8,87.5,40.1,258.8,14491.0,7657.8,5134.2,298.68,Normal,7
AGRI-11476,2025,10,Nagapattinam,Coastal Alluvium & Saline,Maize,Rabi (Oct-Jan),8.32,27.7,72.3,280.6,153.7,2556.6,1200.7,621.0,18.78,High,3
AGRI-11477,2026,11,Thanjavur,Cauvery Delta Alluvium,Cotton,Summer Irrigated (Feb-Jul),80.05,27.8,50.8,172.1,237.5,14004.7,8628.3,5088.5,303.65,High,3
AGRI-11478,2026,9,Pudukkottai,Red Laterite & Gravelly,Maize,Rabi (Oct-Jan),27.2,28.6,50.9,149.1,499.4,8320.9,4146.5,2163.9,59.74,High,2
AGRI-11479,2023,2,Madurai,Clayey Red Loam,Maize,Rabi (Oct-Jan),16.67,28.5,54.0,4.2,297.2,4296.0,2151.8,1201.9,36.1,Low,6
AGRI-11480,2023,11,Nagapattinam,Coastal Alluvium & Saline,Groundnut,Thai Pattam (Dec-Jan),55.26,26.5,64.7,274.4,6654.0,2667.6,5620.0,4263.8,89.99,High,7
AGRI-11481,2022,7,Nagapattinam,Coastal Alluvium & Saline,Pulses (Blackgram/Greengram),Rainfed (Oct-Nov),52.18,29.1,86.1,82.6,1015.1,1395.8,3025.0,1350.4,115.06,Normal,2
AGRI-11482,2023,2,Perambalur,Black Cotton Soil,Pulses (Blackgram/Greengram),Rice Fallow (Jan-Feb),34.48,26.4,55.2,18.8,677.7,860.5,1677.2,830.2,48.86,Low,3
AGRI-11483,2026,9,Thanjavur,Cauvery Delta Alluvium,Pulses (Blackgram/Greengram),Rainfed (Oct-Nov),47.25,27.6,66.9,146.5,962.3,1412.3,2713.6,1103.6,61.3,High,7
AGRI-11484,2025,11,Pudukkottai,Red Laterite & Gravelly,Maize,Kharif (Jun-Sep),31.55,25.2,65.4,138.1,587.8,9352.9,4755.4,2520.5,65.41,High,7
AGRI-11485,2025,2,Karur,Red Sandy & Black Clay,Maize,Rabi (Oct-Jan),62.96,26.3,87.7,47.1,1152.0,14915.8,7933.9,4463.0,126.69,Low,7
AGRI-11486,2023,1,Karur,Red Sandy & Black Clay,Maize,Kharif (Jun-Sep),45.51,19.3,91.9,24.1,805.2,12252.0,6016.5,3390.6,104.26,Normal,7
AGRI-11487,2023,12,Karur,Red Sandy & Black Clay,Paddy (Rice),Navarai (Dec-Mar),32.04,27.0,79.9,119.1,1312.7,8028.0,3900.1,2515.9,156.52,High,5
AGRI-11488,2024,6,Thanjavur,Cauvery Delta Alluvium,Paddy (Rice),Kuruvai (Jun-Sep),59.46,30.8,51.5,35.3,2421.6,13293.0,6533.3,4977.6,182.45,High,6
AGRI-11489,2024,12,Pudukkottai,Red Laterite & Gravelly,Cotton,Winter Irrigated (Aug-Feb),16.94,32.4,84.0,125.2,52.4,3172.5,1743.7,1124.8,100.61,High,3
AGRI-11490,2023,11,Perambalur,Black Cotton Soil,Maize,Kharif (Jun-Sep),76.09,30.0,51.9,159.5,1410.9,23517.8,11068.9,5545.9,149.31,High,3
AGRI-11491,2022,1,Tiruchirappalli,Alluvial Clay & Red Loam,Paddy (Rice),Samba/Thaladi (Aug-Jan),58.33,31.6,70.7,19.3,2330.6,13572.5,6687.6,4794.7,183.37,High,7
AGRI-11492,2026,5,Perambalur,Black Cotton Soil,Maize,Kharif (Jun-Sep),50.61,26.1,83.8,63.9,904.4,13311.2,6506.8,3506.4,100.91,Normal,4
AGRI-11493,2024,10,Perambalur,Black Cotton Soil,Sugarcane,Late (Apr-May),90.0,38.2,55.9,158.9,31346.6,49874.7,14909.7,18747.7,400.82,High,3
AGRI-11494,2026,11,Tiruvarur,Deltaic Alluvium,Paddy (Rice),Samba/Thaladi (Aug-Jan),17.89,27.8,73.8,192.1,707.5,4863.7,2292.3,1461.2,58.61,High,7
AGRI-11495,2026,6,Nagapattinam,Coastal Alluvium & Saline,Sugarcane,Mid (Feb-Mar),28.42,33.3,88.0,58.4,10374.0,12253.6,4461.8,5815.1,112.54,Low,3
AGRI-11496,2024,12,Thanjavur,Cauvery Delta Alluvium,Pulses (Blackgram/Greengram),Rice Fallow (Jan-Feb),42.17,26.7,82.7,153.5,815.8,1197.0,2336.2,974.3,78.25,High,7
AGRI-11497,2023,5,Nagapattinam,Coastal Alluvium & Saline,Sugarcane,Early (Dec-Jan),92.67,31.3,88.3,63.5,33823.1,41714.3,13876.7,19087.2,355.38,Low,5
AGRI-11498,2025,4,Madurai,Clayey Red Loam,Maize,Kharif (Jun-Sep),74.23,24.2,65.7,39.9,1365.6,17441.3,9568.9,5922.3,159.28,Normal,2
AGRI-11499,2026,5,Perambalur,Black Cotton Soil,Groundnut,Chithirai Pattam (Apr-May),12.03,27.4,51.9,93.4,1496.0,606.7,1223.8,884.3,21.17,Normal,5
AGRI-11500,2021,7,Thanjavur,Cauvery Delta Alluvium,Groundnut,Thai Pattam (Dec-Jan),5.92,33.1,59.7,59.7,771.1,279.6,536.5,472.8,10.65,Low,5
AGRI-11501,2022,6,Tiruchirappalli,Alluvial Clay & Red Loam,Sugarcane,Mid (Feb-Mar),77.83,33.8,55.2,43.3,27124.4,35434.1,11767.4,15405.4,298.48,Normal,4
AGRI-11502,2021,10,Thanjavur,Cauvery Delta Alluvium,Cotton,Winter Irrigated (Aug-Feb),25.53,32.6,57.2,187.1,74.3,4771.3,2755.8,1532.9,103.09,High,5
AGRI-11503,2022,10,Pudukkottai,Red Laterite & Gravelly,Cotton,Winter Irrigated (Aug-Feb),23.95,32.6,59.7,150.5,73.4,4509.2,2375.4,1527.5,91.49,High,4
AGRI-11504,2023,5,Thanjavur,Cauvery Delta Alluvium,Maize,Rabi (Oct-Jan),37.41,21.5,64.5,61.5,701.6,9040.9,4662.3,2720.4,80.52,Low,7
AGRI-11505,2021,4,Madurai,Clayey Red Loam,Groundnut,Thai Pattam (Dec-Jan),33.85,32.9,54.2,41.4,4074.4,1510.5,3031.8,2357.4,59.05,Normal,2
AGRI-11506,2021,6,Karur,Red Sandy & Black Clay,Pulses (Blackgram/Greengram),Rainfed (Oct-Nov),11.12,26.6,59.7,45.5,219.9,268.5,549.6,266.6,15.12,Normal,5
AGRI-11507,2021,1,Madurai,Clayey Red Loam,Maize,Rabi (Oct-Jan),38.37,24.6,90.1,65.5,702.5,10132.6,5159.1,2923.4,81.86,Normal,3
AGRI-11508,2023,10,Nagapattinam,Coastal Alluvium & Saline,Sugarcane,Early (Dec-Jan),75.69,37.4,68.9,268.8,27502.0,37111.1,12404.1,15159.6,352.99,High,2
AGRI-11509,2026,4,Karur,Red Sandy & Black Clay,Pulses (Blackgram/Greengram),Rainfed (Oct-Nov),80.54,23.3,85.5,59.2,1675.5,1981.2,4059.1,2121.2,110.55,Normal,5
AGRI-11510,2024,10,Thanjavur,Cauvery Delta Alluvium,Paddy (Rice),Kuruvai (Jun-Sep),46.22,25.9,62.2,190.3,1851.6,11772.7,6016.5,3703.8,135.47,High,6
AGRI-11511,2023,11,Nagapattinam,Coastal Alluvium & Saline,Cotton,Summer Irrigated (Feb-Jul),4.79,31.0,66.0,208.7,14.7,916.0,480.0,326.9,19.11,High,5
AGRI-11512,2022,7,Thanjavur,Cauvery Delta Alluvium,Sugarcane,Late (Apr-May),74.82,31.6,86.2,42.8,25235.9,34616.4,11301.0,15771.5,314.61,Normal,5
AGRI-11513,2026,8,Madurai,Clayey Red Loam,Maize,Kharif (Jun-Sep),8.95,26.5,65.0,2.6,157.2,2302.6,1109.1,671.9,20.89,Normal,3
AGRI-11514,2022,11,Nagapattinam,Coastal Alluvium & Saline,Sugarcane,Early (Dec-Jan),89.6,24.7,59.1,250.6,30895.7,43279.1,15303.2,18390.5,345.03,High,5
AGRI-11515,2026,1,Karur,Red Sandy & Black Clay,Pulses (Blackgram/Greengram),Rice Fallow (Jan-Feb),39.39,26.9,64.3,35.2,811.5,1004.3,1888.8,980.7,47.88,Normal,7
AGRI-11516,2023,9,Tiruchirappalli,Alluvial Clay & Red Loam,Maize,Rabi (Oct-Jan),84.43,27.5,70.1,173.9,1474.9,24681.4,12942.2,6585.1,192.39,High,4
AGRI-11517,2023,3,Tiruvarur,Deltaic Alluvium,Cotton,Summer Irrigated (Feb-Jul),51.47,28.6,62.7,33.8,148.6,8346.9,4850.4,3290.8,200.14,Low,5
AGRI-11518,2022,1,Perambalur,Black Cotton Soil,Paddy (Rice),Navarai (Dec-Mar),23.65,28.6,55.1,61.4,935.9,5152.0,2579.3,1912.4,72.48,Low,6
AGRI-11519,2025,9,Tiruvarur,Deltaic Alluvium,Groundnut,Adipattam (Jul-Aug),74.35,28.9,79.4,198.2,9181.1,3787.4,7625.0,5612.2,185.67,High,7
AGRI-11520,2021,7,Perambalur,Black Cotton Soil,Cotton,Summer Irrigated (Feb-Jul),3.27,27.8,73.4,17.7,9.6,524.8,289.5,198.1,13.84,Low,3
AGRI-11521,2021,12,Tiruvarur,Deltaic Alluvium,Pulses (Blackgram/Greengram),Rice Fallow (Jan-Feb),84.59,26.7,61.4,201.6,1718.5,2502.0,4959.3,1963.2,118.14,High,5
AGRI-11522,2023,11,Perambalur,Black Cotton Soil,Sugarcane,Mid (Feb-Mar),70.92,34.6,67.0,171.7,24445.2,38675.1,11903.2,14583.9,274.94,High,6
AGRI-11523,2022,1,Pudukkottai,Red Laterite & Gravelly,Cotton,Winter Irrigated (Aug-Feb),55.49,27.2,73.3,26.0,160.0,8322.1,4788.3,3458.8,211.82,Normal,6
AGRI-11524,2024,2,Nagapattinam,Coastal Alluvium & Saline,Sugarcane,Mid (Feb-Mar),27.28,33.5,79.6,76.6,9248.3,11498.2,3931.1,5373.3,190.41,Low,5
AGRI-11525,2022,6,Tiruvarur,Deltaic Alluvium,Paddy (Rice),Navarai (Dec-Mar),9.31,28.8,80.3,36.8,362.5,2078.4,1059.1,826.7,28.43,Normal,3
AGRI-11526,2025,2,Pudukkottai,Red Laterite & Gravelly,Groundnut,Chithirai Pattam (Apr-May),34.29,27.9,55.2,37.2,4347.9,1537.7,3019.0,2429.6,52.71,Normal,5
AGRI-11527,2023,3,Madurai,Clayey Red Loam,Cotton,Winter Irrigated (Aug-Feb),30.16,30.6,55.5,51.0,91.3,4989.5,2626.9,1995.6,128.0,Low,5
AGRI-11528,2024,12,Madurai,Clayey Red Loam,Sugarcane,Late (Apr-May),75.52,31.0,60.8,134.9,26872.6,38354.3,12772.3,15927.3,325.5,High,3
AGRI-11529,2021,6,Perambalur,Black Cotton Soil,Cotton,Summer Irrigated (Feb-Jul),86.12,26.5,78.4,61.0,260.4,12853.4,7593.3,5396.0,338.59,Normal,5
AGRI-11530,2025,5,Tiruchirappalli,Alluvial Clay & Red Loam,Pulses (Blackgram/Greengram),Rice Fallow (Jan-Feb),3.38,27.8,55.4,67.8,69.1,90.9,174.6,79.3,4.13,Normal,3
AGRI-11531,2021,10,Nagapattinam,Coastal Alluvium & Saline,Maize,Kharif (Jun-Sep),72.84,28.8,84.9,254.7,1287.2,22441.6,10468.9,5403.0,265.58,High,5
AGRI-11532,2024,6,Karur,Red Sandy & Black Clay,Paddy (Rice),Samba/Thaladi (Aug-Jan),41.45,30.3,63.9,37.0,1658.6,8899.5,4403.5,3526.1,117.56,High,7
AGRI-11533,2026,7,Pudukkottai,Red Laterite & Gravelly,Groundnut,Adipattam (Jul-Aug),86.82,28.8,89.2,60.4,10580.7,4084.2,7550.9,6284.8,156.49,Normal,3
AGRI-11534,2026,4,Pudukkottai,Red Laterite & Gravelly,Paddy (Rice),Kuruvai (Jun-Sep),15.75,28.9,79.5,51.3,652.6,3433.8,1795.7,1361.2,45.27,High,5
AGRI-11535,2026,6,Madurai,Clayey Red Loam,Sugarcane,Late (Apr-May),31.92,33.0,88.7,23.5,11127.9,14420.1,4617.4,6548.7,123.92,Normal,5
AGRI-11536,2025,4,Pudukkottai,Red Laterite & Gravelly,Cotton,Winter Irrigated (Aug-Feb),30.78,26.2,74.7,0.0,94.8,5076.4,2871.3,2078.1,123.8,Low,3
AGRI-11537,2022,6,Madurai,Clayey Red Loam,Groundnut,Thai Pattam (Dec-Jan),44.74,21.5,71.5,64.3,5839.0,1942.6,3962.3,3403.7,82.48,Normal,3
AGRI-11538,2023,2,Tiruvarur,Deltaic Alluvium,Sugarcane,Mid (Feb-Mar),80.67,32.7,80.0,55.6,27690.0,34004.5,12603.7,15810.7,318.03,Normal,3
AGRI-11539,2026,2,Thanjavur,Cauvery Delta Alluvium,Paddy (Rice),Samba/Thaladi (Aug-Jan),36.32,26.1,70.9,42.1,1472.3,7618.4,4120.3,3236.6,100.38,High,3
AGRI-11540,2025,2,Tiruchirappalli,Alluvial Clay & Red Loam,Maize,Kharif (Jun-Sep),80.61,34.2,87.2,67.1,1490.0,20946.2,10280.3,6433.6,189.27,Low,2
AGRI-11541,2026,8,Madurai,Clayey Red Loam,Paddy (Rice),Samba/Thaladi (Aug-Jan),81.89,25.8,55.1,74.6,3212.6,19345.7,9126.6,6541.1,234.14,High,3
AGRI-11542,2026,7,Tiruchirappalli,Alluvial Clay & Red Loam,Maize,Kharif (Jun-Sep),14.91,33.4,86.6,102.8,274.9,4139.2,2146.9,1175.4,45.3,High,5
AGRI-11543,2023,3,Thanjavur,Cauvery Delta Alluvium,Cotton,Winter Irrigated (Aug-Feb),7.56,31.9,71.0,29.6,23.0,1208.5,651.6,466.1,27.4,Normal,5
AGRI-11544,2021,1,Tiruchirappalli,Alluvial Clay & Red Loam,Pulses (Blackgram/Greengram),Rice Fallow (Jan-Feb),9.77,22.7,80.8,96.6,198.1,281.7,562.5,243.1,18.23,Normal,6
AGRI-11545,2026,2,Tiruchirappalli,Alluvial Clay & Red Loam,Cotton,Summer Irrigated (Feb-Jul),38.19,26.8,67.1,41.7,117.6,5763.9,3546.2,2415.3,144.98,Normal,6
AGRI-11546,2026,10,Pudukkottai,Red Laterite & Gravelly,Pulses (Blackgram/Greengram),Rice Fallow (Jan-Feb),37.82,28.3,70.1,151.4,790.8,1127.8,2100.0,870.1,50.17,High,6
AGRI-11547,2024,3,Thanjavur,Cauvery Delta Alluvium,Pulses (Blackgram/Greengram),Rainfed (Oct-Nov),60.99,27.6,61.9,45.1,1250.5,1596.7,3189.6,1453.5,83.14,Normal,6
AGRI-11548,2023,6,Pudukkottai,Red Laterite & Gravelly,Paddy (Rice),Navarai (Dec-Mar),92.87,28.8,69.4,11.5,3654.3,19109.4,10149.1,7886.3,292.62,Normal,5
AGRI-11549,2024,2,Thanjavur,Cauvery Delta Alluvium,Groundnut,Adipattam (Jul-Aug),10.27,26.9,64.7,54.3,1278.9,498.9,901.1,795.3,17.65,Low,7
AGRI-11550,2022,1,Madurai,Clayey Red Loam,Sugarcane,Late (Apr-May),69.08,27.3,90.4,29.3,23676.4,32502.9,10572.9,13709.8,279.86,Normal,7
AGRI-11551,2026,9,Thanjavur,Cauvery Delta Alluvium,Maize,Rabi (Oct-Jan),47.0,27.7,67.5,160.1,863.4,12592.2,6747.9,3381.9,91.15,High,4
AGRI-11552,2021,11,Karur,Red Sandy & Black Clay,Cotton,Summer Irrigated (Feb-Jul),7.85,27.7,51.3,136.3,23.8,1388.5,840.6,500.2,30.05,High,6
AGRI-11553,2024,2,Madurai,Clayey Red Loam,Sugarcane,Mid (Feb-Mar),38.73,34.2,59.2,49.6,13721.2,16969.4,5700.8,7841.0,170.54,Normal,3
AGRI-11554,2021,8,Madurai,Clayey Red Loam,Pulses (Blackgram/Greengram),Rainfed (Oct-Nov),94.22,29.1,63.2,2.1,1834.9,2409.4,4802.0,2294.0,121.91,Normal,5
AGRI-11555,2024,6,Tiruvarur,Deltaic Alluvium,Cotton,Winter Irrigated (Aug-Feb),60.94,28.3,87.7,42.9,187.7,9728.4,5675.5,4210.7,219.24,Low,2
AGRI-11556,2026,1,Pudukkottai,Red Laterite & Gravelly,Groundnut,Thai Pattam (Dec-Jan),78.91,24.1,76.4,64.7,10275.5,3481.8,7040.0,5827.7,141.68,Normal,2
AGRI-11557,2024,9,Nagapattinam,Coastal Alluvium & Saline,Groundnut,Chithirai Pattam (Apr-May),53.68,32.2,75.8,251.5,6558.6,2618.0,5356.2,3940.0,140.74,High,6
AGRI-11558,2022,1,Karur,Red Sandy & Black Clay,Cotton,Summer Irrigated (Feb-Jul),15.89,32.4,73.3,9.1,47.4,2640.6,1393.5,1021.7,60.88,Normal,4
AGRI-11559,2021,9,Tiruchirappalli,Alluvial Clay & Red Loam,Sugarcane,Early (Dec-Jan),5.42,25.5,76.5,179.7,1863.6,2849.9,888.8,1011.1,35.05,High,2
AGRI-11560,2025,3,Thanjavur,Cauvery Delta Alluvium,Paddy (Rice),Navarai (Dec-Mar),70.36,31.4,77.6,85.1,2885.8,17647.7,8947.0,6199.2,320.38,Normal,2
AGRI-11561,2021,4,Karur,Red Sandy & Black Clay,Paddy (Rice),Samba/Thaladi (Aug-Jan),72.39,28.1,86.0,74.0,2861.1,17077.5,7836.9,5740.2,360.8,High,3
AGRI-11562,2024,10,Pudukkottai,Red Laterite & Gravelly,Pulses (Blackgram/Greengram),Rice Fallow (Jan-Feb),64.34,25.9,71.1,141.7,1267.2,1733.5,3884.3,1573.0,75.64,High,7
AGRI-11563,2021,1,Madurai,Clayey Red Loam,Groundnut,Chithirai Pattam (Apr-May),20.81,21.6,82.0,35.1,2526.5,978.3,1865.0,1590.7,35.52,Normal,4
AGRI-11564,2021,4,Madurai,Clayey Red Loam,Pulses (Blackgram/Greengram),Rainfed (Oct-Nov),22.37,33.4,60.8,56.1,468.5,557.8,1130.2,533.8,29.49,Normal,7
AGRI-11565,2021,3,Perambalur,Black Cotton Soil,Pulses (Blackgram/Greengram),Rainfed (Oct-Nov),77.96,27.2,50.2,36.7,1556.7,2049.1,3839.8,2068.0,104.83,Normal,6
AGRI-11566,2022,2,Pudukkottai,Red Laterite & Gravelly,Maize,Rabi (Oct-Jan),65.9,27.3,64.0,36.6,1173.1,16300.8,8471.5,4761.1,127.93,Normal,5
AGRI-11567,2025,7,Perambalur,Black Cotton Soil,Maize,Rabi (Oct-Jan),74.18,31.5,74.8,43.8,1338.0,19745.4,9398.9,5792.8,142.75,Normal,2
AGRI-11568,2024,8,Madurai,Clayey Red Loam,Paddy (Rice),Kuruvai (Jun-Sep),90.35,30.0,70.2,46.6,3533.6,19087.9,10425.7,7108.0,273.12,High,2
AGRI-11569,2025,12,Thanjavur,Cauvery Delta Alluvium,Maize,Kharif (Jun-Sep),72.7,30.5,62.3,154.9,1309.0,20151.3,10578.8,5557.7,149.34,High,6
AGRI-11570,2023,3,Perambalur,Black Cotton Soil,Pulses (Blackgram/Greengram),Rainfed (Oct-Nov),23.67,33.6,78.5,93.0,469.8,725.4,1412.3,611.6,46.42,Low,7
AGRI-11571,2023,4,Tiruvarur,Deltaic Alluvium,Maize,Rabi (Oct-Jan),69.04,28.9,69.2,26.4,1300.6,18301.8,9211.6,5303.2,137.03,Normal,6
AGRI-11572,2025,6,Tiruvarur,Deltaic Alluvium,Sugarcane,Late (Apr-May),80.74,30.9,77.8,74.5,28347.3,38215.4,12175.7,16464.0,521.76,Normal,2
AGRI-11573,2021,8,Karur,Red Sandy & Black Clay,Groundnut,Chithirai Pattam (Apr-May),87.36,18.5,68.1,19.4,10582.7,4170.6,8117.7,6482.4,137.75,Normal,7
AGRI-11574,2021,7,Perambalur,Black Cotton Soil,Sugarcane,Mid (Feb-Mar),67.02,33.4,89.2,35.5,23156.8,28991.7,10146.0,13727.0,284.42,Normal,2
AGRI-11575,2021,4,Pudukkottai,Red Laterite & Gravelly,Cotton,Summer Irrigated (Feb-Jul),57.94,25.3,70.0,43.9,181.8,9432.4,5032.6,3646.8,228.92,Normal,7
AGRI-11576,2022,7,Pudukkottai,Red Laterite & Gravelly,Paddy (Rice),Navarai (Dec-Mar),93.6,36.4,54.7,64.7,3734.2,21764.0,10254.5,7990.0,298.87,Low,7
AGRI-11577,2022,1,Thanjavur,Cauvery Delta Alluvium,Sugarcane,Early (Dec-Jan),6.84,35.0,77.5,58.4,2421.7,2886.2,1044.5,1453.5,32.0,Normal,6
AGRI-11578,2026,4,Madurai,Clayey Red Loam,Sugarcane,Early (Dec-Jan),9.31,30.1,55.2,38.1,3312.4,4155.6,1452.5,1814.4,38.37,Normal,5
AGRI-11579,2025,9,Tiruvarur,Deltaic Alluvium,Sugarcane,Early (Dec-Jan),15.1,28.3,81.5,281.5,5464.6,7409.7,2574.6,3067.4,105.8,High,7
AGRI-11580,2022,7,Nagapattinam,Coastal Alluvium & Saline,Paddy (Rice),Kuruvai (Jun-Sep),26.72,21.8,75.5,63.0,1113.9,6004.3,2811.7,2378.3,79.14,High,2
AGRI-11581,2025,11,Nagapattinam,Coastal Alluvium & Saline,Sugarcane,Early (Dec-Jan),8.76,32.6,57.5,213.9,3090.6,4818.1,1531.5,1717.6,37.23,High,2
AGRI-11582,2024,10,Tiruvarur,Deltaic Alluvium,Maize,Kharif (Jun-Sep),26.55,31.8,85.5,193.2,466.7,7802.8,4073.1,1909.1,94.13,High,4
AGRI-11583,2026,12,Nagapattinam,Coastal Alluvium & Saline,Pulses (Blackgram/Greengram),Rainfed (Oct-Nov),52.65,28.3,87.1,219.3,1060.1,1480.5,3027.3,1227.8,103.79,High,7
AGRI-11584,2026,12,Pudukkottai,Red Laterite & Gravelly,Groundnut,Thai Pattam (Dec-Jan),7.66,30.4,87.3,175.9,999.3,371.8,826.3,578.3,21.74,High,2
AGRI-11585,2024,3,Karur,Red Sandy & Black Clay,Maize,Kharif (Jun-Sep),13.25,20.0,66.7,44.8,233.0,3333.4,1648.9,1032.9,26.43,Normal,4
AGRI-11586,2026,8,Madurai,Clayey Red Loam,Maize,Kharif (Jun-Sep),92.24,29.2,84.9,29.9,1678.2,23671.7,11566.8,7111.5,188.03,Normal,2
AGRI-11587,2024,8,Thanjavur,Cauvery Delta Alluvium,Maize,Kharif (Jun-Sep),3.6,29.2,90.4,33.8,67.2,851.0,452.1,286.8,7.38,Normal,3
AGRI-11588,2025,1,Nagapattinam,Coastal Alluvium & Saline,Paddy (Rice),Kuruvai (Jun-Sep),35.94,28.6,60.6,73.9,1440.4,8493.7,4087.2,2889.0,98.83,High,5
AGRI-11589,2026,8,Nagapattinam,Coastal Alluvium & Saline,Paddy (Rice),Kuruvai (Jun-Sep),23.73,27.3,88.6,69.3,911.5,4959.9,2496.5,1991.6,63.89,High,4
AGRI-11590,2023,11,Tiruvarur,Deltaic Alluvium,Groundnut,Adipattam (Jul-Aug),8.92,30.3,75.7,184.0,1133.5,451.9,891.6,688.9,23.41,High,4
AGRI-11591,2021,6,Thanjavur,Cauvery Delta Alluvium,Pulses (Blackgram/Greengram),Rice Fallow (Jan-Feb),84.36,25.4,60.7,19.1,1646.0,2179.7,4012.5,2072.6,120.37,Normal,3
AGRI-11592,2022,12,Nagapattinam,Coastal Alluvium & Saline,Cotton,Winter Irrigated (Aug-Feb),63.01,24.5,58.0,234.3,195.4,11259.9,6844.8,3971.3,227.77,High,2
AGRI-11593,2025,1,Perambalur,Black Cotton Soil,Groundnut,Chithirai Pattam (Apr-May),82.46,25.0,66.6,74.5,10670.9,3713.2,7552.1,5698.3,132.53,Normal,2
AGRI-11594,2021,1,Pudukkottai,Red Laterite & Gravelly,Cotton,Summer Irrigated (Feb-Jul),38.53,29.5,69.5,0.0,114.0,6412.4,3485.8,2341.6,156.27,Normal,2
AGRI-11595,2025,7,Perambalur,Black Cotton Soil,Cotton,Winter Irrigated (Aug-Feb),79.29,28.8,50.8,67.3,241.5,13659.9,7075.9,5306.5,324.52,Normal,2
AGRI-11596,2023,3,Tiruvarur,Deltaic Alluvium,Pulses (Blackgram/Greengram),Rainfed (Oct-Nov),67.08,29.4,83.3,59.9,1348.7,1697.5,3516.4,1705.8,88.94,Normal,3
AGRI-11597,2026,12,Karur,Red Sandy & Black Clay,Pulses (Blackgram/Greengram),Rice Fallow (Jan-Feb),30.81,20.6,58.3,93.7,596.4,945.3,1820.5,803.0,38.11,Normal,7
AGRI-11598,2026,9,Tiruvarur,Deltaic Alluvium,Maize,Rabi (Oct-Jan),53.58,22.5,72.3,238.6,995.1,14342.1,8217.9,3980.9,123.43,High,5
AGRI-11599,2022,10,Thanjavur,Cauvery Delta Alluvium,Cotton,Winter Irrigated (Aug-Feb),94.23,26.7,62.4,196.9,276.0,16972.4,10039.0,6152.7,359.51,High,5
AGRI-11600,2021,2,Madurai,Clayey Red Loam,Groundnut,Thai Pattam (Dec-Jan),65.46,31.3,79.8,62.8,8570.7,2934.9,5744.2,5081.6,116.87,Normal,2
AGRI-11601,2023,9,Tiruchirappalli,Alluvial Clay & Red Loam,Groundnut,Thai Pattam (Dec-Jan),55.27,20.4,58.5,170.7,6866.2,2663.3,5728.5,3982.9,93.51,High,7
AGRI-11602,2025,11,Thanjavur,Cauvery Delta Alluvium,Sugarcane,Late (Apr-May),55.94,32.3,59.5,213.2,20083.1,29407.4,9895.8,11097.1,260.2,High,6
AGRI-11603,2026,6,Tiruvarur,Deltaic Alluvium,Maize,Kharif (Jun-Sep),66.87,29.7,71.9,56.2,1211.7,16431.9,8978.9,5000.2,150.83,Low,6
AGRI-11604,2021,9,Perambalur,Black Cotton Soil,Groundnut,Thai Pattam (Dec-Jan),74.0,27.1,74.2,151.8,9472.5,4076.4,7282.6,5109.4,119.79,High,6
AGRI-11605,2025,12,Karur,Red Sandy & Black Clay,Groundnut,Thai Pattam (Dec-Jan),62.95,27.3,69.4,169.6,8169.8,3181.0,6261.4,5025.5,106.95,High,6
AGRI-11606,2022,7,Tiruvarur,Deltaic Alluvium,Pulses (Blackgram/Greengram),Rainfed (Oct-Nov),61.72,31.6,59.8,0.0,1266.5,1492.7,3110.6,1632.4,74.45,Low,6
AGRI-11607,2024,10,Pudukkottai,Red Laterite & Gravelly,Pulses (Blackgram/Greengram),Rice Fallow (Jan-Feb),67.62,28.8,71.3,134.2,1325.4,2003.9,3822.0,1724.1,92.72,High,2
AGRI-11608,2022,5,Perambalur,Black Cotton Soil,Maize,Rabi (Oct-Jan),65.14,25.5,58.8,8.8,1135.5,17395.3,8584.1,4636.3,144.61,Low,7
AGRI-11609,2024,10,Tiruchirappalli,Alluvial Clay & Red Loam,Maize,Kharif (Jun-Sep),17.0,20.5,71.0,136.3,299.0,4971.8,2567.9,1197.8,36.92,High,7
AGRI-11610,2022,2,Tiruchirappalli,Alluvial Clay & Red Loam,Pulses (Blackgram/Greengram),Rice Fallow (Jan-Feb),73.26,29.8,58.2,37.9,1495.1,1794.2,3523.4,1856.2,87.27,Low,6
AGRI-11611,2022,4,Tiruchirappalli,Alluvial Clay & Red Loam,Sugarcane,Early (Dec-Jan),27.28,31.9,83.3,32.9,9374.9,12073.9,4038.0,5588.2,129.51,Normal,2
AGRI-11612,2021,8,Tiruchirappalli,Alluvial Clay & Red Loam,Paddy (Rice),Samba/Thaladi (Aug-Jan),25.76,26.8,69.7,20.6,999.2,5749.7,2954.6,2210.5,85.1,High,3
AGRI-11613,2024,6,Madurai,Clayey Red Loam,Pulses (Blackgram/Greengram),Rice Fallow (Jan-Feb),5.24,29.6,56.5,44.3,107.3,122.3,259.0,126.1,6.83,Normal,4
AGRI-11614,2023,6,Tiruchirappalli,Alluvial Clay & Red Loam,Cotton,Summer Irrigated (Feb-Jul),77.54,28.6,55.3,27.1,232.3,12467.9,6969.7,5044.3,319.26,Normal,4
AGRI-11615,2024,7,Nagapattinam,Coastal Alluvium & Saline,Pulses (Blackgram/Greengram),Rice Fallow (Jan-Feb),81.85,21.3,52.6,80.0,1575.8,1957.6,4191.5,1957.5,106.91,Low,7
AGRI-11616,2022,11,Tiruvarur,Deltaic Alluvium,Maize,Kharif (Jun-Sep),19.5,22.3,89.9,223.5,351.4,5723.0,2895.3,1551.4,65.92,High,7
AGRI-11617,2022,1,Thanjavur,Cauvery Delta Alluvium,Cotton,Winter Irrigated (Aug-Feb),7.66,30.6,63.0,11.5,23.0,1169.9,662.8,471.7,26.85,Normal,7
AGRI-11618,2025,12,Nagapattinam,Coastal Alluvium & Saline,Pulses (Blackgram/Greengram),Rice Fallow (Jan-Feb),61.26,35.8,56.6,251.0,1269.9,1697.2,3515.5,1445.6,86.1,High,2
AGRI-11619,2022,9,Tiruchirappalli,Alluvial Clay & Red Loam,Groundnut,Chithirai Pattam (Apr-May),24.07,28.1,57.6,166.0,3056.4,1219.0,2549.9,1805.8,40.83,High,3
AGRI-11620,2022,3,Tiruvarur,Deltaic Alluvium,Paddy (Rice),Samba/Thaladi (Aug-Jan),17.19,33.7,81.4,94.3,695.8,4079.2,2129.1,1435.4,80.59,High,6
AGRI-11621,2023,8,Pudukkottai,Red Laterite & Gravelly,Sugarcane,Late (Apr-May),40.27,35.5,79.1,5.1,14584.0,17574.1,5832.5,8167.9,188.55,Normal,4
AGRI-11622,2024,9,Pudukkottai,Red Laterite & Gravelly,Maize,Kharif (Jun-Sep),45.58,24.0,88.1,132.0,847.5,13561.1,6659.2,3308.1,154.29,High,2
AGRI-11623,2025,9,Perambalur,Black Cotton Soil,Paddy (Rice),Kuruvai (Jun-Sep),48.76,24.5,72.9,126.7,2012.0,11725.0,6351.1,3904.2,143.35,High,7
AGRI-11624,2023,2,Thanjavur,Cauvery Delta Alluvium,Pulses (Blackgram/Greengram),Rainfed (Oct-Nov),42.97,27.9,89.5,14.3,880.5,1086.5,2043.3,1020.7,57.62,Normal,7
AGRI-11625,2025,6,Perambalur,Black Cotton Soil,Cotton,Summer Irrigated (Feb-Jul),61.33,24.9,58.0,23.4,189.2,9512.3,5551.0,3883.4,261.86,Low,7
AGRI-11626,2021,2,Karur,Red Sandy & Black Clay,Paddy (Rice),Samba/Thaladi (Aug-Jan),55.85,21.5,78.6,37.5,2145.2,12721.6,6125.9,4860.3,178.03,High,7
AGRI-11627,2023,3,Perambalur,Black Cotton Soil,Maize,Kharif (Jun-Sep),6.15,26.8,89.9,41.3,109.1,1481.8,837.5,464.4,13.87,Normal,6
AGRI-11628,2026,5,Madurai,Clayey Red Loam,Pulses (Blackgram/Greengram),Rice Fallow (Jan-Feb),40.64,29.5,52.8,34.8,816.6,1057.2,1936.1,961.6,50.88,Normal,3
AGRI-11629,2022,11,Karur,Red Sandy & Black Clay,Groundnut,Adipattam (Jul-Aug),73.04,31.6,75.9,138.9,9492.6,3721.9,7653.7,5535.3,189.16,High,5
AGRI-11630,2025,7,Pudukkottai,Red Laterite & Gravelly,Pulses (Blackgram/Greengram),Rice Fallow (Jan-Feb),32.22,30.0,81.9,30.3,658.0,823.5,1650.0,821.9,38.47,Normal,4
AGRI-11631,2023,12,Perambalur,Black Cotton Soil,Cotton,Winter Irrigated (Aug-Feb),22.03,26.5,82.8,163.9,66.1,4027.4,2337.5,1476.7,143.16,High,7
AGRI-11632,2026,11,Madurai,Clayey Red Loam,Maize,Kharif (Jun-Sep),85.8,27.3,82.2,178.4,1565.8,23112.6,12651.6,6208.1,306.71,High,6
AGRI-11633,2025,10,Thanjavur,Cauvery Delta Alluvium,Cotton,Summer Irrigated (Feb-Jul),5.72,33.6,57.2,203.2,17.2,1020.7,564.0,376.5,22.38,High,3
AGRI-11634,2022,6,Tiruvarur,Deltaic Alluvium,Cotton,Summer Irrigated (Feb-Jul),15.95,29.1,54.1,4.2,46.2,2641.8,1417.1,1061.6,55.86,Normal,6
AGRI-11635,2025,10,Perambalur,Black Cotton Soil,Pulses (Blackgram/Greengram),Rainfed (Oct-Nov),53.74,26.0,60.2,181.5,1080.2,1485.5,3188.5,1327.5,72.13,High,7
AGRI-11636,2021,3,Karur,Red Sandy & Black Clay,Pulses (Blackgram/Greengram),Rice Fallow (Jan-Feb),16.17,30.9,64.5,72.3,337.6,376.5,836.9,389.9,22.3,Low,6
AGRI-11637,2026,10,Madurai,Clayey Red Loam,Groundnut,Chithirai Pattam (Apr-May),15.53,23.6,61.8,135.4,1943.2,759.9,1642.9,1232.1,27.72,High,3
AGRI-11638,2021,8,Thanjavur,Cauvery Delta Alluvium,Cotton,Summer Irrigated (Feb-Jul),19.44,29.0,61.4,81.1,60.7,3554.0,2085.3,1321.5,77.06,Low,6
AGRI-11639,2025,8,Madurai,Clayey Red Loam,Groundnut,Thai Pattam (Dec-Jan),89.52,27.6,71.5,77.5,11639.2,3748.4,7918.5,6783.2,143.06,Normal,5
AGRI-11640,2023,7,Thanjavur,Cauvery Delta Alluvium,Pulses (Blackgram/Greengram),Rice Fallow (Jan-Feb),85.36,28.1,56.4,34.0,1731.7,2119.7,4391.1,2075.1,100.8,Normal,2
AGRI-11641,2022,12,Perambalur,Black Cotton Soil,Groundnut,Adipattam (Jul-Aug),14.74,28.4,64.1,147.4,1831.6,724.4,1469.2,1122.5,24.2,High,3
AGRI-11642,2026,3,Tiruchirappalli,Alluvial Clay & Red Loam,Sugarcane,Mid (Feb-Mar),77.28,30.5,61.9,25.7,26984.5,36836.0,11939.5,14463.3,340.8,Low,3
AGRI-11643,2025,8,Tiruchirappalli,Alluvial Clay & Red Loam,Maize,Kharif (Jun-Sep),52.41,26.3,87.0,0.0,933.8,12974.1,6630.5,3871.6,117.6,Normal,4
AGRI-11644,2025,11,Tiruchirappalli,Alluvial Clay & Red Loam,Sugarcane,Late (Apr-May),50.81,31.0,57.2,172.2,17682.3,26757.0,9125.2,9830.9,239.59,High,4
AGRI-11645,2025,9,Perambalur,Black Cotton Soil,Groundnut,Thai Pattam (Dec-Jan),72.91,25.1,56.6,175.3,8984.2,4009.0,7416.6,5067.3,113.71,High,3
AGRI-11646,2025,8,Tiruvarur,Deltaic Alluvium,Groundnut,Thai Pattam (Dec-Jan),10.93,26.9,50.7,107.1,1327.2,563.6,1173.4,813.3,18.31,High,5
AGRI-11647,2022,9,Pudukkottai,Red Laterite & Gravelly,Sugarcane,Mid (Feb-Mar),45.31,31.2,60.2,148.7,16410.4,23345.8,7487.7,9347.5,190.54,High,7
AGRI-11648,2026,11,Nagapattinam,Coastal Alluvium & Saline,Sugarcane,Mid (Feb-Mar),34.59,31.8,67.9,208.0,12558.0,18933.3,5938.7,7033.2,157.12,High,2
AGRI-11649,2023,9,Karur,Red Sandy & Black Clay,Cotton,Winter Irrigated (Aug-Feb),35.47,30.6,89.5,134.4,108.2,6877.2,3550.1,2240.2,237.76,High,5
AGRI-11650,2023,1,Tiruchirappalli,Alluvial Clay & Red Loam,Cotton,Winter Irrigated (Aug-Feb),73.11,34.2,64.2,77.1,224.9,12107.6,6397.6,4784.6,279.36,Low,5
AGRI-11651,2021,7,Tiruchirappalli,Alluvial Clay & Red Loam,Cotton,Winter Irrigated (Aug-Feb),46.59,32.4,52.9,61.9,144.0,7251.8,4348.0,2995.1,181.07,Normal,4
AGRI-11652,2025,11,Tiruchirappalli,Alluvial Clay & Red Loam,Cotton,Summer Irrigated (Feb-Jul),88.29,25.7,71.0,134.2,258.5,17174.9,9562.8,5420.1,344.38,High,4
AGRI-11653,2026,8,Pudukkottai,Red Laterite & Gravelly,Groundnut,Adipattam (Jul-Aug),5.18,30.7,56.8,51.3,639.8,246.2,474.5,373.7,8.23,Normal,4
AGRI-11654,2026,9,Madurai,Clayey Red Loam,Maize,Kharif (Jun-Sep),57.5,25.1,89.7,131.6,1058.2,15972.5,8979.1,4290.2,211.68,High,5
AGRI-11655,2022,6,Tiruvarur,Deltaic Alluvium,Groundnut,Chithirai Pattam (Apr-May),41.75,30.1,87.3,70.3,5264.0,1752.0,3613.6,3265.2,106.58,Normal,4
AGRI-11656,2021,3,Pudukkottai,Red Laterite & Gravelly,Maize,Rabi (Oct-Jan),61.32,26.6,82.2,14.0,1097.5,15655.3,8099.2,4485.0,137.25,Low,6
AGRI-11657,2023,10,Karur,Red Sandy & Black Clay,Cotton,Summer Irrigated (Feb-Jul),34.25,25.7,87.7,89.1,99.9,6532.1,3397.0,2086.5,210.79,Normal,4
AGRI-11658,2022,12,Nagapattinam,Coastal Alluvium & Saline,Groundnut,Adipattam (Jul-Aug),31.45,33.3,65.4,239.6,3961.4,1752.0,3145.7,2438.7,52.76,High,4
AGRI-11659,2026,12,Thanjavur,Cauvery Delta Alluvium,Paddy (Rice),Navarai (Dec-Mar),19.61,27.8,63.4,148.6,808.8,5108.8,2474.1,1629.9,60.5,High,4
AGRI-11660,2025,12,Madurai,Clayey Red Loam,Sugarcane,Early (Dec-Jan),74.15,25.1,78.7,114.0,25128.3,36656.6,13420.2,15596.8,481.92,High,7
AGRI-11661,2024,4,Tiruvarur,Deltaic Alluvium,Groundnut,Chithirai Pattam (Apr-May),29.28,29.5,83.5,18.1,3526.4,1367.4,2677.4,2136.8,51.06,Low,6
AGRI-11662,2023,8,Tiruchirappalli,Alluvial Clay & Red Loam,Pulses (Blackgram/Greengram),Rice Fallow (Jan-Feb),58.72,26.3,88.3,27.2,1159.4,1367.0,2951.8,1481.4,83.11,Normal,2
AGRI-11663,2023,9,Karur,Red Sandy & Black Clay,Pulses (Blackgram/Greengram),Rice Fallow (Jan-Feb),68.18,27.8,75.2,133.2,1330.6,1958.7,3938.7,1590.4,139.25,High,4
AGRI-11664,2022,1,Tiruvarur,Deltaic Alluvium,Paddy (Rice),Kuruvai (Jun-Sep),74.03,34.1,79.7,75.2,2853.3,15855.0,8435.9,6318.2,327.34,High,6
AGRI-11665,2026,9,Tiruchirappalli,Alluvial Clay & Red Loam,Groundnut,Thai Pattam (Dec-Jan),68.3,30.5,62.7,141.1,8829.5,3344.2,7122.6,5166.1,117.61,High,2
AGRI-11666,2024,9,Nagapattinam,Coastal Alluvium & Saline,Sugarcane,Mid (Feb-Mar),69.75,33.3,90.3,225.6,25331.2,35727.6,11495.1,13462.6,519.62,High,7
AGRI-11667,2021,11,Thanjavur,Cauvery Delta Alluvium,Maize,Kharif (Jun-Sep),22.63,27.7,76.0,171.4,420.9,6080.1,3294.9,1613.9,71.41,High,3
AGRI-11668,2024,1,Karur,Red Sandy & Black Clay,Cotton,Summer Irrigated (Feb-Jul),91.13,29.8,52.4,49.4,280.9,13895.9,8371.9,6029.8,325.37,Normal,2
AGRI-11669,2021,4,Nagapattinam,Coastal Alluvium & Saline,Paddy (Rice),Samba/Thaladi (Aug-Jan),63.75,33.6,53.2,111.4,2618.8,16860.6,7915.6,5707.7,202.19,High,2
AGRI-11670,2024,4,Nagapattinam,Coastal Alluvium & Saline,Groundnut,Thai Pattam (Dec-Jan),8.09,27.9,50.6,72.6,1054.0,385.7,762.2,594.4,14.21,Normal,7
AGRI-11671,2024,1,Nagapattinam,Coastal Alluvium & Saline,Sugarcane,Late (Apr-May),5.21,24.6,72.0,64.8,1795.6,2197.5,775.3,997.7,20.98,Normal,3
AGRI-11672,2023,5,Perambalur,Black Cotton Soil,Cotton,Summer Irrigated (Feb-Jul),84.06,30.5,58.1,62.4,252.7,13718.1,7191.1,5500.3,302.57,Normal,6
AGRI-11673,2025,6,Tiruvarur,Deltaic Alluvium,Pulses (Blackgram/Greengram),Rainfed (Oct-Nov),71.2,21.9,54.8,63.1,1370.1,1712.7,3492.6,1867.7,97.25,Normal,3
AGRI-11674,2022,9,Madurai,Clayey Red Loam,Groundnut,Thai Pattam (Dec-Jan),68.22,31.5,90.0,155.4,8719.7,3501.0,7017.7,5105.4,182.52,High,4
AGRI-11675,2026,5,Perambalur,Black Cotton Soil,Pulses (Blackgram/Greengram),Rainfed (Oct-Nov),11.59,21.1,55.5,38.2,229.5,308.2,583.9,287.5,13.42,Normal,4
AGRI-11676,2021,2,Karur,Red Sandy & Black Clay,Paddy (Rice),Navarai (Dec-Mar),71.81,21.1,65.5,16.9,2838.1,15199.9,7803.7,5678.2,211.73,Normal,5
AGRI-11677,2021,4,Thanjavur,Cauvery Delta Alluvium,Cotton,Summer Irrigated (Feb-Jul),83.66,24.7,57.0,36.1,255.2,13209.7,7416.9,5213.5,340.2,Normal,6
AGRI-11678,2022,8,Perambalur,Black Cotton Soil,Groundnut,Adipattam (Jul-Aug),44.32,31.9,63.2,32.4,5529.8,1857.4,4185.2,3482.5,69.35,Low,5
AGRI-11679,2022,4,Tiruvarur,Deltaic Alluvium,Sugarcane,Mid (Feb-Mar),92.1,30.2,88.1,83.4,32836.1,49521.4,16309.8,19001.4,669.32,Low,5
AGRI-11680,2026,1,Nagapattinam,Coastal Alluvium & Saline,Groundnut,Adipattam (Jul-Aug),89.66,25.7,68.9,19.8,11369.0,3803.7,8217.0,7101.3,138.29,Normal,2
AGRI-11681,2021,4,Nagapattinam,Coastal Alluvium & Saline,Maize,Rabi (Oct-Jan),27.95,27.2,61.4,76.9,505.0,7096.2,3710.7,2109.8,64.9,Normal,2
AGRI-11682,2023,5,Tiruvarur,Deltaic Alluvium,Groundnut,Adipattam (Jul-Aug),59.21,27.4,62.3,78.1,7568.4,2865.3,5512.6,4172.4,98.18,Normal,6
AGRI-11683,2026,12,Tiruchirappalli,Alluvial Clay & Red Loam,Paddy (Rice),Samba/Thaladi (Aug-Jan),82.45,29.6,61.4,143.5,3250.5,21750.3,10518.7,6693.8,257.14,High,5
AGRI-11684,2022,7,Nagapattinam,Coastal Alluvium & Saline,Groundnut,Chithirai Pattam (Apr-May),28.26,32.5,80.2,92.3,3405.9,1379.9,2782.4,2126.8,84.55,Low,3
AGRI-11685,2024,7,Karur,Red Sandy & Black Clay,Pulses (Blackgram/Greengram),Rainfed (Oct-Nov),90.56,29.9,86.0,59.5,1784.7,2342.8,4687.9,2141.9,121.84,Normal,7
AGRI-11686,2022,9,Pudukkottai,Red Laterite & Gravelly,Pulses (Blackgram/Greengram),Rainfed (Oct-Nov),21.18,25.9,72.5,148.5,422.1,611.2,1278.0,497.0,25.54,High,3
AGRI-11687,2023,11,Perambalur,Black Cotton Soil,Cotton,Summer Irrigated (Feb-Jul),44.71,31.4,53.5,158.5,137.6,8865.8,4782.9,3050.9,190.04,High,2
AGRI-11688,2021,8,Karur,Red Sandy & Black Clay,Paddy (Rice),Navarai (Dec-Mar),69.81,24.7,66.9,0.0,2701.2,14520.6,7742.5,5908.5,189.67,Normal,6
AGRI-11689,2026,5,Pudukkottai,Red Laterite & Gravelly,Cotton,Winter Irrigated (Aug-Feb),83.27,28.4,84.2,40.5,250.7,12974.9,7625.2,5768.1,321.38,Normal,2
AGRI-11690,2021,11,Madurai,Clayey Red Loam,Groundnut,Thai Pattam (Dec-Jan),16.1,26.7,54.0,103.4,2071.6,878.4,1674.8,1140.5,25.63,High,5
AGRI-11691,2026,7,Tiruchirappalli,Alluvial Clay & Red Loam,Groundnut,Adipattam (Jul-Aug),40.6,26.0,58.5,50.3,4900.9,1783.4,3748.3,3106.8,64.15,Low,2
AGRI-11692,2026,12,Tiruchirappalli,Alluvial Clay & Red Loam,Paddy (Rice),Kuruvai (Jun-Sep),46.2,35.9,85.4,125.8,1784.2,11977.6,5991.5,3858.4,230.74,High,5
AGRI-11693,2024,12,Nagapattinam,Coastal Alluvium & Saline,Sugarcane,Early (Dec-Jan),5.75,28.8,74.9,269.6,2021.1,2903.2,985.9,1128.6,25.67,High,6
AGRI-11694,2024,5,Perambalur,Black Cotton Soil,Cotton,Winter Irrigated (Aug-Feb),64.77,27.9,63.3,13.3,192.8,10067.1,5988.7,4195.2,250.34,Low,5
AGRI-11695,2025,6,Karur,Red Sandy & Black Clay,Maize,Rabi (Oct-Jan),2.82,22.1,81.7,0.0,49.5,720.3,384.1,196.4,5.56,Normal,7
AGRI-11696,2023,8,Karur,Red Sandy & Black Clay,Cotton,Winter Irrigated (Aug-Feb),23.1,29.0,60.8,74.3,67.9,3485.3,2082.1,1414.4,82.41,Normal,5
AGRI-11697,2022,6,Madurai,Clayey Red Loam,Cotton,Winter Irrigated (Aug-Feb),68.0,22.5,74.1,69.1,212.8,10784.6,6383.6,4195.1,262.28,Normal,3
AGRI-11698,2025,6,Karur,Red Sandy & Black Clay,Sugarcane,Early (Dec-Jan),66.99,32.2,87.6,32.4,23219.8,30656.8,9648.6,12794.6,270.61,Low,5
AGRI-11699,2026,10,Tiruchirappalli,Alluvial Clay & Red Loam,Paddy (Rice),Navarai (Dec-Mar),31.38,29.2,87.6,125.6,1235.2,7611.0,4123.1,2532.6,137.48,High,7
AGRI-11700,2023,7,Nagapattinam,Coastal Alluvium & Saline,Groundnut,Adipattam (Jul-Aug),61.2,37.0,76.3,27.9,7646.9,2806.0,5673.8,4664.6,102.14,Low,7
AGRI-11701,2025,11,Thanjavur,Cauvery Delta Alluvium,Maize,Rabi (Oct-Jan),38.17,28.1,85.5,163.5,711.0,10442.9,5630.9,2919.6,131.23,High,3
AGRI-11702,2022,7,Madurai,Clayey Red Loam,Groundnut,Thai Pattam (Dec-Jan),29.27,25.3,76.4,36.0,3838.7,1344.0,2640.2,2139.0,47.02,Normal,7
AGRI-11703,2022,10,Nagapattinam,Coastal Alluvium & Saline,Pulses (Blackgram/Greengram),Rice Fallow (Jan-Feb),44.76,32.6,88.5,299.4,914.0,1212.3,2540.8,1069.4,83.46,High,6
AGRI-11704,2024,6,Pudukkottai,Red Laterite & Gravelly,Groundnut,Thai Pattam (Dec-Jan),76.3,34.3,80.6,18.7,9788.1,3463.0,6961.7,5923.4,128.25,Normal,5
AGRI-11705,2024,2,Karur,Red Sandy & Black Clay,Maize,Rabi (Oct-Jan),83.05,31.7,72.3,7.8,1483.3,21226.5,11218.2,5731.4,179.32,Normal,3
AGRI-11706,2022,3,Tiruvarur,Deltaic Alluvium,Maize,Rabi (Oct-Jan),12.04,23.3,60.2,68.3,219.2,3244.4,1522.6,912.5,26.49,Normal,6
AGRI-11707,2025,6,Tiruchirappalli,Alluvial Clay & Red Loam,Sugarcane,Late (Apr-May),32.14,34.5,68.3,51.5,10874.5,13576.9,4816.5,5944.0,127.43,Normal,2
AGRI-11708,2022,7,Tiruvarur,Deltaic Alluvium,Pulses (Blackgram/Greengram),Rainfed (Oct-Nov),64.61,21.5,57.0,87.0,1294.1,1928.1,3836.5,1527.2,87.36,Low,4
AGRI-11709,2025,2,Madurai,Clayey Red Loam,Cotton,Winter Irrigated (Aug-Feb),41.91,26.8,74.4,45.7,128.8,6967.7,3865.4,2591.2,174.56,Normal,3
AGRI-11710,2025,10,Karur,Red Sandy & Black Clay,Cotton,Summer Irrigated (Feb-Jul),60.59,26.6,65.0,178.5,184.6,10407.0,6081.6,3680.4,229.73,High,7
AGRI-11711,2021,5,Pudukkottai,Red Laterite & Gravelly,Pulses (Blackgram/Greengram),Rice Fallow (Jan-Feb),34.88,27.9,61.4,34.5,688.5,930.5,1795.1,892.3,49.5,Normal,6
AGRI-11712,2022,9,Tiruchirappalli,Alluvial Clay & Red Loam,Pulses (Blackgram/Greengram),Rainfed (Oct-Nov),89.76,23.8,68.3,119.6,1867.8,2686.5,5131.5,2264.2,126.22,High,6
AGRI-11713,2022,5,Nagapattinam,Coastal Alluvium & Saline,Maize,Rabi (Oct-Jan),35.32,28.1,63.4,45.3,618.9,8271.6,4757.2,2693.3,81.23,Normal,5
AGRI-11714,2022,5,Perambalur,Black Cotton Soil,Groundnut,Thai Pattam (Dec-Jan),88.56,19.3,65.0,46.0,10803.3,3773.2,8225.7,6794.1,148.38,Low,3
AGRI-11715,2025,9,Madurai,Clayey Red Loam,Paddy (Rice),Kuruvai (Jun-Sep),6.66,26.5,76.1,110.5,260.8,1668.7,837.5,559.8,33.41,High,6
AGRI-11716,2024,2,Thanjavur,Cauvery Delta Alluvium,Pulses (Blackgram/Greengram),Rice Fallow (Jan-Feb),19.73,24.5,91.4,20.6,403.0,510.4,1033.8,494.6,24.9,Low,6
AGRI-11717,2021,5,Thanjavur,Cauvery Delta Alluvium,Pulses (Blackgram/Greengram),Rice Fallow (Jan-Feb),13.84,28.2,59.1,12.3,283.5,356.1,657.5,360.6,17.88,Low,4
AGRI-11718,2025,6,Tiruchirappalli,Alluvial Clay & Red Loam,Paddy (Rice),Kuruvai (Jun-Sep),75.15,27.5,50.5,2.5,3132.3,16761.8,8171.2,6752.8,240.98,High,6
AGRI-11719,2025,2,Karur,Red Sandy & Black Clay,Groundnut,Thai Pattam (Dec-Jan),20.05,26.2,65.7,56.9,2535.8,930.0,1847.8,1517.2,36.93,Normal,6
AGRI-11720,2024,11,Madurai,Clayey Red Loam,Paddy (Rice),Navarai (Dec-Mar),48.05,27.8,77.0,159.6,1992.3,12595.1,6231.0,4338.1,246.77,High,7
AGRI-11721,2026,2,Pudukkottai,Red Laterite & Gravelly,Paddy (Rice),Samba/Thaladi (Aug-Jan),58.02,19.0,53.1,10.1,2262.1,12128.9,6422.1,5234.0,184.65,High,4
AGRI-11722,2022,8,Tiruchirappalli,Alluvial Clay & Red Loam,Pulses (Blackgram/Greengram),Rice Fallow (Jan-Feb),83.23,28.0,64.6,13.6,1679.1,2056.4,3997.6,2129.8,116.43,Normal,3
AGRI-11723,2026,4,Tiruvarur,Deltaic Alluvium,Pulses (Blackgram/Greengram),Rice Fallow (Jan-Feb),87.31,27.2,53.9,20.0,1683.9,2240.6,4383.9,2302.5,116.53,Low,3
AGRI-11724,2022,1,Nagapattinam,Coastal Alluvium & Saline,Pulses (Blackgram/Greengram),Rice Fallow (Jan-Feb),19.35,21.1,71.3,66.3,376.2,481.0,933.7,453.4,23.75,Normal,7
AGRI-11725,2026,9,Perambalur,Black Cotton Soil,Groundnut,Thai Pattam (Dec-Jan),67.35,32.3,74.0,148.6,8814.6,3429.2,6861.8,4714.6,106.6,High,2
AGRI-11726,2025,2,Nagapattinam,Coastal Alluvium & Saline,Maize,Kharif (Jun-Sep),39.96,25.5,78.9,69.5,707.0,10483.9,5146.5,2776.3,86.53,Low,2
AGRI-11727,2021,9,Madurai,Clayey Red Loam,Paddy (Rice),Samba/Thaladi (Aug-Jan),80.27,24.9,61.1,158.4,3319.4,18921.9,10337.0,7146.7,232.39,High,6
AGRI-11728,2026,8,Tiruchirappalli,Alluvial Clay & Red Loam,Maize,Kharif (Jun-Sep),26.76,25.5,59.3,51.7,498.5,6795.2,3319.0,1924.1,58.79,Normal,4
AGRI-11729,2025,11,Karur,Red Sandy & Black Clay,Sugarcane,Late (Apr-May),3.99,33.3,86.1,189.1,1363.2,2182.9,700.3,809.2,25.94,High,5
AGRI-11730,2025,6,Perambalur,Black Cotton Soil,Groundnut,Chithirai Pattam (Apr-May),20.56,34.6,72.0,49.4,2696.0,953.7,1827.3,1538.6,35.94,Normal,2
AGRI-11731,2024,7,Perambalur,Black Cotton Soil,Sugarcane,Late (Apr-May),10.34,34.5,82.3,46.0,3724.4,4542.6,1554.4,1986.3,48.65,Low,6
AGRI-11732,2021,7,Perambalur,Black Cotton Soil,Maize,Kharif (Jun-Sep),36.69,22.9,70.6,51.3,637.7,9031.1,4977.1,2924.5,73.71,Normal,7
AGRI-11733,2022,4,Pudukkottai,Red Laterite & Gravelly,Sugarcane,Mid (Feb-Mar),33.97,28.3,84.9,27.6,11480.8,14628.6,5025.2,7115.9,140.72,Normal,3
AGRI-11734,2023,4,Pudukkottai,Red Laterite & Gravelly,Pulses (Blackgram/Greengram),Rice Fallow (Jan-Feb),73.5,25.9,61.4,69.3,1441.6,1891.9,3580.3,1725.5,99.14,Normal,2
AGRI-11735,2023,5,Thanjavur,Cauvery Delta Alluvium,Sugarcane,Late (Apr-May),84.74,30.2,84.2,95.8,28673.1,46454.2,15067.1,16960.5,614.21,Normal,6
AGRI-11736,2026,11,Karur,Red Sandy & Black Clay,Pulses (Blackgram/Greengram),Rice Fallow (Jan-Feb),45.57,32.9,72.8,130.8,937.0,1237.4,2519.3,1207.1,54.17,High,2
AGRI-11737,2025,2,Nagapattinam,Coastal Alluvium & Saline,Maize,Kharif (Jun-Sep),62.92,27.5,63.1,97.9,1134.5,18919.0,9646.2,4649.5,126.72,Normal,4
AGRI-11738,2023,3,Madurai,Clayey Red Loam,Maize,Rabi (Oct-Jan),41.07,29.3,72.0,43.8,760.1,10309.6,5406.6,2979.2,84.22,Normal,3
AGRI-11739,2021,2,Pudukkottai,Red Laterite & Gravelly,Sugarcane,Mid (Feb-Mar),85.66,35.5,63.9,28.1,30204.5,38802.1,12812.7,15779.7,348.63,Normal,5
AGRI-11740,2026,1,Perambalur,Black Cotton Soil,Maize,Rabi (Oct-Jan),51.74,35.0,62.6,94.5,931.5,15447.1,7448.5,3934.3,106.53,Low,2
AGRI-11741,2025,6,Nagapattinam,Coastal Alluvium & Saline,Pulses (Blackgram/Greengram),Rainfed (Oct-Nov),58.39,30.1,54.0,79.8,1152.1,1554.3,2797.5,1516.0,71.32,Low,2
AGRI-11742,2021,5,Thanjavur,Cauvery Delta Alluvium,Paddy (Rice),Samba/Thaladi (Aug-Jan),87.78,25.9,86.4,39.7,3594.4,18863.2,10072.5,7103.4,269.22,High,6
AGRI-11743,2026,6,Madurai,Clayey Red Loam,Paddy (Rice),Kuruvai (Jun-Sep),23.48,24.5,75.8,49.4,927.1,5268.6,2547.8,2049.1,73.64,High,6
AGRI-11744,2026,9,Perambalur,Black Cotton Soil,Pulses (Blackgram/Greengram),Rice Fallow (Jan-Feb),50.92,28.1,79.8,119.1,991.7,1494.8,2845.1,1254.6,113.63,High,6
AGRI-11745,2025,1,Tiruvarur,Deltaic Alluvium,Maize,Rabi (Oct-Jan),90.61,25.0,57.0,28.3,1604.5,21206.0,12226.7,6266.1,192.37,Normal,7
AGRI-11746,2024,9,Karur,Red Sandy & Black Clay,Pulses (Blackgram/Greengram),Rice Fallow (Jan-Feb),45.36,27.1,70.8,112.1,952.4,1361.9,2582.7,1043.9,64.35,High,5
AGRI-11747,2022,2,Tiruvarur,Deltaic Alluvium,Sugarcane,Late (Apr-May),82.55,25.9,72.6,0.0,28165.9,37643.0,12087.3,16279.8,348.69,Normal,7
AGRI-11748,2023,12,Nagapattinam,Coastal Alluvium & Saline,Sugarcane,Early (Dec-Jan),74.58,31.5,81.9,274.3,27329.7,36081.4,12573.2,14511.0,478.72,High,3
AGRI-11749,2022,6,Nagapattinam,Coastal Alluvium & Saline,Cotton,Summer Irrigated (Feb-Jul),50.7,33.2,92.0,86.7,148.1,9041.5,5047.2,3463.4,327.98,Low,5
AGRI-11750,2023,9,Thanjavur,Cauvery Delta Alluvium,Maize,Kharif (Jun-Sep),68.2,30.2,88.9,229.2,1267.6,20322.4,10270.0,4903.8,210.87,High,3
AGRI-11751,2021,4,Madurai,Clayey Red Loam,Groundnut,Chithirai Pattam (Apr-May),73.08,23.0,66.5,46.0,9098.3,3269.4,6572.2,5443.8,127.34,Low,4
AGRI-11752,2023,2,Perambalur,Black Cotton Soil,Paddy (Rice),Kuruvai (Jun-Sep),47.41,23.9,91.8,45.7,1894.3,10468.9,5022.3,3828.7,145.77,High,7
AGRI-11753,2023,1,Madurai,Clayey Red Loam,Maize,Kharif (Jun-Sep),5.57,23.7,54.5,31.9,98.0,1498.0,724.1,394.1,10.85,Low,6
AGRI-11754,2026,9,Tiruchirappalli,Alluvial Clay & Red Loam,Paddy (Rice),Kuruvai (Jun-Sep),90.45,25.2,75.4,126.8,3734.0,23351.1,11963.4,7468.3,469.8,High,3
AGRI-11755,2025,10,Tiruchirappalli,Alluvial Clay & Red Loam,Maize,Rabi (Oct-Jan),37.73,28.6,57.6,169.2,678.4,10452.1,5456.4,2757.8,86.24,High,6
AGRI-11756,2023,10,Madurai,Clayey Red Loam,Sugarcane,Mid (Feb-Mar),93.54,33.4,78.6,160.0,34011.9,48408.7,15520.1,19123.2,611.07,High,6
AGRI-11757,2022,11,Thanjavur,Cauvery Delta Alluvium,Maize,Rabi (Oct-Jan),77.27,36.2,50.2,207.1,1377.8,22354.1,11768.9,6085.7,172.58,High,5
AGRI-11758,2023,11,Thanjavur,Cauvery Delta Alluvium,Paddy (Rice),Navarai (Dec-Mar),58.46,25.2,65.9,161.1,2391.5,14186.7,7658.0,4775.7,190.34,High,2
AGRI-11759,2022,8,Tiruvarur,Deltaic Alluvium,Maize,Kharif (Jun-Sep),39.09,26.9,83.7,97.1,726.7,11797.8,5981.5,2925.1,137.77,Normal,5
AGRI-11760,2023,8,Karur,Red Sandy & Black Clay,Groundnut,Thai Pattam (Dec-Jan),71.37,23.3,84.0,54.9,8668.5,2998.2,6336.3,5280.0,113.72,Normal,7
AGRI-11761,2023,4,Karur,Red Sandy & Black Clay,Pulses (Blackgram/Greengram),Rainfed (Oct-Nov),61.86,19.9,64.7,72.3,1273.8,1550.1,2940.6,1476.0,74.73,Low,7
AGRI-11762,2022,12,Pudukkottai,Red Laterite & Gravelly,Maize,Kharif (Jun-Sep),58.66,23.2,62.7,86.5,1080.8,17805.2,8606.8,4077.8,132.43,Normal,3
AGRI-11763,2025,8,Pudukkottai,Red Laterite & Gravelly,Groundnut,Chithirai Pattam (Apr-May),60.93,28.5,62.2,34.7,7604.3,2834.4,5756.7,4858.0,102.2,Low,5
AGRI-11764,2022,8,Tiruchirappalli,Alluvial Clay & Red Loam,Sugarcane,Early (Dec-Jan),20.68,36.5,61.1,32.2,6983.5,9987.6,3125.4,4312.7,80.45,Normal,2
AGRI-11765,2024,1,Tiruvarur,Deltaic Alluvium,Pulses (Blackgram/Greengram),Rainfed (Oct-Nov),47.17,28.6,75.0,33.9,949.6,1201.4,2349.4,1185.0,60.34,Normal,6
AGRI-11766,2021,5,Nagapattinam,Coastal Alluvium & Saline,Paddy (Rice),Samba/Thaladi (Aug-Jan),25.77,32.2,77.5,68.5,1021.2,6076.9,2951.3,2234.9,81.96,High,7
AGRI-11767,2022,8,Tiruvarur,Deltaic Alluvium,Maize,Kharif (Jun-Sep),5.18,25.8,64.0,69.2,90.2,1368.7,686.8,397.1,10.2,Low,3
AGRI-11768,2024,2,Tiruvarur,Deltaic Alluvium,Sugarcane,Late (Apr-May),82.3,32.5,70.7,31.2,29177.8,39805.5,12912.8,15396.2,371.47,Normal,3
AGRI-11769,2021,6,Madurai,Clayey Red Loam,Maize,Rabi (Oct-Jan),87.29,28.5,70.5,63.8,1599.0,20684.8,10814.3,6442.6,168.61,Normal,2
AGRI-11770,2026,5,Nagapattinam,Coastal Alluvium & Saline,Groundnut,Thai Pattam (Dec-Jan),43.33,31.8,58.2,89.6,5303.5,2398.1,4407.8,3128.6,77.29,Normal,4
AGRI-11771,2025,1,Tiruvarur,Deltaic Alluvium,Maize,Kharif (Jun-Sep),59.33,28.8,60.3,69.0,1120.0,14340.9,8058.6,4379.5,134.11,Low,4
AGRI-11772,2021,9,Karur,Red Sandy & Black Clay,Cotton,Summer Irrigated (Feb-Jul),54.48,30.6,81.2,103.9,159.6,10263.3,5616.8,3729.3,329.59,High,7
AGRI-11773,2025,10,Pudukkottai,Red Laterite & Gravelly,Sugarcane,Mid (Feb-Mar),74.76,28.5,58.7,161.7,25580.5,36103.9,13025.6,15755.4,349.58,High,4
AGRI-11774,2021,4,Perambalur,Black Cotton Soil,Cotton,Summer Irrigated (Feb-Jul),5.22,31.4,83.7,0.0,15.1,799.3,468.1,359.2,18.08,Low,3
AGRI-11775,2025,6,Pudukkottai,Red Laterite & Gravelly,Sugarcane,Early (Dec-Jan),2.91,30.4,77.9,45.5,1047.2,1353.9,431.5,580.6,13.33,Normal,2
AGRI-11776,2025,4,Thanjavur,Cauvery Delta Alluvium,Pulses (Blackgram/Greengram),Rice Fallow (Jan-Feb),86.68,26.3,68.8,74.8,1782.3,2173.1,4311.1,2060.1,119.19,Normal,7
AGRI-11777,2026,11,Karur,Red Sandy & Black Clay,Pulses (Blackgram/Greengram),Rainfed (Oct-Nov),32.79,28.2,86.0,122.2,680.3,903.3,1888.3,771.1,73.37,High,3
AGRI-11778,2023,3,Pudukkottai,Red Laterite & Gravelly,Paddy (Rice),Navarai (Dec-Mar),83.05,26.5,67.6,43.5,3405.5,17914.4,8987.9,6537.9,225.28,Normal,6
AGRI-11779,2023,5,Perambalur,Black Cotton Soil,Pulses (Blackgram/Greengram),Rainfed (Oct-Nov),71.11,27.7,83.6,23.2,1440.2,1684.0,3631.2,1722.3,82.21,Normal,6
AGRI-11780,2026,5,Karur,Red Sandy & Black Clay,Cotton,Summer Irrigated (Feb-Jul),6.3,34.4,89.1,22.3,19.3,1054.4,550.6,429.6,24.38,Normal,2
AGRI-11781,2024,8,Tiruvarur,Deltaic Alluvium,Pulses (Blackgram/Greengram),Rice Fallow (Jan-Feb),74.28,22.8,69.0,57.2,1475.9,1970.4,3665.7,1953.4,87.68,Low,3
AGRI-11782,2026,10,Madurai,Clayey Red Loam,Sugarcane,Mid (Feb-Mar),77.63,28.3,75.9,140.2,26974.2,43286.6,13454.7,15007.1,550.91,High,5
AGRI-11783,2024,7,Madurai,Clayey Red Loam,Cotton,Winter Irrigated (Aug-Feb),14.76,31.6,67.7,58.8,43.8,2403.9,1307.6,886.9,52.91,Normal,5
AGRI-11784,2024,5,Madurai,Clayey Red Loam,Cotton,Winter Irrigated (Aug-Feb),13.96,27.6,70.3,11.3,43.8,2351.0,1312.7,929.2,50.43,Normal,2
AGRI-11785,2023,6,Tiruchirappalli,Alluvial Clay & Red Loam,Paddy (Rice),Samba/Thaladi (Aug-Jan),33.62,25.8,64.9,30.1,1313.7,7015.1,3880.2,3039.0,104.62,High,3
AGRI-11786,2026,7,Pudukkottai,Red Laterite & Gravelly,Pulses (Blackgram/Greengram),Rainfed (Oct-Nov),40.87,30.8,62.7,72.0,786.9,1014.2,2088.0,985.0,47.81,Normal,2
AGRI-11787,2025,6,Pudukkottai,Red Laterite & Gravelly,Pulses (Blackgram/Greengram),Rainfed (Oct-Nov),73.35,27.7,66.4,35.8,1532.2,1892.9,3573.1,1705.9,98.16,Low,2
AGRI-11788,2021,1,Pudukkottai,Red Laterite & Gravelly,Pulses (Blackgram/Greengram),Rice Fallow (Jan-Feb),36.59,31.9,75.1,13.3,716.0,856.7,1812.3,848.2,48.26,Low,3
AGRI-11789,2025,7,Nagapattinam,Coastal Alluvium & Saline,Pulses (Blackgram/Greengram),Rice Fallow (Jan-Feb),24.98,28.6,50.1,76.5,504.8,622.7,1207.7,635.9,35.34,Low,6
AGRI-11790,2023,8,Nagapattinam,Coastal Alluvium & Saline,Groundnut,Adipattam (Jul-Aug),50.58,31.6,69.0,50.7,6224.9,2404.7,4386.1,3494.5,81.79,Low,6
AGRI-11791,2022,12,Thanjavur,Cauvery Delta Alluvium,Sugarcane,Mid (Feb-Mar),73.35,31.2,56.3,191.9,26605.5,36768.6,12840.4,13923.6,327.49,High,3
AGRI-11792,2024,4,Madurai,Clayey Red Loam,Groundnut,Adipattam (Jul-Aug),43.42,31.5,53.9,57.8,5613.3,1905.7,3950.5,3078.4,72.74,Low,5
AGRI-11793,2024,10,Thanjavur,Cauvery Delta Alluvium,Cotton,Summer Irrigated (Feb-Jul),22.59,34.6,64.1,146.3,70.0,4117.1,2374.0,1394.0,83.07,High,3
AGRI-11794,2025,10,Perambalur,Black Cotton Soil,Groundnut,Chithirai Pattam (Apr-May),76.98,27.9,91.8,177.8,9343.0,4294.3,7714.1,5432.1,222.8,High,3
AGRI-11795,2023,7,Nagapattinam,Coastal Alluvium & Saline,Pulses (Blackgram/Greengram),Rice Fallow (Jan-Feb),54.32,25.9,70.4,70.4,1138.9,1400.5,2597.7,1354.2,69.83,Low,4
AGRI-11796,2021,5,Pudukkottai,Red Laterite & Gravelly,Maize,Kharif (Jun-Sep),75.32,25.3,83.6,92.5,1356.4,21436.0,11620.0,5973.3,283.64,Low,5
AGRI-11797,2021,1,Perambalur,Black Cotton Soil,Groundnut,Thai Pattam (Dec-Jan),84.52,22.5,55.5,25.2,10762.0,3686.1,7420.8,6404.0,136.11,Normal,5
AGRI-11798,2023,7,Tiruvarur,Deltaic Alluvium,Maize,Kharif (Jun-Sep),12.43,31.3,87.1,73.1,216.0,2960.3,1693.6,929.0,41.85,Low,5
AGRI-11799,2021,4,Thanjavur,Cauvery Delta Alluvium,Cotton,Winter Irrigated (Aug-Feb),32.64,30.9,90.8,15.9,97.3,4936.2,2856.5,2231.6,127.4,Low,2
AGRI-11800,2022,3,Thanjavur,Cauvery Delta Alluvium,Pulses (Blackgram/Greengram),Rainfed (Oct-Nov),79.55,30.5,89.0,76.0,1669.8,1905.1,3973.5,2006.0,170.38,Normal,4
AGRI-11801,2021,1,Nagapattinam,Coastal Alluvium & Saline,Sugarcane,Late (Apr-May),39.7,33.1,80.9,66.6,13528.2,18230.7,5972.1,7721.1,185.27,Normal,7
AGRI-11802,2023,3,Perambalur,Black Cotton Soil,Cotton,Winter Irrigated (Aug-Feb),46.26,31.9,76.1,29.8,145.5,7795.7,3973.9,3191.3,159.49,Normal,5
AGRI-11803,2021,7,Pudukkottai,Red Laterite & Gravelly,Paddy (Rice),Kuruvai (Jun-Sep),9.6,28.7,87.4,15.2,389.0,2055.2,1088.1,775.3,28.59,High,4
AGRI-11804,2021,5,Madurai,Clayey Red Loam,Sugarcane,Early (Dec-Jan),25.24,33.2,60.5,11.8,8807.6,11241.3,3613.1,4812.0,106.02,Normal,5
AGRI-11805,2024,3,Pudukkottai,Red Laterite & Gravelly,Groundnut,Chithirai Pattam (Apr-May),25.68,27.4,67.7,53.6,3339.2,1204.3,2228.9,1981.1,40.37,Normal,2
AGRI-11806,2021,7,Perambalur,Black Cotton Soil,Groundnut,Adipattam (Jul-Aug),56.06,23.8,85.7,36.6,6855.0,2414.3,4914.7,4372.3,89.71,Low,3
AGRI-11807,2023,5,Nagapattinam,Coastal Alluvium & Saline,Paddy (Rice),Navarai (Dec-Mar),51.5,32.7,90.7,94.4,2065.3,12227.0,6477.2,4222.2,226.78,Low,2
AGRI-11808,2023,3,Nagapattinam,Coastal Alluvium & Saline,Paddy (Rice),Kuruvai (Jun-Sep),39.12,22.4,82.9,84.4,1606.3,10056.0,4771.9,3076.4,169.16,High,7
AGRI-11809,2025,9,Thanjavur,Cauvery Delta Alluvium,Cotton,Summer Irrigated (Feb-Jul),5.53,28.8,59.3,131.3,17.0,980.5,567.6,371.9,19.07,High,5
AGRI-11810,2022,8,Pudukkottai,Red Laterite & Gravelly,Pulses (Blackgram/Greengram),Rainfed (Oct-Nov),67.3,21.6,72.7,25.3,1412.2,1623.6,3509.4,1556.2,89.44,Normal,2
AGRI-11811,2024,1,Tiruchirappalli,Alluvial Clay & Red Loam,Pulses (Blackgram/Greengram),Rainfed (Oct-Nov),12.8,21.6,86.7,59.0,250.6,341.3,660.5,330.2,15.02,Low,7
AGRI-11812,2024,7,Pudukkottai,Red Laterite & Gravelly,Maize,Kharif (Jun-Sep),58.47,25.8,54.0,66.4,1075.7,14828.3,7244.2,4495.8,138.64,Normal,7
AGRI-11813,2024,10,Pudukkottai,Red Laterite & Gravelly,Groundnut,Chithirai Pattam (Apr-May),73.64,22.4,53.1,135.4,8859.9,3888.3,7863.1,5679.9,113.86,High,4
AGRI-11814,2026,6,Karur,Red Sandy & Black Clay,Cotton,Winter Irrigated (Aug-Feb),55.31,34.1,50.9,30.7,165.0,8719.5,5016.0,3518.9,230.87,Low,5
AGRI-11815,2026,12,Pudukkottai,Red Laterite & Gravelly,Maize,Kharif (Jun-Sep),19.36,20.1,56.7,131.1,364.6,5277.6,2875.8,1523.3,37.21,High,2
AGRI-11816,2024,1,Tiruchirappalli,Alluvial Clay & Red Loam,Groundnut,Chithirai Pattam (Apr-May),56.86,25.4,74.0,39.0,6948.8,2431.8,5214.8,4349.9,98.21,Low,4
AGRI-11817,2024,1,Madurai,Clayey Red Loam,Maize,Rabi (Oct-Jan),10.33,28.9,79.3,44.3,180.2,2619.9,1333.1,789.0,23.31,Normal,5
AGRI-11818,2024,4,Perambalur,Black Cotton Soil,Paddy (Rice),Samba/Thaladi (Aug-Jan),61.31,32.3,79.2,46.0,2485.2,12882.4,6431.8,5470.9,200.34,High,2
AGRI-11819,2022,12,Nagapattinam,Coastal Alluvium & Saline,Cotton,Summer Irrigated (Feb-Jul),79.64,36.6,82.9,252.9,230.4,14412.5,8180.4,5342.5,529.02,High,7
AGRI-11820,2022,6,Perambalur,Black Cotton Soil,Pulses (Blackgram/Greengram),Rainfed (Oct-Nov),52.57,29.1,70.6,42.7,1098.7,1277.9,2615.7,1256.2,73.05,Low,6
AGRI-11821,2022,9,Pudukkottai,Red Laterite & Gravelly,Pulses (Blackgram/Greengram),Rainfed (Oct-Nov),24.26,26.4,69.7,125.5,499.5,736.8,1410.5,563.6,30.42,High,4
AGRI-11822,2022,7,Perambalur,Black Cotton Soil,Pulses (Blackgram/Greengram),Rice Fallow (Jan-Feb),77.41,26.8,57.9,25.6,1515.9,1821.9,3972.9,1919.3,93.53,Low,4
AGRI-11823,2025,12,Perambalur,Black Cotton Soil,Groundnut,Chithirai Pattam (Apr-May),69.44,28.8,63.8,145.1,8466.9,3415.1,7313.2,5397.2,131.07,High,4
AGRI-11824,2021,3,Madurai,Clayey Red Loam,Groundnut,Chithirai Pattam (Apr-May),54.16,25.0,74.7,27.8,6774.6,2475.2,4711.2,3814.7,94.59,Normal,2
AGRI-11825,2023,1,Madurai,Clayey Red Loam,Groundnut,Adipattam (Jul-Aug),75.87,29.6,80.3,65.5,9751.4,3507.2,6702.8,6059.1,135.74,Low,5
AGRI-11826,2024,5,Madurai,Clayey Red Loam,Groundnut,Chithirai Pattam (Apr-May),21.36,24.2,58.7,41.8,2704.4,1023.7,1914.6,1485.9,34.85,Low,2
AGRI-11827,2024,11,Nagapattinam,Coastal Alluvium & Saline,Maize,Rabi (Oct-Jan),35.09,22.8,60.8,231.3,636.8,10728.9,5398.6,2806.7,80.34,High,6
AGRI-11828,2024,10,Pudukkottai,Red Laterite & Gravelly,Cotton,Winter Irrigated (Aug-Feb),72.71,31.2,83.7,148.1,218.7,13690.8,7411.7,4944.6,412.14,High,2
AGRI-11829,2025,9,Thanjavur,Cauvery Delta Alluvium,Groundnut,Chithirai Pattam (Apr-May),83.65,30.8,89.4,180.1,10184.5,4576.2,8768.3,6002.8,225.54,High,4
AGRI-11830,2025,11,Nagapattinam,Coastal Alluvium & Saline,Groundnut,Adipattam (Jul-Aug),9.67,28.6,77.0,258.7,1193.2,536.0,1041.7,698.1,29.18,High,2
AGRI-11831,2023,12,Tiruvarur,Deltaic Alluvium,Paddy (Rice),Kuruvai (Jun-Sep),25.69,25.7,57.1,227.1,986.9,6860.2,3114.4,2154.7,79.99,High,3
AGRI-11832,2021,10,Karur,Red Sandy & Black Clay,Maize,Rabi (Oct-Jan),88.15,29.7,78.8,129.1,1530.5,26577.6,13740.3,6603.5,332.24,High,2
AGRI-11833,2021,7,Madurai,Clayey Red Loam,Groundnut,Adipattam (Jul-Aug),20.06,26.0,82.0,20.4,2613.2,861.9,1829.4,1494.2,33.69,Low,5
AGRI-11834,2024,5,Tiruchirappalli,Alluvial Clay & Red Loam,Groundnut,Adipattam (Jul-Aug),63.96,32.3,58.1,53.7,7934.0,3023.7,5549.4,4658.3,120.35,Normal,2
AGRI-11835,2025,2,Perambalur,Black Cotton Soil,Pulses (Blackgram/Greengram),Rainfed (Oct-Nov),43.13,30.0,80.5,47.8,882.7,1031.5,2221.8,1087.8,51.55,Normal,6
AGRI-11836,2022,10,Thanjavur,Cauvery Delta Alluvium,Pulses (Blackgram/Greengram),Rainfed (Oct-Nov),56.42,29.3,62.2,135.2,1105.2,1633.4,3199.3,1446.5,79.01,High,6
AGRI-11837,2023,3,Nagapattinam,Coastal Alluvium & Saline,Groundnut,Chithirai Pattam (Apr-May),40.63,23.9,87.4,27.8,5106.9,1783.4,3586.2,3086.1,69.81,Normal,6
AGRI-11838,2025,2,Perambalur,Black Cotton Soil,Cotton,Summer Irrigated (Feb-Jul),66.42,27.4,83.6,0.0,199.5,10948.2,6246.5,4588.2,279.69,Normal,4
AGRI-11839,2022,12,Thanjavur,Cauvery Delta Alluvium,Cotton,Winter Irrigated (Aug-Feb),13.02,38.6,54.1,144.9,38.0,2264.8,1334.5,890.0,53.23,High,3
AGRI-11840,2023,12,Karur,Red Sandy & Black Clay,Sugarcane,Late (Apr-May),92.49,33.6,80.5,132.6,31584.0,47335.2,16486.8,18765.5,699.1,High,3
AGRI-11841,2022,5,Tiruchirappalli,Alluvial Clay & Red Loam,Sugarcane,Mid (Feb-Mar),17.2,32.4,51.7,36.9,5947.7,7354.5,2688.0,3266.9,81.76,Low,7
AGRI-11842,2026,7,Madurai,Clayey Red Loam,Pulses (Blackgram/Greengram),Rainfed (Oct-Nov),86.67,28.0,53.2,38.7,1787.9,2289.0,4139.3,2071.8,104.77,Normal,2
AGRI-11843,2026,10,Thanjavur,Cauvery Delta Alluvium,Paddy (Rice),Navarai (Dec-Mar),68.61,27.5,61.9,108.0,2719.8,16619.3,8545.8,6139.8,203.32,High,7
AGRI-11844,2024,7,Nagapattinam,Coastal Alluvium & Saline,Groundnut,Chithirai Pattam (Apr-May),72.1,25.4,79.4,31.9,9304.9,3099.8,6766.7,5442.6,134.79,Normal,7
AGRI-11845,2025,1,Tiruvarur,Deltaic Alluvium,Maize,Rabi (Oct-Jan),46.72,23.1,59.8,89.4,856.6,12651.1,7064.4,3416.7,94.49,Low,2
AGRI-11846,2026,2,Perambalur,Black Cotton Soil,Pulses (Blackgram/Greengram),Rice Fallow (Jan-Feb),62.7,26.4,69.6,33.9,1277.8,1574.3,3095.8,1612.1,81.65,Low,4
AGRI-11847,2022,6,Karur,Red Sandy & Black Clay,Pulses (Blackgram/Greengram),Rainfed (Oct-Nov),44.69,28.1,67.4,47.6,933.2,1175.1,2326.6,1087.9,58.94,Low,4
AGRI-11848,2023,12,Karur,Red Sandy & Black Clay,Pulses (Blackgram/Greengram),Rainfed (Oct-Nov),18.35,33.8,64.1,111.2,362.0,536.7,1024.3,469.4,21.62,High,7
AGRI-11849,2024,8,Thanjavur,Cauvery Delta Alluvium,Paddy (Rice),Navarai (Dec-Mar),31.05,24.9,86.1,71.0,1276.9,7105.1,3248.1,2766.0,155.73,Normal,4
AGRI-11850,2022,3,Madurai,Clayey Red Loam,Sugarcane,Mid (Feb-Mar),24.45,31.8,84.0,7.6,8555.1,11695.9,3804.4,5097.3,108.47,Normal,6
AGRI-11851,2026,11,Pudukkottai,Red Laterite & Gravelly,Cotton,Summer Irrigated (Feb-Jul),81.27,28.7,84.5,136.7,245.0,15738.9,8050.0,5102.3,535.72,High,3
AGRI-11852,2025,9,Nagapattinam,Coastal Alluvium & Saline,Paddy (Rice),Kuruvai (Jun-Sep),39.75,26.2,82.8,250.4,1645.2,9393.1,5186.3,3378.4,190.09,High,2
AGRI-11853,2023,9,Nagapattinam,Coastal Alluvium & Saline,Pulses (Blackgram/Greengram),Rainfed (Oct-Nov),90.54,32.0,88.5,213.8,1788.0,2696.6,4958.1,2112.0,166.85,High,6
AGRI-11854,2024,11,Karur,Red Sandy & Black Clay,Maize,Kharif (Jun-Sep),53.39,27.6,76.6,126.0,997.1,16241.5,7750.0,3761.0,162.99,High,3
AGRI-11855,2023,4,Karur,Red Sandy & Black Clay,Pulses (Blackgram/Greengram),Rainfed (Oct-Nov),69.49,26.7,51.8,0.0,1434.9,1692.3,3438.1,1615.4,92.0,Normal,2
AGRI-11856,2023,6,Thanjavur,Cauvery Delta Alluvium,Sugarcane,Mid (Feb-Mar),91.3,31.6,52.0,0.0,31098.8,42405.6,13940.2,18433.8,379.73,Normal,7
AGRI-11857,2024,7,Tiruvarur,Deltaic Alluvium,Pulses (Blackgram/Greengram),Rice Fallow (Jan-Feb),76.03,22.7,82.1,95.6,1539.4,2195.7,4395.2,1990.7,153.94,Normal,5
AGRI-11858,2022,9,Madurai,Clayey Red Loam,Cotton,Winter Irrigated (Aug-Feb),46.94,31.1,58.9,157.4,142.5,8828.8,4927.9,3173.1,163.24,High,6
AGRI-11859,2023,6,Madurai,Clayey Red Loam,Sugarcane,Early (Dec-Jan),13.31,29.7,71.1,35.2,4589.8,6054.1,2076.1,2461.3,62.88,Low,6
AGRI-11860,2022,11,Perambalur,Black Cotton Soil,Cotton,Winter Irrigated (Aug-Feb),61.12,33.7,76.0,139.2,178.3,11069.0,6186.1,3837.1,349.79,High,3
AGRI-11861,2026,10,Tiruvarur,Deltaic Alluvium,Maize,Kharif (Jun-Sep),31.75,22.2,71.7,182.5,572.2,9388.4,4597.5,2436.1,65.86,High,7
AGRI-11862,2022,11,Pudukkottai,Red Laterite & Gravelly,Pulses (Blackgram/Greengram),Rainfed (Oct-Nov),32.06,22.6,51.5,178.0,641.9,953.8,1844.1,800.6,45.53,High,6
AGRI-11863,2021,1,Tiruvarur,Deltaic Alluvium,Pulses (Blackgram/Greengram),Rice Fallow (Jan-Feb),70.97,27.7,78.0,73.4,1459.7,1668.2,3415.4,1678.6,142.07,Normal,7
AGRI-11864,2025,12,Pudukkottai,Red Laterite & Gravelly,Pulses (Blackgram/Greengram),Rainfed (Oct-Nov),3.95,27.4,67.6,137.9,78.0,121.7,227.1,101.2,5.16,High,5
AGRI-11865,2021,2,Madurai,Clayey Red Loam,Paddy (Rice),Kuruvai (Jun-Sep),48.94,27.8,60.2,8.7,2001.4,11078.4,5234.9,4298.0,145.89,High,3
AGRI-11866,2025,10,Karur,Red Sandy & Black Clay,Maize,Rabi (Oct-Jan),94.25,33.6,60.8,160.8,1743.9,27797.7,13466.2,7349.5,190.28,High,2
AGRI-11867,2023,7,Madurai,Clayey Red Loam,Maize,Kharif (Jun-Sep),80.34,23.2,61.9,43.3,1510.0,19256.4,10019.4,5928.5,190.37,Normal,3
AGRI-11868,2023,12,Nagapattinam,Coastal Alluvium & Saline,Paddy (Rice),Samba/Thaladi (Aug-Jan),37.55,26.4,55.2,241.8,1563.2,9511.5,4522.8,3066.3,122.75,High,5
AGRI-11869,2022,6,Karur,Red Sandy & Black Clay,Sugarcane,Late (Apr-May),84.67,35.5,51.2,42.8,28817.4,35956.8,12890.3,15972.6,333.64,Normal,4
AGRI-11870,2021,10,Thanjavur,Cauvery Delta Alluvium,Pulses (Blackgram/Greengram),Rice Fallow (Jan-Feb),79.83,34.7,51.2,201.3,1562.0,2404.4,4526.2,1874.6,93.29,High,7
AGRI-11871,2026,7,Karur,Red Sandy & Black Clay,Cotton,Winter Irrigated (Aug-Feb),75.04,23.8,84.3,40.4,222.5,11930.3,6499.5,4786.9,319.16,Low,4
AGRI-11872,2024,12,Karur,Red Sandy & Black Clay,Cotton,Winter Irrigated (Aug-Feb),10.39,22.2,63.2,107.5,32.4,1931.4,1038.2,675.0,42.06,High,6
AGRI-11873,2021,5,Pudukkottai,Red Laterite & Gravelly,Paddy (Rice),Navarai (Dec-Mar),81.27,31.3,63.1,16.9,3229.1,17244.7,8803.6,6413.3,228.57,Low,7
AGRI-11874,2025,9,Pudukkottai,Red Laterite & Gravelly,Pulses (Blackgram/Greengram),Rice Fallow (Jan-Feb),5.3,19.3,80.1,151.2,110.2,156.1,303.3,126.1,10.27,High,4
AGRI-11875,2023,12,Tiruvarur,Deltaic Alluvium,Cotton,Winter Irrigated (Aug-Feb),67.36,29.9,62.0,251.3,198.8,12618.5,6646.8,4308.7,277.62,High,2
AGRI-11876,2025,9,Perambalur,Black Cotton Soil,Paddy (Rice),Samba/Thaladi (Aug-Jan),83.33,32.2,72.9,148.3,3440.6,21177.9,10640.0,7350.6,267.6,High,6
AGRI-11877,2026,7,Pudukkottai,Red Laterite & Gravelly,Pulses (Blackgram/Greengram),Rainfed (Oct-Nov),4.41,31.1,69.6,61.7,92.4,114.6,222.8,102.1,6.0,Low,2
AGRI-11878,2026,5,Nagapattinam,Coastal Alluvium & Saline,Sugarcane,Late (Apr-May),45.86,31.6,90.0,110.0,15837.5,22514.0,7827.2,8516.3,287.57,High,2
AGRI-11879,2022,11,Nagapattinam,Coastal Alluvium & Saline,Pulses (Blackgram/Greengram),Rainfed (Oct-Nov),61.2,28.1,89.8,280.4,1238.2,1677.3,3668.4,1505.7,132.98,High,5
AGRI-11880,2026,5,Karur,Red Sandy & Black Clay,Groundnut,Adipattam (Jul-Aug),33.59,33.5,81.4,15.9,4349.3,1571.9,3136.7,2383.2,60.5,Normal,7
AGRI-11881,2026,12,Madurai,Clayey Red Loam,Pulses (Blackgram/Greengram),Rainfed (Oct-Nov),82.34,31.2,54.5,179.7,1584.4,2277.3,4954.7,2015.5,109.86,High,3
AGRI-11882,2024,7,Madurai,Clayey Red Loam,Maize,Kharif (Jun-Sep),87.43,25.4,53.4,44.9,1522.0,20730.0,10815.7,6039.1,172.76,Low,3
AGRI-11883,2026,5,Tiruvarur,Deltaic Alluvium,Paddy (Rice),Samba/Thaladi (Aug-Jan),65.32,26.5,83.3,91.9,2727.3,16410.3,8247.7,5335.3,291.78,High,3
AGRI-11884,2022,4,Pudukkottai,Red Laterite & Gravelly,Pulses (Blackgram/Greengram),Rainfed (Oct-Nov),78.34,29.6,68.5,68.4,1515.4,2103.0,3768.0,1805.3,98.23,Normal,5
AGRI-11885,2022,11,Tiruvarur,Deltaic Alluvium,Paddy (Rice),Samba/Thaladi (Aug-Jan),60.46,22.4,78.0,186.9,2502.6,14722.6,7645.7,5006.4,279.51,High,3
AGRI-11886,2022,1,Thanjavur,Cauvery Delta Alluvium,Paddy (Rice),Samba/Thaladi (Aug-Jan),54.33,28.4,69.0,80.2,2177.6,14535.8,7150.8,4321.7,150.1,High,5
AGRI-11887,2026,5,Nagapattinam,Coastal Alluvium & Saline,Cotton,Winter Irrigated (Aug-Feb),50.34,23.4,78.1,113.6,152.1,9186.6,5322.8,3010.5,279.19,High,3
AGRI-11888,2026,11,Tiruvarur,Deltaic Alluvium,Paddy (Rice),Navarai (Dec-Mar),46.68,22.5,81.6,199.3,1892.7,12122.7,5800.7,3896.5,200.34,High,3
AGRI-11889,2025,10,Nagapattinam,Coastal Alluvium & Saline,Paddy (Rice),Samba/Thaladi (Aug-Jan),50.24,27.7,69.3,239.5,1965.0,12195.8,6558.1,4281.6,152.22,High,5
AGRI-11890,2021,8,Tiruchirappalli,Alluvial Clay & Red Loam,Groundnut,Adipattam (Jul-Aug),33.6,29.2,70.7,18.9,4215.2,1483.4,3036.5,2677.3,51.47,Low,4
AGRI-11891,2021,5,Thanjavur,Cauvery Delta Alluvium,Cotton,Summer Irrigated (Feb-Jul),59.72,33.0,60.4,41.7,178.3,9524.6,5375.7,4127.6,210.83,Normal,2
AGRI-11892,2022,11,Tiruvarur,Deltaic Alluvium,Paddy (Rice),Samba/Thaladi (Aug-Jan),53.69,30.4,51.9,237.1,2139.3,12848.8,7047.7,4377.1,150.55,High,4
AGRI-11893,2021,7,Nagapattinam,Coastal Alluvium & Saline,Groundnut,Adipattam (Jul-Aug),75.03,33.2,90.7,43.3,9476.1,3584.2,6698.3,5608.2,138.2,Normal,7
AGRI-11894,2025,2,Pudukkottai,Red Laterite & Gravelly,Maize,Rabi (Oct-Jan),91.09,22.9,84.1,33.4,1718.4,22168.0,11358.1,6743.9,184.27,Normal,6
AGRI-11895,2024,1,Pudukkottai,Red Laterite & Gravelly,Sugarcane,Mid (Feb-Mar),9.2,27.2,86.9,22.3,3242.3,3941.6,1434.4,1963.9,43.68,Low,5
AGRI-11896,2021,5,Tiruchirappalli,Alluvial Clay & Red Loam,Cotton,Summer Irrigated (Feb-Jul),6.13,31.0,64.5,15.1,17.9,975.7,562.6,401.8,25.01,Low,3
AGRI-11897,2023,8,Tiruvarur,Deltaic Alluvium,Maize,Kharif (Jun-Sep),13.4,19.5,91.6,79.7,242.5,3405.0,1792.1,942.0,43.03,Normal,7
AGRI-11898,2024,1,Tiruvarur,Deltaic Alluvium,Cotton,Summer Irrigated (Feb-Jul),3.14,30.9,50.0,74.5,9.6,470.7,295.4,188.7,13.19,Normal,4
AGRI-11899,2023,11,Nagapattinam,Coastal Alluvium & Saline,Pulses (Blackgram/Greengram),Rainfed (Oct-Nov),19.99,28.8,80.8,249.7,408.3,620.5,1143.0,513.8,40.36,High,2
AGRI-11900,2021,1,Madurai,Clayey Red Loam,Paddy (Rice),Samba/Thaladi (Aug-Jan),48.63,26.2,86.6,18.7,1995.1,11009.6,5612.4,4355.8,139.24,High,5
AGRI-11901,2026,11,Madurai,Clayey Red Loam,Paddy (Rice),Navarai (Dec-Mar),78.9,31.2,88.2,151.8,3052.3,19635.7,9958.9,6662.7,360.21,High,2
AGRI-11902,2025,7,Pudukkottai,Red Laterite & Gravelly,Cotton,Summer Irrigated (Feb-Jul),42.19,30.2,72.6,41.0,123.4,6790.1,3942.3,2781.2,154.14,Low,7
AGRI-11903,2022,12,Madurai,Clayey Red Loam,Sugarcane,Mid (Feb-Mar),26.39,32.5,56.8,137.8,9589.9,14410.3,4563.3,5521.4,123.6,High,2
AGRI-11904,2021,8,Pudukkottai,Red Laterite & Gravelly,Groundnut,Chithirai Pattam (Apr-May),67.13,21.9,62.2,21.1,8752.7,2968.5,6013.5,5232.4,104.49,Normal,7
AGRI-11905,2026,12,Thanjavur,Cauvery Delta Alluvium,Pulses (Blackgram/Greengram),Rainfed (Oct-Nov),37.64,29.8,74.2,200.4,778.2,1056.7,2151.4,922.3,52.91,High,7
AGRI-11906,2024,12,Madurai,Clayey Red Loam,Maize,Rabi (Oct-Jan),42.55,26.2,90.9,124.0,735.8,12608.5,6633.7,3342.8,133.66,High,5
AGRI-11907,2022,2,Karur,Red Sandy & Black Clay,Cotton,Summer Irrigated (Feb-Jul),47.92,23.8,72.6,32.3,145.2,7691.3,4159.1,3034.1,194.82,Normal,3
AGRI-11908,2026,12,Tiruchirappalli,Alluvial Clay & Red Loam,Maize,Kharif (Jun-Sep),53.75,29.0,75.5,157.3,997.0,14909.5,8056.7,4183.5,174.27,High,2
AGRI-11909,2023,7,Perambalur,Black Cotton Soil,Maize,Kharif (Jun-Sep),82.13,26.0,60.3,57.1,1452.1,19692.7,10723.9,5842.4,178.83,Normal,3
AGRI-11910,2021,9,Tiruchirappalli,Alluvial Clay & Red Loam,Paddy (Rice),Kuruvai (Jun-Sep),26.81,23.6,71.1,132.6,1060.4,6443.9,3320.1,2149.0,78.67,High,4
AGRI-11911,2024,10,Thanjavur,Cauvery Delta Alluvium,Cotton,Winter Irrigated (Aug-Feb),44.81,27.3,90.1,159.0,134.5,8375.2,4659.3,2963.7,272.32,High,2
AGRI-11912,2024,7,Nagapattinam,Coastal Alluvium & Saline,Cotton,Summer Irrigated (Feb-Jul),87.03,26.7,77.6,88.4,267.3,16681.0,8951.2,5416.8,529.8,Normal,6
AGRI-11913,2021,12,Pudukkottai,Red Laterite & Gravelly,Pulses (Blackgram/Greengram),Rainfed (Oct-Nov),13.85,29.7,54.7,202.5,269.1,421.7,831.0,334.5,17.72,High,7
AGRI-11914,2024,11,Tiruvarur,Deltaic Alluvium,Groundnut,Chithirai Pattam (Apr-May),89.07,26.7,86.1,238.9,11279.5,4418.9,9201.6,6874.2,248.51,High,2
AGRI-11915,2026,8,Thanjavur,Cauvery Delta Alluvium,Paddy (Rice),Kuruvai (Jun-Sep),77.72,28.7,83.0,82.8,3191.8,20834.7,10162.6,6263.9,407.67,High,5
AGRI-11916,2021,6,Tiruvarur,Deltaic Alluvium,Paddy (Rice),Kuruvai (Jun-Sep),61.42,29.2,87.8,73.5,2541.2,14219.5,6906.9,5129.7,272.86,High,2
AGRI-11917,2024,7,Thanjavur,Cauvery Delta Alluvium,Maize,Rabi (Oct-Jan),22.58,31.4,91.4,33.8,400.7,5869.5,2901.1,1640.1,50.29,Normal,2
AGRI-11918,2026,8,Tiruchirappalli,Alluvial Clay & Red Loam,Sugarcane,Early (Dec-Jan),31.53,38.6,72.1,12.2,11482.0,13325.7,4911.2,6302.1,126.19,Normal,4
AGRI-11919,2021,12,Madurai,Clayey Red Loam,Cotton,Summer Irrigated (Feb-Jul),58.02,31.9,57.7,108.0,181.8,10833.2,6179.9,3483.4,212.67,High,2
AGRI-11920,2021,10,Karur,Red Sandy & Black Clay,Sugarcane,Early (Dec-Jan),3.61,31.7,57.3,144.8,1240.4,1997.6,638.7,717.2,15.93,High,3
AGRI-11921,2023,5,Madurai,Clayey Red Loam,Maize,Rabi (Oct-Jan),43.28,25.6,88.9,19.5,777.9,10613.7,5729.6,3268.8,98.93,Low,6
AGRI-11922,2022,8,Tiruvarur,Deltaic Alluvium,Groundnut,Adipattam (Jul-Aug),67.97,31.6,60.5,77.1,8900.0,3140.0,6013.6,4828.3,111.32,Normal,5
AGRI-11923,2025,2,Nagapattinam,Coastal Alluvium & Saline,Sugarcane,Late (Apr-May),79.4,33.6,51.8,64.6,28180.3,34022.3,11840.5,16037.5,345.83,Normal,4
AGRI-11924,2023,3,Madurai,Clayey Red Loam,Pulses (Blackgram/Greengram),Rice Fallow (Jan-Feb),10.3,30.5,78.3,72.0,209.9,265.5,520.0,238.7,22.06,Normal,4
AGRI-11925,2024,5,Perambalur,Black Cotton Soil,Cotton,Winter Irrigated (Aug-Feb),29.33,27.9,82.7,65.7,85.2,4468.0,2689.9,2034.3,118.43,Normal,7
AGRI-11926,2022,8,Madurai,Clayey Red Loam,Pulses (Blackgram/Greengram),Rice Fallow (Jan-Feb),39.31,28.0,69.4,68.6,788.9,922.3,2047.3,931.9,53.38,Normal,3
AGRI-11927,2021,1,Tiruchirappalli,Alluvial Clay & Red Loam,Paddy (Rice),Navarai (Dec-Mar),64.07,24.5,67.8,63.5,2545.6,13982.3,7033.2,5461.8,184.51,Low,5
AGRI-11928,2023,7,Tiruchirappalli,Alluvial Clay & Red Loam,Sugarcane,Mid (Feb-Mar),61.49,26.2,84.4,10.8,22134.1,27448.2,9559.1,11840.0,282.48,Normal,2
AGRI-11929,2026,4,Karur,Red Sandy & Black Clay,Pulses (Blackgram/Greengram),Rainfed (Oct-Nov),33.29,27.6,63.2,65.6,686.4,879.2,1664.4,836.7,41.81,Low,7
AGRI-11930,2023,7,Pudukkottai,Red Laterite & Gravelly,Groundnut,Adipattam (Jul-Aug),3.67,33.8,82.3,37.7,447.9,174.5,338.1,274.5,6.49,Normal,2
AGRI-11931,2023,2,Tiruvarur,Deltaic Alluvium,Sugarcane,Early (Dec-Jan),70.24,30.1,74.7,37.3,24603.3,30014.0,10519.9,13794.9,286.6,Normal,4
AGRI-11932,2021,3,Perambalur,Black Cotton Soil,Cotton,Winter Irrigated (Aug-Feb),59.74,29.6,59.3,42.3,181.1,9064.0,5441.1,3689.1,237.75,Normal,3
AGRI-11933,2022,10,Nagapattinam,Coastal Alluvium & Saline,Groundnut,Chithirai Pattam (Apr-May),61.51,27.1,55.6,226.6,7680.5,3269.0,6424.6,4471.5,107.99,High,6
AGRI-11934,2026,11,Madurai,Clayey Red Loam,Groundnut,Chithirai Pattam (Apr-May),29.7,29.0,76.2,154.4,3697.4,1655.4,3036.2,2152.4,82.09,High,5
AGRI-11935,2022,9,Tiruchirappalli,Alluvial Clay & Red Loam,Pulses (Blackgram/Greengram),Rainfed (Oct-Nov),40.28,21.6,65.0,169.3,797.7,1108.4,2382.6,991.0,52.67,High,3
AGRI-11936,2022,3,Perambalur,Black Cotton Soil,Maize,Kharif (Jun-Sep),32.78,28.7,60.3,77.8,575.2,8802.6,4358.4,2361.6,65.4,Low,7
AGRI-11937,2024,7,Nagapattinam,Coastal Alluvium & Saline,Cotton,Summer Irrigated (Feb-Jul),39.29,31.6,52.0,56.3,114.9,6613.7,3495.8,2632.6,152.45,Normal,6
AGRI-11938,2025,5,Tiruvarur,Deltaic Alluvium,Cotton,Summer Irrigated (Feb-Jul),84.78,34.8,83.4,128.3,252.4,15724.6,8710.9,5654.5,510.79,High,2
AGRI-11939,2023,1,Nagapattinam,Coastal Alluvium & Saline,Pulses (Blackgram/Greengram),Rainfed (Oct-Nov),81.13,35.1,72.9,69.2,1642.3,1944.3,4043.9,2044.2,111.4,Normal,7
AGRI-11940,2026,10,Madurai,Clayey Red Loam,Maize,Kharif (Jun-Sep),53.47,29.7,83.6,130.9,967.4,15143.0,7618.9,4066.7,171.96,High,2
AGRI-11941,2021,4,Pudukkottai,Red Laterite & Gravelly,Sugarcane,Early (Dec-Jan),24.92,37.4,78.8,51.8,8376.9,11359.7,3580.8,4947.9,99.6,Low,2
AGRI-11942,2021,2,Perambalur,Black Cotton Soil,Maize,Kharif (Jun-Sep),19.42,26.1,85.6,10.5,349.9,4978.0,2499.1,1465.7,43.4,Low,2
AGRI-11943,2026,10,Tiruchirappalli,Alluvial Clay & Red Loam,Pulses (Blackgram/Greengram),Rice Fallow (Jan-Feb),61.59,29.6,69.4,128.7,1216.8,1710.1,3715.4,1597.7,79.49,High,5
AGRI-11944,2023,5,Thanjavur,Cauvery Delta Alluvium,Cotton,Winter Irrigated (Aug-Feb),68.99,26.9,54.8,67.7,198.9,11064.8,6229.6,4251.0,239.42,Normal,4
AGRI-11945,2026,12,Tiruchirappalli,Alluvial Clay & Red Loam,Groundnut,Chithirai Pattam (Apr-May),69.01,32.3,76.3,151.8,8931.3,3411.1,7057.1,5290.6,168.72,High,6
AGRI-11946,2026,2,Nagapattinam,Coastal Alluvium & Saline,Sugarcane,Mid (Feb-Mar),53.04,28.9,66.1,49.7,17893.2,22784.5,7733.4,9916.5,226.05,Low,4
AGRI-11947,2026,4,Karur,Red Sandy & Black Clay,Sugarcane,Late (Apr-May),17.99,29.9,54.3,50.9,6331.1,7666.0,2680.4,3808.3,82.18,Low,7
AGRI-11948,2025,1,Perambalur,Black Cotton Soil,Pulses (Blackgram/Greengram),Rice Fallow (Jan-Feb),19.11,25.0,66.7,30.4,382.1,500.2,924.0,442.5,25.0,Normal,2
AGRI-11949,2021,5,Pudukkottai,Red Laterite & Gravelly,Sugarcane,Late (Apr-May),89.95,26.7,82.7,12.3,31490.8,42473.2,12821.4,17250.9,370.96,Normal,6
AGRI-11950,2021,4,Perambalur,Black Cotton Soil,Maize,Rabi (Oct-Jan),74.8,27.0,75.6,51.6,1295.4,18651.9,9502.9,5408.7,144.47,Normal,6
AGRI-11951,2021,8,Pudukkottai,Red Laterite & Gravelly,Cotton,Winter Irrigated (Aug-Feb),86.01,29.4,75.0,6.0,250.9,13185.1,7373.8,5853.5,335.69,Normal,3
AGRI-11952,2021,3,Tiruchirappalli,Alluvial Clay & Red Loam,Cotton,Winter Irrigated (Aug-Feb),8.35,30.2,76.0,26.4,24.2,1377.6,761.9,567.1,34.76,Normal,5
AGRI-11953,2026,7,Thanjavur,Cauvery Delta Alluvium,Maize,Kharif (Jun-Sep),27.62,22.3,68.5,41.4,495.4,6623.9,3647.1,1956.6,65.16,Normal,4
AGRI-11954,2023,11,Madurai,Clayey Red Loam,Pulses (Blackgram/Greengram),Rice Fallow (Jan-Feb),30.04,28.7,55.1,171.0,614.4,863.4,1712.8,698.9,41.72,High,3
AGRI-11955,2026,1,Karur,Red Sandy & Black Clay,Groundnut,Adipattam (Jul-Aug),11.42,24.8,63.9,68.3,1492.1,536.4,980.5,901.6,20.31,Normal,6
AGRI-11956,2022,5,Karur,Red Sandy & Black Clay,Pulses (Blackgram/Greengram),Rainfed (Oct-Nov),44.32,32.0,77.6,23.1,862.8,1133.0,2183.5,1117.1,59.43,Normal,6
AGRI-11957,2026,9,Madurai,Clayey Red Loam,Sugarcane,Mid (Feb-Mar),48.64,37.8,58.0,162.4,17067.1,25993.5,7984.2,9971.2,197.64,High,6
AGRI-11958,2024,11,Nagapattinam,Coastal Alluvium & Saline,Groundnut,Thai Pattam (Dec-Jan),41.69,35.4,63.0,235.0,5127.8,2225.6,4206.4,3138.0,68.76,High,5
AGRI-11959,2022,10,Pudukkottai,Red Laterite & Gravelly,Sugarcane,Late (Apr-May),9.66,34.4,69.1,148.6,3544.2,4818.4,1622.1,1867.8,36.98,High,5
AGRI-11960,2024,7,Tiruvarur,Deltaic Alluvium,Paddy (Rice),Kuruvai (Jun-Sep),20.48,26.5,61.0,52.1,851.5,4855.9,2180.0,1829.7,57.67,High,3
AGRI-11961,2022,6,Perambalur,Black Cotton Soil,Sugarcane,Early (Dec-Jan),44.99,30.2,65.2,78.8,16369.5,21692.9,6548.3,9454.1,211.38,Normal,2
AGRI-11962,2023,10,Thanjavur,Cauvery Delta Alluvium,Maize,Rabi (Oct-Jan),27.01,31.4,76.9,184.4,479.8,8219.2,4146.3,1978.7,92.18,High,4
AGRI-11963,2021,2,Thanjavur,Cauvery Delta Alluvium,Sugarcane,Late (Apr-May),93.03,29.8,77.0,28.3,32393.3,40051.0,14088.8,18516.1,394.3,Normal,4
AGRI-11964,2026,10,Nagapattinam,Coastal Alluvium & Saline,Cotton,Winter Irrigated (Aug-Feb),59.69,33.7,77.1,266.6,185.7,10314.9,6064.3,3638.9,355.76,High,7
AGRI-11965,2023,8,Thanjavur,Cauvery Delta Alluvium,Groundnut,Chithirai Pattam (Apr-May),84.22,22.8,59.9,34.1,10948.4,3622.1,7446.6,5997.4,131.26,Low,7
AGRI-11966,2024,5,Thanjavur,Cauvery Delta Alluvium,Sugarcane,Mid (Feb-Mar),86.13,29.0,76.9,69.7,29395.5,37240.6,12334.8,17961.5,335.17,Low,4
AGRI-11967,2024,12,Perambalur,Black Cotton Soil,Paddy (Rice),Samba/Thaladi (Aug-Jan),71.27,25.6,65.9,199.6,2798.9,17975.1,8843.9,5666.4,228.7,High,2
AGRI-11968,2026,1,Madurai,Clayey Red Loam,Groundnut,Thai Pattam (Dec-Jan),38.18,31.9,64.7,54.0,4760.0,1598.3,3351.8,2657.1,71.41,Normal,5
AGRI-11969,2026,3,Perambalur,Black Cotton Soil,Groundnut,Chithirai Pattam (Apr-May),12.94,24.6,87.3,9.1,1632.6,553.9,1110.6,960.1,21.71,Low,5
AGRI-11970,2022,1,Madurai,Clayey Red Loam,Groundnut,Adipattam (Jul-Aug),88.66,30.2,61.7,28.7,10653.0,3995.1,8252.4,6286.7,159.05,Normal,6
AGRI-11971,2025,6,Thanjavur,Cauvery Delta Alluvium,Pulses (Blackgram/Greengram),Rainfed (Oct-Nov),18.19,35.8,81.1,69.4,364.2,445.0,906.8,448.2,25.44,Low,5
AGRI-11972,2021,6,Tiruvarur,Deltaic Alluvium,Groundnut,Chithirai Pattam (Apr-May),31.58,28.7,84.5,97.5,3863.8,1628.6,3110.3,2289.8,88.48,Normal,2
AGRI-11973,2026,11,Nagapattinam,Coastal Alluvium & Saline,Groundnut,Adipattam (Jul-Aug),52.03,24.2,84.3,242.7,6321.7,2647.7,5412.9,3830.0,145.99,High,5
AGRI-11974,2025,7,Perambalur,Black Cotton Soil,Pulses (Blackgram/Greengram),Rice Fallow (Jan-Feb),22.06,25.8,88.5,2.7,457.1,578.8,1057.5,514.7,27.11,Normal,5
AGRI-11975,2026,5,Tiruvarur,Deltaic Alluvium,Maize,Rabi (Oct-Jan),87.13,28.3,55.5,34.6,1514.2,21398.2,11651.1,6632.6,179.74,Normal,4
AGRI-11976,2026,4,Pudukkottai,Red Laterite & Gravelly,Sugarcane,Mid (Feb-Mar),46.03,31.0,74.8,5.2,16763.1,22125.6,7199.0,9537.6,189.96,Normal,3
AGRI-11977,2026,6,Karur,Red Sandy & Black Clay,Groundnut,Thai Pattam (Dec-Jan),69.79,31.2,57.2,94.0,8704.0,3788.5,7473.0,4855.8,124.0,Normal,4
AGRI-11978,2025,5,Tiruvarur,Deltaic Alluvium,Maize,Kharif (Jun-Sep),54.54,25.8,83.0,51.6,1019.6,14624.0,7135.4,3795.6,105.84,Low,3
AGRI-11979,2024,1,Pudukkottai,Red Laterite & Gravelly,Cotton,Winter Irrigated (Aug-Feb),7.94,28.4,74.0,5.9,23.6,1350.9,694.7,528.6,29.61,Normal,7
AGRI-11980,2023,3,Madurai,Clayey Red Loam,Maize,Kharif (Jun-Sep),59.39,26.3,80.4,12.8,1028.4,15568.9,7492.5,4689.3,115.7,Low,6
AGRI-11981,2022,8,Madurai,Clayey Red Loam,Groundnut,Adipattam (Jul-Aug),15.81,25.9,64.7,68.1,2014.4,735.4,1357.6,1109.1,29.83,Normal,2
AGRI-11982,2022,4,Thanjavur,Cauvery Delta Alluvium,Maize,Kharif (Jun-Sep),93.65,31.4,52.6,66.1,1631.4,24056.7,11869.9,7149.5,216.98,Low,2
AGRI-11983,2026,10,Tiruvarur,Deltaic Alluvium,Pulses (Blackgram/Greengram),Rice Fallow (Jan-Feb),87.42,23.3,73.2,191.8,1792.5,2610.0,4983.0,2318.7,119.52,High,5
AGRI-11984,2024,7,Nagapattinam,Coastal Alluvium & Saline,Maize,Rabi (Oct-Jan),31.28,25.6,87.2,67.5,581.4,8088.8,3945.2,2429.8,70.38,Normal,2
AGRI-11985,2025,6,Tiruvarur,Deltaic Alluvium,Maize,Kharif (Jun-Sep),36.86,29.9,58.1,26.6,689.4,8854.4,4877.4,2951.1,75.86,Low,7
AGRI-11986,2024,1,Pudukkottai,Red Laterite & Gravelly,Cotton,Winter Irrigated (Aug-Feb),15.75,27.4,83.6,35.6,46.6,2383.7,1436.2,960.8,65.15,Low,4
AGRI-11987,2021,7,Madurai,Clayey Red Loam,Maize,Kharif (Jun-Sep),91.22,27.5,91.5,54.6,1706.1,24258.2,11803.6,6350.1,199.33,Normal,2
AGRI-11988,2023,3,Pudukkottai,Red Laterite & Gravelly,Maize,Kharif (Jun-Sep),64.17,19.1,82.5,25.3,1156.0,16768.6,8059.1,4822.0,138.84,Low,6
AGRI-11989,2026,10,Thanjavur,Cauvery Delta Alluvium,Groundnut,Thai Pattam (Dec-Jan),90.72,26.0,90.0,154.2,11524.2,4413.5,9583.8,6855.7,237.35,High,5
AGRI-11990,2023,6,Karur,Red Sandy & Black Clay,Cotton,Summer Irrigated (Feb-Jul),15.86,32.3,72.6,18.1,45.7,2386.3,1440.0,1066.3,62.59,Normal,4
AGRI-11991,2024,8,Thanjavur,Cauvery Delta Alluvium,Pulses (Blackgram/Greengram),Rainfed (Oct-Nov),89.35,31.9,81.6,43.2,1818.7,2192.6,4264.0,2098.0,115.15,Normal,2
AGRI-11992,2024,8,Karur,Red Sandy & Black Clay,Pulses (Blackgram/Greengram),Rice Fallow (Jan-Feb),85.78,22.8,67.8,40.8,1662.1,2207.9,4079.9,2129.7,113.3,Low,7
AGRI-11993,2023,8,Thanjavur,Cauvery Delta Alluvium,Maize,Rabi (Oct-Jan),32.43,24.0,77.2,79.4,595.4,7784.7,4058.0,2442.5,108.13,Low,7
AGRI-11994,2026,1,Pudukkottai,Red Laterite & Gravelly,Paddy (Rice),Samba/Thaladi (Aug-Jan),41.62,32.8,71.3,15.6,1614.7,8962.0,4732.0,3614.1,113.64,High,5
AGRI-11995,2023,1,Perambalur,Black Cotton Soil,Groundnut,Thai Pattam (Dec-Jan),54.82,27.1,66.3,39.0,6929.1,2431.3,4746.0,4037.5,101.58,Normal,2
AGRI-11996,2024,4,Nagapattinam,Coastal Alluvium & Saline,Groundnut,Adipattam (Jul-Aug),19.83,26.7,53.1,42.1,2469.7,909.3,1710.0,1400.7,35.6,Normal,6
AGRI-11997,2024,10,Karur,Red Sandy & Black Clay,Groundnut,Thai Pattam (Dec-Jan),47.46,26.7,81.7,120.0,5913.2,2357.1,4947.3,3771.1,116.98,High,3
AGRI-11998,2023,12,Madurai,Clayey Red Loam,Pulses (Blackgram/Greengram),Rice Fallow (Jan-Feb),21.45,30.5,57.7,214.3,440.1,612.6,1188.1,493.7,25.34,High,5
AGRI-11999,2021,8,Karur,Red Sandy & Black Clay,Maize,Kharif (Jun-Sep),38.62,29.9,91.8,72.3,690.1,9480.1,5177.4,2666.7,139.91,Normal,3
AGRI-12000,2023,7,Tiruchirappalli,Alluvial Clay & Red Loam,Maize,Kharif (Jun-Sep),46.02,28.3,69.1,23.2,807.6,11748.9,5868.6,3209.0,105.21,Low,2
AGRI-12001,2022,8,Tiruchirappalli,Alluvial Clay & Red Loam,Sugarcane,Late (Apr-May),21.3,30.1,82.2,15.3,7737.1,10333.0,3101.4,4426.4,84.01,Normal,7
AGRI-12002,2021,9,Pudukkottai,Red Laterite & Gravelly,Maize,Kharif (Jun-Sep),50.12,33.5,80.2,128.4,899.6,13700.7,7168.6,3647.1,186.42,High,7
AGRI-12003,2021,11,Thanjavur,Cauvery Delta Alluvium,Pulses (Blackgram/Greengram),Rice Fallow (Jan-Feb),88.54,28.0,70.3,195.5,1733.3,2516.8,5032.5,2112.3,117.77,High,6
AGRI-12004,2025,2,Karur,Red Sandy & Black Clay,Maize,Kharif (Jun-Sep),62.63,24.8,64.1,32.1,1099.8,16121.0,7961.2,5021.2,144.16,Normal,5
AGRI-12005,2026,12,Nagapattinam,Coastal Alluvium & Saline,Cotton,Winter Irrigated (Aug-Feb),12.46,23.8,81.1,194.1,39.1,2245.6,1283.4,757.0,78.64,High,2
AGRI-12006,2024,9,Nagapattinam,Coastal Alluvium & Saline,Paddy (Rice),Samba/Thaladi (Aug-Jan),44.57,27.3,85.7,271.4,1808.3,11333.4,5446.4,3896.4,233.84,High,3
AGRI-12007,2021,6,Tiruvarur,Deltaic Alluvium,Paddy (Rice),Navarai (Dec-Mar),13.67,28.9,67.4,61.7,560.7,2981.0,1481.5,1141.1,39.7,Normal,6
AGRI-12008,2021,10,Tiruvarur,Deltaic Alluvium,Pulses (Blackgram/Greengram),Rainfed (Oct-Nov),63.13,31.2,73.7,255.7,1275.9,1759.7,3731.1,1496.9,87.54,High,4
AGRI-12009,2024,7,Pudukkottai,Red Laterite & Gravelly,Maize,Rabi (Oct-Jan),9.61,27.4,76.3,61.9,177.3,2502.7,1251.2,678.4,19.31,Low,7
AGRI-12010,2024,1,Pudukkottai,Red Laterite & Gravelly,Groundnut,Chithirai Pattam (Apr-May),87.94,29.7,56.5,38.0,10657.7,4140.3,8050.2,6473.2,157.75,Low,5
AGRI-12011,2021,11,Tiruchirappalli,Alluvial Clay & Red Loam,Maize,Kharif (Jun-Sep),15.44,27.7,89.6,154.3,288.1,4413.7,2243.6,1093.8,47.1,High,7
AGRI-12012,2023,9,Madurai,Clayey Red Loam,Sugarcane,Mid (Feb-Mar),23.2,35.7,70.3,152.1,8254.8,11170.1,3964.2,4865.4,99.38,High,4
AGRI-12013,2024,8,Nagapattinam,Coastal Alluvium & Saline,Groundnut,Adipattam (Jul-Aug),5.64,21.1,58.5,48.9,722.9,236.2,530.3,452.3,9.2,Low,5
AGRI-12014,2026,11,Madurai,Clayey Red Loam,Pulses (Blackgram/Greengram),Rice Fallow (Jan-Feb),7.13,27.5,85.7,116.0,139.2,216.4,406.7,172.4,16.12,High,6
AGRI-12015,2025,6,Tiruchirappalli,Alluvial Clay & Red Loam,Pulses (Blackgram/Greengram),Rice Fallow (Jan-Feb),50.2,20.3,82.7,11.4,1018.8,1255.0,2568.6,1162.3,58.59,Low,6
AGRI-12016,2022,9,Tiruchirappalli,Alluvial Clay & Red Loam,Paddy (Rice),Samba/Thaladi (Aug-Jan),49.35,26.2,88.5,172.8,2024.5,12141.7,6457.9,4333.1,221.76,High,6
AGRI-12017,2023,2,Tiruchirappalli,Alluvial Clay & Red Loam,Groundnut,Thai Pattam (Dec-Jan),21.99,29.7,74.2,40.3,2674.3,950.1,1882.8,1590.0,41.31,Low,6
AGRI-12018,2023,11,Karur,Red Sandy & Black Clay,Pulses (Blackgram/Greengram),Rice Fallow (Jan-Feb),8.77,29.2,64.8,85.2,177.5,240.8,508.2,203.8,10.51,Normal,6
AGRI-12019,2022,4,Tiruchirappalli,Alluvial Clay & Red Loam,Pulses (Blackgram/Greengram),Rice Fallow (Jan-Feb),54.1,31.9,91.5,32.2,1135.5,1336.4,2614.5,1392.0,70.84,Normal,4
AGRI-12020,2026,4,Nagapattinam,Coastal Alluvium & Saline,Cotton,Winter Irrigated (Aug-Feb),54.69,33.6,59.2,64.7,167.8,8393.1,4935.9,3542.7,207.02,Low,3
AGRI-12021,2026,1,Nagapattinam,Coastal Alluvium & Saline,Pulses (Blackgram/Greengram),Rainfed (Oct-Nov),19.18,30.0,57.0,109.2,387.3,522.5,1072.3,503.5,22.43,High,5
AGRI-12022,2024,8,Perambalur,Black Cotton Soil,Paddy (Rice),Samba/Thaladi (Aug-Jan),40.05,27.7,55.7,112.5,1633.8,10263.4,4881.3,3148.9,113.2,High,3
AGRI-12023,2023,1,Madurai,Clayey Red Loam,Cotton,Summer Irrigated (Feb-Jul),35.57,38.1,60.0,60.2,102.6,5666.6,3210.9,2165.5,148.55,Normal,3
AGRI-12024,2024,6,Madurai,Clayey Red Loam,Pulses (Blackgram/Greengram),Rice Fallow (Jan-Feb),34.1,31.5,85.3,40.6,677.0,881.6,1672.5,813.6,42.54,Normal,3
AGRI-12025,2023,11,Madurai,Clayey Red Loam,Pulses (Blackgram/Greengram),Rainfed (Oct-Nov),77.51,32.2,91.3,126.9,1579.5,2389.4,4489.6,1796.8,145.15,High,6
AGRI-12026,2021,6,Pudukkottai,Red Laterite & Gravelly,Paddy (Rice),Kuruvai (Jun-Sep),70.56,27.8,59.8,38.6,2816.3,16749.2,7877.3,5572.0,208.03,High,6
AGRI-12027,2022,9,Tiruchirappalli,Alluvial Clay & Red Loam,Groundnut,Thai Pattam (Dec-Jan),70.51,26.1,79.5,121.6,8865.1,3627.9,7114.3,5361.4,202.61,High,4
AGRI-12028,2022,4,Perambalur,Black Cotton Soil,Sugarcane,Late (Apr-May),74.41,32.6,76.2,62.2,26804.9,33411.2,10981.8,14398.6,345.89,Low,4
AGRI-12029,2022,7,Madurai,Clayey Red Loam,Groundnut,Thai Pattam (Dec-Jan),20.3,30.5,58.5,22.4,2590.7,969.3,1762.2,1421.0,31.89,Low,6
AGRI-12030,2026,9,Perambalur,Black Cotton Soil,Sugarcane,Late (Apr-May),86.61,20.6,90.3,139.3,31298.4,48088.2,15683.7,17579.9,529.32,High,7
AGRI-12031,2024,9,Pudukkottai,Red Laterite & Gravelly,Pulses (Blackgram/Greengram),Rainfed (Oct-Nov),72.56,33.0,67.4,135.1,1472.9,1996.0,4202.2,1745.2,98.97,High,7
AGRI-12032,2022,9,Tiruvarur,Deltaic Alluvium,Pulses (Blackgram/Greengram),Rice Fallow (Jan-Feb),72.21,32.9,64.6,221.4,1481.6,2214.5,4094.2,1753.4,88.5,High,6
AGRI-12033,2021,5,Tiruvarur,Deltaic Alluvium,Cotton,Winter Irrigated (Aug-Feb),73.34,26.5,66.9,40.3,220.6,11487.5,6470.4,4823.6,271.5,Low,5
AGRI-12034,2021,7,Perambalur,Black Cotton Soil,Cotton,Summer Irrigated (Feb-Jul),79.12,30.1,77.5,59.2,239.1,12100.8,7149.2,5431.2,293.26,Low,4
AGRI-12035,2024,1,Nagapattinam,Coastal Alluvium & Saline,Cotton,Summer Irrigated (Feb-Jul),65.88,31.1,72.6,37.7,204.9,10663.7,5737.7,4323.7,262.89,Normal,4
AGRI-12036,2024,4,Madurai,Clayey Red Loam,Pulses (Blackgram/Greengram),Rice Fallow (Jan-Feb),9.72,28.5,54.3,17.8,202.2,244.7,462.4,258.0,13.06,Normal,5
AGRI-12037,2026,8,Tiruchirappalli,Alluvial Clay & Red Loam,Groundnut,Adipattam (Jul-Aug),28.52,31.4,85.8,103.3,3640.5,1423.2,2832.3,2196.8,80.99,High,5
AGRI-12038,2024,3,Perambalur,Black Cotton Soil,Sugarcane,Mid (Feb-Mar),93.59,37.9,65.2,34.6,33657.7,42537.2,13801.7,18948.2,439.05,Normal,5
AGRI-12039,2021,2,Tiruvarur,Deltaic Alluvium,Groundnut,Adipattam (Jul-Aug),61.13,29.1,53.4,53.7,7789.4,2583.1,5703.2,4830.7,100.3,Normal,6
AGRI-12040,2025,11,Thanjavur,Cauvery Delta Alluvium,Maize,Rabi (Oct-Jan),33.53,27.2,54.4,194.7,624.0,10268.7,4901.2,2677.4,70.65,High,7
AGRI-12041,2023,6,Madurai,Clayey Red Loam,Groundnut,Thai Pattam (Dec-Jan),93.77,31.9,84.8,72.8,11311.5,4036.7,8594.0,6631.4,239.64,Low,6
AGRI-12042,2026,5,Nagapattinam,Coastal Alluvium & Saline,Cotton,Summer Irrigated (Feb-Jul),80.86,34.6,75.9,60.5,247.3,12081.5,7165.4,5568.7,280.43,Normal,5
AGRI-12043,2025,6,Madurai,Clayey Red Loam,Paddy (Rice),Samba/Thaladi (Aug-Jan),24.14,25.9,55.1,57.2,976.9,5191.4,2590.5,2137.2,67.33,High,6
AGRI-12044,2022,1,Tiruvarur,Deltaic Alluvium,Cotton,Winter Irrigated (Aug-Feb),78.41,32.1,71.4,105.7,228.8,15245.6,8418.1,5107.5,277.86,High,3
AGRI-12045,2022,6,Perambalur,Black Cotton Soil,Groundnut,Adipattam (Jul-Aug),91.75,28.8,79.9,33.7,11854.7,4265.8,7984.0,6378.1,166.31,Normal,5
AGRI-12046,2025,4,Perambalur,Black Cotton Soil,Sugarcane,Early (Dec-Jan),49.29,30.6,88.3,71.1,17171.6,21482.6,7464.6,9944.6,310.74,Low,7
AGRI-12047,2022,4,Pudukkottai,Red Laterite & Gravelly,Pulses (Blackgram/Greengram),Rice Fallow (Jan-Feb),93.64,28.4,84.5,25.5,1839.3,2222.1,4751.7,2334.7,128.78,Normal,4
AGRI-12048,2026,2,Karur,Red Sandy & Black Clay,Pulses (Blackgram/Greengram),Rainfed (Oct-Nov),33.45,23.9,73.4,65.6,652.5,785.2,1597.6,801.1,40.8,Low,6
AGRI-12049,2026,2,Nagapattinam,Coastal Alluvium & Saline,Groundnut,Chithirai Pattam (Apr-May),46.13,28.9,80.0,54.0,5997.3,2144.7,4324.1,3458.0,76.26,Normal,5
AGRI-12050,2025,7,Madurai,Clayey Red Loam,Cotton,Summer Irrigated (Feb-Jul),39.95,34.8,59.2,36.5,118.2,6789.9,3584.7,2429.3,137.75,Low,2
AGRI-12051,2025,10,Tiruchirappalli,Alluvial Clay & Red Loam,Sugarcane,Mid (Feb-Mar),21.99,33.3,86.0,187.2,7794.3,11064.7,3719.7,4429.4,158.86,High,2
AGRI-12052,2024,10,Perambalur,Black Cotton Soil,Paddy (Rice),Kuruvai (Jun-Sep),74.11,25.5,68.1,206.9,3095.4,18047.7,9600.4,6199.2,217.85,High,6
AGRI-12053,2022,5,Thanjavur,Cauvery Delta Alluvium,Maize,Rabi (Oct-Jan),79.67,27.4,60.3,40.3,1455.4,21150.0,10372.8,6174.7,160.57,Low,3
AGRI-12054,2023,3,Pudukkottai,Red Laterite & Gravelly,Sugarcane,Late (Apr-May),71.0,35.8,71.9,43.4,24260.4,33575.3,11008.6,14937.7,290.85,Normal,2
AGRI-12055,2026,5,Thanjavur,Cauvery Delta Alluvium,Cotton,Summer Irrigated (Feb-Jul),44.61,26.2,58.5,75.8,134.1,6932.9,4050.4,2935.6,175.19,Normal,5
AGRI-12056,2023,7,Thanjavur,Cauvery Delta Alluvium,Groundnut,Adipattam (Jul-Aug),92.84,27.1,68.9,52.2,12111.6,4301.0,8584.0,6667.9,153.96,Normal,3
AGRI-12057,2026,1,Thanjavur,Cauvery Delta Alluvium,Paddy (Rice),Navarai (Dec-Mar),29.63,20.8,90.6,25.7,1167.4,6272.1,3250.8,2586.6,82.47,Low,2
AGRI-12058,2021,11,Madurai,Clayey Red Loam,Pulses (Blackgram/Greengram),Rainfed (Oct-Nov),69.0,34.4,54.2,139.7,1353.6,1918.5,4071.9,1617.7,84.28,High,4
AGRI-12059,2024,8,Madurai,Clayey Red Loam,Groundnut,Thai Pattam (Dec-Jan),88.81,26.3,63.8,40.8,11488.4,4048.3,7708.0,6897.4,163.78,Normal,3
AGRI-12060,2023,10,Pudukkottai,Red Laterite & Gravelly,Pulses (Blackgram/Greengram),Rice Fallow (Jan-Feb),90.86,29.3,67.0,158.7,1862.1,2565.6,5485.4,2355.0,126.58,High,3
AGRI-12061,2021,12,Madurai,Clayey Red Loam,Pulses (Blackgram/Greengram),Rice Fallow (Jan-Feb),76.02,24.2,65.5,145.8,1527.1,2073.0,4481.0,1986.4,92.68,High,7
AGRI-12062,2021,1,Thanjavur,Cauvery Delta Alluvium,Cotton,Summer Irrigated (Feb-Jul),7.97,29.4,56.3,13.6,25.0,1193.7,736.6,523.8,28.5,Low,5
AGRI-12063,2025,9,Tiruvarur,Deltaic Alluvium,Sugarcane,Late (Apr-May),63.71,27.1,56.5,185.7,22380.7,34731.3,11099.0,13435.4,266.02,High,7
AGRI-12064,2024,7,Madurai,Clayey Red Loam,Pulses (Blackgram/Greengram),Rice Fallow (Jan-Feb),60.87,22.6,71.4,54.3,1239.7,1549.9,3133.6,1558.2,78.31,Low,2
AGRI-12065,2024,1,Pudukkottai,Red Laterite & Gravelly,Sugarcane,Late (Apr-May),73.53,28.7,59.4,69.0,26915.9,31064.5,10801.8,13972.9,288.1,Normal,7
AGRI-12066,2022,8,Madurai,Clayey Red Loam,Maize,Rabi (Oct-Jan),74.32,23.3,91.7,61.0,1337.1,17873.0,10103.6,5135.8,172.48,Normal,4
AGRI-12067,2026,10,Madurai,Clayey Red Loam,Sugarcane,Late (Apr-May),87.3,33.4,73.0,147.4,31898.3,43153.4,15637.3,16153.9,394.18,High,4
AGRI-12068,2026,4,Nagapattinam,Coastal Alluvium & Saline,Paddy (Rice),Samba/Thaladi (Aug-Jan),55.65,26.4,67.7,46.9,2213.9,12244.3,6361.1,4463.6,172.8,High,7
AGRI-12069,2024,12,Nagapattinam,Coastal Alluvium & Saline,Maize,Kharif (Jun-Sep),86.49,21.7,64.7,254.2,1622.1,24011.3,12321.9,6574.8,205.47,High,3
AGRI-12070,2026,1,Thanjavur,Cauvery Delta Alluvium,Sugarcane,Early (Dec-Jan),77.94,34.1,68.3,75.3,26198.3,33850.6,11848.7,14990.3,343.83,Normal,7
AGRI-12071,2022,6,Perambalur,Black Cotton Soil,Groundnut,Adipattam (Jul-Aug),23.19,28.4,65.4,65.0,3035.1,975.5,2052.2,1658.6,36.48,Normal,5
AGRI-12072,2023,6,Perambalur,Black Cotton Soil,Cotton,Summer Irrigated (Feb-Jul),14.84,28.6,70.9,51.4,45.0,2397.5,1387.6,926.1,52.24,Normal,3
AGRI-12073,2023,9,Perambalur,Black Cotton Soil,Pulses (Blackgram/Greengram),Rice Fallow (Jan-Feb),39.24,24.5,63.2,124.7,766.6,1161.8,2157.7,915.4,53.84,High,6
AGRI-12074,2021,10,Madurai,Clayey Red Loam,Pulses (Blackgram/Greengram),Rainfed (Oct-Nov),21.07,31.0,64.1,151.6,433.6,586.2,1256.1,526.5,24.3,High,2
AGRI-12075,2021,4,Madurai,Clayey Red Loam,Maize,Kharif (Jun-Sep),89.26,26.5,61.6,34.2,1678.1,23445.9,11524.3,6495.7,177.02,Normal,3
AGRI-12076,2026,11,Karur,Red Sandy & Black Clay,Maize,Kharif (Jun-Sep),49.68,22.5,57.0,129.4,903.4,13866.9,7631.0,3738.4,115.44,High,7
AGRI-12077,2023,9,Karur,Red Sandy & Black Clay,Sugarcane,Mid (Feb-Mar),64.11,39.1,84.4,154.1,22525.5,35462.6,10782.2,13196.1,439.09,High,2
AGRI-12078,2025,10,Pudukkottai,Red Laterite & Gravelly,Groundnut,Thai Pattam (Dec-Jan),83.22,26.0,91.5,184.2,10822.6,4224.2,9027.5,6407.1,219.09,High,7
AGRI-12079,2021,11,Perambalur,Black Cotton Soil,Groundnut,Thai Pattam (Dec-Jan),19.55,25.9,52.9,151.1,2412.7,944.2,1950.0,1488.9,31.09,High,4
AGRI-12080,2023,3,Perambalur,Black Cotton Soil,Maize,Rabi (Oct-Jan),49.28,20.3,80.5,63.8,883.2,11750.9,6378.9,3848.7,108.58,Normal,6
AGRI-12081,2022,7,Pudukkottai,Red Laterite & Gravelly,Groundnut,Chithirai Pattam (Apr-May),2.92,23.0,60.9,36.0,373.0,132.0,273.4,205.4,4.93,Normal,4
AGRI-12082,2023,10,Thanjavur,Cauvery Delta Alluvium,Sugarcane,Early (Dec-Jan),60.19,35.0,88.9,184.5,20775.0,29437.2,10144.7,11146.2,400.12,High,7
AGRI-12083,2022,4,Pudukkottai,Red Laterite & Gravelly,Sugarcane,Early (Dec-Jan),4.62,32.6,60.7,71.5,1682.2,2142.3,697.7,963.0,21.7,Normal,4
AGRI-12084,2021,9,Karur,Red Sandy & Black Clay,Cotton,Summer Irrigated (Feb-Jul),71.49,37.8,58.4,66.0,211.3,10879.2,6523.6,4634.0,267.33,Low,6
AGRI-12085,2021,7,Thanjavur,Cauvery Delta Alluvium,Groundnut,Chithirai Pattam (Apr-May),59.1,27.0,57.5,64.5,7630.7,2853.1,5284.7,4186.4,95.73,Normal,6
AGRI-12086,2023,4,Thanjavur,Cauvery Delta Alluvium,Sugarcane,Mid (Feb-Mar),86.28,29.1,81.1,44.1,31024.1,41646.5,12503.3,18365.3,404.91,Low,3
AGRI-12087,2024,2,Tiruchirappalli,Alluvial Clay & Red Loam,Paddy (Rice),Samba/Thaladi (Aug-Jan),65.21,18.8,50.7,71.9,2638.2,13917.5,6974.6,5402.7,183.71,High,2
AGRI-12088,2025,2,Karur,Red Sandy & Black Clay,Pulses (Blackgram/Greengram),Rice Fallow (Jan-Feb),5.34,29.6,72.2,90.1,111.8,162.5,311.3,140.6,6.76,Low,5
AGRI-12089,2026,11,Karur,Red Sandy & Black Clay,Maize,Rabi (Oct-Jan),15.06,24.3,71.4,98.8,273.8,4282.7,2317.3,1148.0,31.95,Normal,7
AGRI-12090,2022,12,Pudukkottai,Red Laterite & Gravelly,Pulses (Blackgram/Greengram),Rice Fallow (Jan-Feb),88.75,24.8,74.8,134.5,1826.1,2555.5,5240.9,2193.0,108.12,High,5
AGRI-12091,2021,11,Pudukkottai,Red Laterite & Gravelly,Paddy (Rice),Kuruvai (Jun-Sep),76.92,28.2,53.9,176.4,3039.3,21003.8,9465.0,6386.3,232.7,High,6
AGRI-12092,2025,9,Perambalur,Black Cotton Soil,Pulses (Blackgram/Greengram),Rainfed (Oct-Nov),83.27,35.6,62.0,134.5,1702.5,2437.5,4817.0,2030.3,107.3,High,6
AGRI-12093,2021,7,Karur,Red Sandy & Black Clay,Maize,Rabi (Oct-Jan),55.8,28.3,64.3,0.0,977.8,15010.2,7121.4,4105.9,128.95,Low,7
AGRI-12094,2024,12,Madurai,Clayey Red Loam,Groundnut,Adipattam (Jul-Aug),93.81,30.8,83.3,157.6,11802.6,4831.3,9920.6,7260.5,232.33,High,3
AGRI-12095,2023,11,Pudukkottai,Red Laterite & Gravelly,Groundnut,Thai Pattam (Dec-Jan),32.84,31.0,90.8,112.8,4217.3,1624.6,3552.9,2388.7,92.1,High,2
AGRI-12096,2024,8,Karur,Red Sandy & Black Clay,Maize,Kharif (Jun-Sep),55.31,20.3,71.2,52.0,1030.2,13465.3,7521.0,4403.6,128.48,Normal,7
AGRI-12097,2025,11,Thanjavur,Cauvery Delta Alluvium,Pulses (Blackgram/Greengram),Rainfed (Oct-Nov),60.93,28.9,51.3,185.0,1259.5,1804.6,3537.2,1491.7,75.38,High,4
AGRI-12098,2021,5,Madurai,Clayey Red Loam,Cotton,Summer Irrigated (Feb-Jul),82.7,36.7,73.7,37.1,253.7,13636.9,7669.7,5480.7,285.25,Normal,7
AGRI-12099,2024,3,Pudukkottai,Red Laterite & Gravelly,Groundnut,Thai Pattam (Dec-Jan),27.74,30.8,78.3,90.0,3553.7,1461.9,2840.7,2023.2,78.27,Normal,6
AGRI-12100,2021,8,Nagapattinam,Coastal Alluvium & Saline,Paddy (Rice),Samba/Thaladi (Aug-Jan),14.0,27.2,52.7,115.3,550.5,3697.2,1724.1,1136.2,41.44,High,4
AGRI-12101,2024,8,Madurai,Clayey Red Loam,Pulses (Blackgram/Greengram),Rainfed (Oct-Nov),22.17,31.5,70.2,51.7,435.9,554.6,1106.0,562.2,29.7,Low,3
AGRI-12102,2026,10,Tiruchirappalli,Alluvial Clay & Red Loam,Maize,Kharif (Jun-Sep),57.66,26.8,66.6,157.4,1058.8,16596.9,8873.3,4561.0,130.49,High,5
AGRI-12103,2022,6,Thanjavur,Cauvery Delta Alluvium,Sugarcane,Mid (Feb-Mar),38.58,32.0,82.9,59.9,13386.1,16659.3,6036.0,8079.7,168.23,Normal,7
AGRI-12104,2026,12,Pudukkottai,Red Laterite & Gravelly,Cotton,Summer Irrigated (Feb-Jul),84.77,29.9,50.4,181.5,248.2,16116.9,8907.5,5315.2,324.72,High,5
AGRI-12105,2026,11,Karur,Red Sandy & Black Clay,Pulses (Blackgram/Greengram),Rainfed (Oct-Nov),91.78,21.7,76.8,132.6,1872.9,2547.6,5420.3,2246.8,202.46,High,5
AGRI-12106,2023,4,Pudukkottai,Red Laterite & Gravelly,Maize,Rabi (Oct-Jan),56.16,30.8,52.7,47.8,1051.3,13901.5,7665.0,3914.0,117.75,Normal,5
AGRI-12107,2026,2,Thanjavur,Cauvery Delta Alluvium,Paddy (Rice),Samba/Thaladi (Aug-Jan),38.47,22.6,86.5,25.9,1567.8,8842.3,4397.6,3104.2,126.47,High,7
AGRI-12108,2025,7,Madurai,Clayey Red Loam,Pulses (Blackgram/Greengram),Rice Fallow (Jan-Feb),36.25,29.4,72.9,37.2,700.0,891.8,1815.6,913.2,49.43,Normal,5
AGRI-12109,2025,10,Tiruvarur,Deltaic Alluvium,Pulses (Blackgram/Greengram),Rainfed (Oct-Nov),88.57,24.5,57.7,237.3,1708.5,2416.8,4964.1,2294.8,122.14,High,3
AGRI-12110,2024,5,Tiruvarur,Deltaic Alluvium,Maize,Kharif (Jun-Sep),41.41,24.3,81.8,78.2,739.7,10376.4,5487.3,3202.9,156.25,Normal,6
AGRI-12111,2021,12,Tiruvarur,Deltaic Alluvium,Pulses (Blackgram/Greengram),Rainfed (Oct-Nov),57.12,35.2,69.9,287.7,1131.2,1675.1,3171.1,1462.1,71.34,High,3
AGRI-12112,2026,1,Pudukkottai,Red Laterite & Gravelly,Groundnut,Adipattam (Jul-Aug),82.94,32.0,82.9,23.5,10679.0,3870.5,7545.5,5930.7,134.2,Low,3
AGRI-12113,2024,2,Madurai,Clayey Red Loam,Groundnut,Thai Pattam (Dec-Jan),37.15,32.6,88.0,51.1,4852.2,1657.7,3398.4,2918.8,63.77,Normal,5
AGRI-12114,2024,11,Pudukkottai,Red Laterite & Gravelly,Cotton,Winter Irrigated (Aug-Feb),16.46,30.1,50.4,107.7,51.6,3034.8,1687.1,1034.1,69.62,High,4
AGRI-12115,2025,2,Tiruchirappalli,Alluvial Clay & Red Loam,Pulses (Blackgram/Greengram),Rainfed (Oct-Nov),62.67,29.1,67.7,61.2,1232.6,1574.5,3001.7,1491.3,81.26,Low,7
AGRI-12116,2024,11,Perambalur,Black Cotton Soil,Maize,Kharif (Jun-Sep),29.85,29.1,59.2,142.3,529.2,8720.1,4674.1,2126.4,63.78,High,3
AGRI-12117,2022,9,Tiruvarur,Deltaic Alluvium,Pulses (Blackgram/Greengram),Rainfed (Oct-Nov),13.09,31.9,57.6,210.0,272.2,378.1,736.7,316.4,16.21,High,3
AGRI-12118,2021,6,Thanjavur,Cauvery Delta Alluvium,Groundnut,Adipattam (Jul-Aug),86.52,27.6,73.7,32.0,10821.3,4191.2,7716.5,5985.5,149.61,Normal,7
AGRI-12119,2021,8,Thanjavur,Cauvery Delta Alluvium,Groundnut,Thai Pattam (Dec-Jan),72.0,28.7,66.3,32.0,9162.9,3269.4,6495.5,5621.1,123.78,Low,6
AGRI-12120,2024,2,Pudukkottai,Red Laterite & Gravelly,Pulses (Blackgram/Greengram),Rainfed (Oct-Nov),25.14,32.6,60.6,7.9,520.9,614.7,1236.8,601.9,32.21,Normal,4
AGRI-12121,2021,3,Madurai,Clayey Red Loam,Pulses (Blackgram/Greengram),Rice Fallow (Jan-Feb),23.06,25.5,65.5,82.4,481.3,691.7,1370.1,570.9,28.88,Low,6
AGRI-12122,2022,10,Nagapattinam,Coastal Alluvium & Saline,Sugarcane,Late (Apr-May),6.25,27.1,68.4,234.2,2156.0,3164.4,1085.4,1257.2,25.53,High,3
AGRI-12123,2026,12,Karur,Red Sandy & Black Clay,Maize,Kharif (Jun-Sep),82.95,27.9,87.1,113.9,1483.3,25009.9,12868.3,6067.4,310.16,High,4
AGRI-12124,2022,9,Tiruchirappalli,Alluvial Clay & Red Loam,Groundnut,Adipattam (Jul-Aug),19.7,32.0,88.5,151.0,2533.3,997.8,2033.0,1503.7,54.33,High,7
AGRI-12125,2024,4,Madurai,Clayey Red Loam,Sugarcane,Mid (Feb-Mar),6.88,36.8,74.4,90.8,2499.7,3762.7,1176.3,1383.4,30.54,Low,5
AGRI-12126,2021,11,Pudukkottai,Red Laterite & Gravelly,Cotton,Winter Irrigated (Aug-Feb),61.94,27.9,51.9,172.3,181.0,11641.6,6714.0,4301.6,253.54,High,2
AGRI-12127,2025,4,Thanjavur,Cauvery Delta Alluvium,Paddy (Rice),Samba/Thaladi (Aug-Jan),68.24,29.3,64.9,44.4,2691.6,14497.0,7380.7,5601.1,186.21,High,4
AGRI-12128,2021,8,Perambalur,Black Cotton Soil,Maize,Kharif (Jun-Sep),43.39,23.0,82.4,88.6,761.3,13101.3,6367.3,3038.1,160.12,Normal,6
AGRI-12129,2025,5,Tiruchirappalli,Alluvial Clay & Red Loam,Groundnut,Thai Pattam (Dec-Jan),3.16,27.5,58.4,42.7,386.2,140.6,287.8,235.0,5.35,Low,3
AGRI-12130,2026,12,Pudukkottai,Red Laterite & Gravelly,Paddy (Rice),Samba/Thaladi (Aug-Jan),92.57,23.5,85.8,143.6,3615.2,24519.1,11750.8,7613.8,446.34,High,6
AGRI-12131,2024,9,Madurai,Clayey Red Loam,Paddy (Rice),Kuruvai (Jun-Sep),89.16,24.2,84.2,167.1,3737.8,23431.7,10907.3,7068.3,423.0,High,5
AGRI-12132,2026,4,Nagapattinam,Coastal Alluvium & Saline,Paddy (Rice),Samba/Thaladi (Aug-Jan),54.89,32.2,72.3,82.8,2301.0,13800.5,7244.5,4653.4,151.41,High,5
AGRI-12133,2024,7,Tiruvarur,Deltaic Alluvium,Sugarcane,Late (Apr-May),33.58,24.1,69.9,62.5,11540.5,16125.0,5183.5,6471.5,153.9,Low,4
AGRI-12134,2023,1,Madurai,Clayey Red Loam,Maize,Kharif (Jun-Sep),29.66,20.8,83.7,45.7,536.7,6967.9,3905.2,2350.8,67.9,Normal,6
AGRI-12135,2024,9,Tiruvarur,Deltaic Alluvium,Sugarcane,Mid (Feb-Mar),29.51,30.4,56.3,212.2,10790.3,14240.0,4981.7,5757.3,134.65,High,7
AGRI-12136,2021,7,Karur,Red Sandy & Black Clay,Groundnut,Chithirai Pattam (Apr-May),37.56,29.2,82.2,48.2,4916.7,1594.5,3430.4,2598.7,61.34,Low,7
AGRI-12137,2021,5,Pudukkottai,Red Laterite & Gravelly,Paddy (Rice),Kuruvai (Jun-Sep),33.55,28.4,76.3,50.5,1400.3,7289.9,3730.0,2755.3,95.14,High,5
AGRI-12138,2026,4,Pudukkottai,Red Laterite & Gravelly,Pulses (Blackgram/Greengram),Rice Fallow (Jan-Feb),75.44,26.5,66.9,36.8,1489.8,1846.0,3775.8,1945.5,96.82,Low,6
AGRI-12139,2021,5,Nagapattinam,Coastal Alluvium & Saline,Sugarcane,Mid (Feb-Mar),83.08,33.4,77.2,108.2,30086.5,42608.9,14621.3,16959.6,509.06,High,2
AGRI-12140,2022,10,Tiruchirappalli,Alluvial Clay & Red Loam,Cotton,Summer Irrigated (Feb-Jul),86.41,39.5,80.4,183.1,266.0,15969.0,8644.5,5433.7,507.28,High,7
AGRI-12141,2024,1,Perambalur,Black Cotton Soil,Paddy (Rice),Navarai (Dec-Mar),54.73,28.0,53.1,43.1,2180.0,11931.5,6040.4,4671.3,154.52,Normal,2
AGRI-12142,2026,3,Karur,Red Sandy & Black Clay,Maize,Kharif (Jun-Sep),53.33,26.1,60.6,15.2,1007.5,13138.6,6746.8,3772.6,110.7,Normal,5
AGRI-12143,2025,9,Tiruvarur,Deltaic Alluvium,Maize,Rabi (Oct-Jan),44.35,34.0,83.3,210.0,806.3,13064.7,6728.2,3367.9,149.58,High,5
AGRI-12144,2021,6,Nagapattinam,Coastal Alluvium & Saline,Pulses (Blackgram/Greengram),Rice Fallow (Jan-Feb),74.1,23.8,87.5,86.1,1543.9,2061.9,4085.0,1820.3,136.27,Normal,4
AGRI-12145,2024,5,Thanjavur,Cauvery Delta Alluvium,Cotton,Winter Irrigated (Aug-Feb),28.76,27.3,81.1,37.9,88.5,4534.3,2481.3,1908.6,112.88,Normal,2
AGRI-12146,2023,10,Madurai,Clayey Red Loam,Groundnut,Chithirai Pattam (Apr-May),49.3,31.3,75.3,148.1,6432.3,2654.3,5006.9,3498.0,133.72,High,5
AGRI-12147,2023,11,Tiruchirappalli,Alluvial Clay & Red Loam,Pulses (Blackgram/Greengram),Rainfed (Oct-Nov),65.02,26.5,82.0,100.0,1299.3,1773.2,3683.4,1564.3,127.93,Normal,4
AGRI-12148,2022,7,Thanjavur,Cauvery Delta Alluvium,Groundnut,Chithirai Pattam (Apr-May),69.09,31.5,60.7,0.0,8558.7,3284.3,6265.1,5040.5,129.73,Normal,7
AGRI-12149,2021,6,Tiruvarur,Deltaic Alluvium,Maize,Rabi (Oct-Jan),39.68,27.7,71.4,52.5,695.4,9505.6,5058.8,3046.9,79.31,Normal,6
AGRI-12150,2026,4,Madurai,Clayey Red Loam,Groundnut,Chithirai Pattam (Apr-May),16.51,28.7,60.2,33.9,2062.7,739.4,1502.9,1308.5,30.16,Low,2
AGRI-12151,2026,12,Karur,Red Sandy & Black Clay,Maize,Rabi (Oct-Jan),44.85,23.1,91.0,96.2,789.1,12132.8,6649.5,3269.5,165.7,Low,3
AGRI-12152,2026,10,Perambalur,Black Cotton Soil,Maize,Rabi (Oct-Jan),91.66,22.4,87.7,165.6,1611.6,25264.1,13561.8,7254.6,326.82,High,3
AGRI-12153,2025,1,Thanjavur,Cauvery Delta Alluvium,Maize,Rabi (Oct-Jan),34.09,27.7,58.0,21.9,642.8,9129.4,4532.8,2548.6,66.88,Normal,5
AGRI-12154,2024,3,Tiruchirappalli,Alluvial Clay & Red Loam,Sugarcane,Early (Dec-Jan),52.24,28.5,79.1,90.5,18153.9,25928.3,8660.3,10044.8,386.04,Low,3
AGRI-12155,2023,8,Madurai,Clayey Red Loam,Groundnut,Chithirai Pattam (Apr-May),25.26,29.5,78.3,37.8,3234.6,1117.4,2225.6,1753.7,39.98,Normal,7
AGRI-12156,2025,11,Tiruvarur,Deltaic Alluvium,Cotton,Summer Irrigated (Feb-Jul),58.47,27.3,73.1,275.0,182.5,11557.3,5809.2,3948.1,213.32,High,2
AGRI-12157,2021,9,Perambalur,Black Cotton Soil,Sugarcane,Early (Dec-Jan),29.24,31.9,66.6,114.8,10388.1,15531.0,4884.5,6218.8,126.36,High,5
AGRI-12158,2022,7,Pudukkottai,Red Laterite & Gravelly,Paddy (Rice),Navarai (Dec-Mar),53.59,31.6,84.0,39.5,2159.2,12686.4,5648.9,4382.4,150.42,Normal,2
AGRI-12159,2021,1,Tiruchirappalli,Alluvial Clay & Red Loam,Groundnut,Chithirai Pattam (Apr-May),34.07,34.2,57.4,65.0,4330.8,1652.3,3199.9,2539.6,58.67,Low,4
AGRI-12160,2026,9,Madurai,Clayey Red Loam,Groundnut,Thai Pattam (Dec-Jan),80.49,29.7,57.1,140.8,9957.8,3982.6,8410.7,6301.9,128.36,High,6
AGRI-12161,2023,5,Madurai,Clayey Red Loam,Pulses (Blackgram/Greengram),Rice Fallow (Jan-Feb),5.94,24.3,78.4,86.1,123.6,171.4,354.6,143.1,12.52,Low,6
AGRI-12162,2025,5,Perambalur,Black Cotton Soil,Cotton,Summer Irrigated (Feb-Jul),44.54,24.9,76.4,60.1,140.1,7433.0,3895.0,2842.0,175.77,Normal,6
AGRI-12163,2026,11,Madurai,Clayey Red Loam,Cotton,Summer Irrigated (Feb-Jul),36.31,28.7,70.7,154.0,104.9,6795.7,3845.2,2212.3,149.12,High,2
AGRI-12164,2025,12,Thanjavur,Cauvery Delta Alluvium,Sugarcane,Mid (Feb-Mar),48.78,30.3,54.6,206.1,17282.3,24478.7,8091.0,9097.6,205.09,High,2
AGRI-12165,2022,1,Nagapattinam,Coastal Alluvium & Saline,Sugarcane,Mid (Feb-Mar),81.05,35.0,78.8,79.0,28219.1,38503.4,11825.3,15197.6,503.75,Low,2
AGRI-12166,2021,2,Tiruvarur,Deltaic Alluvium,Sugarcane,Early (Dec-Jan),46.47,33.3,83.3,41.1,16694.9,19592.6,7153.4,9392.1,205.42,Normal,4
AGRI-12167,2021,1,Thanjavur,Cauvery Delta Alluvium,Groundnut,Thai Pattam (Dec-Jan),80.34,31.3,82.4,63.7,9964.5,3797.5,7590.5,5873.2,134.01,Normal,5
AGRI-12168,2023,2,Nagapattinam,Coastal Alluvium & Saline,Cotton,Winter Irrigated (Aug-Feb),24.68,30.7,70.1,38.4,73.3,3923.2,2147.6,1615.7,105.04,Normal,4
AGRI-12169,2021,11,Madurai,Clayey Red Loam,Maize,Rabi (Oct-Jan),30.34,21.8,70.9,138.8,548.7,9004.8,4730.9,2382.6,65.02,High,7
AGRI-12170,2021,6,Pudukkottai,Red Laterite & Gravelly,Sugarcane,Mid (Feb-Mar),51.24,37.6,79.5,72.0,18519.5,21842.9,7928.6,10279.5,330.25,Normal,5
AGRI-12171,2021,5,Pudukkottai,Red Laterite & Gravelly,Paddy (Rice),Kuruvai (Jun-Sep),17.53,26.3,79.5,46.4,729.1,4145.5,1916.7,1387.5,54.66,High,3
AGRI-12172,2024,12,Madurai,Clayey Red Loam,Paddy (Rice),Navarai (Dec-Mar),26.89,33.7,78.7,147.8,1120.2,6650.9,3249.7,2223.4,135.04,High,2
AGRI-12173,2021,11,Nagapattinam,Coastal Alluvium & Saline,Cotton,Winter Irrigated (Aug-Feb),93.19,25.2,87.1,197.1,269.3,16213.0,9284.2,5766.5,537.12,High,2
AGRI-12174,2021,4,Thanjavur,Cauvery Delta Alluvium,Maize,Kharif (Jun-Sep),91.74,26.7,90.1,43.6,1594.7,21549.1,12253.7,7000.9,207.01,Normal,4
AGRI-12175,2026,8,Tiruvarur,Deltaic Alluvium,Maize,Kharif (Jun-Sep),53.65,22.6,61.8,26.0,953.4,13803.1,7314.0,3743.9,105.67,Normal,5
AGRI-12176,2024,3,Karur,Red Sandy & Black Clay,Pulses (Blackgram/Greengram),Rainfed (Oct-Nov),27.91,29.8,59.6,73.8,580.8,741.3,1343.3,649.6,32.65,Normal,6
AGRI-12177,2025,10,Perambalur,Black Cotton Soil,Paddy (Rice),Kuruvai (Jun-Sep),77.33,28.9,88.6,152.8,2987.5,20406.4,9573.5,6300.7,343.98,High,3
AGRI-12178,2025,6,Thanjavur,Cauvery Delta Alluvium,Maize,Rabi (Oct-Jan),3.38,22.9,84.5,10.6,61.9,880.0,452.1,257.3,7.66,Normal,2
AGRI-12179,2025,7,Tiruchirappalli,Alluvial Clay & Red Loam,Pulses (Blackgram/Greengram),Rainfed (Oct-Nov),55.84,29.6,81.4,0.0,1149.1,1345.9,2656.2,1306.6,74.63,Normal,7
AGRI-12180,2024,4,Karur,Red Sandy & Black Clay,Maize,Rabi (Oct-Jan),24.53,28.9,77.5,49.3,433.8,6401.5,3181.8,1718.4,51.81,Normal,4
AGRI-12181,2026,12,Pudukkottai,Red Laterite & Gravelly,Sugarcane,Early (Dec-Jan),47.24,30.3,74.0,144.0,16970.5,24049.9,8201.6,9156.4,215.49,High,4
AGRI-12182,2024,10,Tiruchirappalli,Alluvial Clay & Red Loam,Groundnut,Adipattam (Jul-Aug),16.67,25.5,80.7,139.0,2074.8,828.9,1790.7,1263.8,49.34,High,4
AGRI-12183,2021,10,Thanjavur,Cauvery Delta Alluvium,Maize,Kharif (Jun-Sep),34.54,19.6,80.3,222.1,648.9,9803.0,5287.5,2582.5,127.79,High,6
AGRI-12184,2026,12,Tiruchirappalli,Alluvial Clay & Red Loam,Groundnut,Thai Pattam (Dec-Jan),63.19,25.8,53.7,174.1,7996.9,3336.8,6787.5,4465.7,116.2,High,3
AGRI-12185,2022,6,Nagapattinam,Coastal Alluvium & Saline,Sugarcane,Early (Dec-Jan),38.59,32.0,84.6,78.4,14001.1,18605.9,6015.4,7243.3,244.45,Low,5
AGRI-12186,2022,5,Thanjavur,Cauvery Delta Alluvium,Cotton,Winter Irrigated (Aug-Feb),75.68,29.9,57.9,10.4,222.7,12151.3,6643.9,5195.8,266.98,Low,4
AGRI-12187,2023,3,Tiruvarur,Deltaic Alluvium,Paddy (Rice),Navarai (Dec-Mar),5.71,33.4,61.0,46.1,220.6,1301.8,614.8,471.4,18.94,Normal,7
AGRI-12188,2022,11,Tiruvarur,Deltaic Alluvium,Pulses (Blackgram/Greengram),Rainfed (Oct-Nov),77.12,25.4,81.0,214.9,1591.9,2296.8,4311.9,1859.2,167.48,High,5
AGRI-12189,2024,3,Nagapattinam,Coastal Alluvium & Saline,Maize,Rabi (Oct-Jan),23.08,28.5,90.4,80.2,420.6,6255.7,3388.6,1619.0,85.33,Normal,2
AGRI-12190,2021,8,Nagapattinam,Coastal Alluvium & Saline,Paddy (Rice),Kuruvai (Jun-Sep),32.86,24.8,51.9,93.6,1330.1,8922.1,4294.9,2910.1,103.28,High,2
AGRI-12191,2026,3,Tiruvarur,Deltaic Alluvium,Sugarcane,Early (Dec-Jan),19.28,33.6,72.0,31.7,6967.2,8145.8,2969.5,3989.5,84.12,Low,3
AGRI-12192,2021,9,Thanjavur,Cauvery Delta Alluvium,Sugarcane,Mid (Feb-Mar),92.68,32.7,71.8,171.3,31797.9,51708.5,15866.2,19684.3,402.5,High,3
AGRI-12193,2025,1,Perambalur,Black Cotton Soil,Pulses (Blackgram/Greengram),Rice Fallow (Jan-Feb),59.6,30.4,52.8,21.0,1243.6,1574.0,2920.9,1530.5,77.49,Low,3
AGRI-12194,2026,5,Tiruchirappalli,Alluvial Clay & Red Loam,Sugarcane,Mid (Feb-Mar),93.58,30.6,59.7,19.7,32058.6,39549.8,13686.4,17967.1,372.73,Normal,4
AGRI-12195,2024,1,Karur,Red Sandy & Black Clay,Paddy (Rice),Samba/Thaladi (Aug-Jan),3.94,28.8,88.5,35.0,153.1,872.6,440.7,348.9,12.01,High,7
AGRI-12196,2021,3,Nagapattinam,Coastal Alluvium & Saline,Groundnut,Adipattam (Jul-Aug),69.95,29.4,74.8,69.7,8662.0,3157.0,6203.7,5192.1,132.98,Normal,5
AGRI-12197,2022,12,Thanjavur,Cauvery Delta Alluvium,Cotton,Winter Irrigated (Aug-Feb),5.58,32.6,67.5,131.2,17.6,1065.5,588.9,388.0,23.85,High,6
AGRI-12198,2021,10,Pudukkottai,Red Laterite & Gravelly,Cotton,Winter Irrigated (Aug-Feb),25.15,28.0,58.0,160.7,75.8,4357.2,2594.3,1693.8,91.13,High,6
AGRI-12199,2021,9,Nagapattinam,Coastal Alluvium & Saline,Paddy (Rice),Samba/Thaladi (Aug-Jan),56.22,28.1,56.0,224.5,2213.6,15305.6,6968.6,4610.4,171.09,High,5
AGRI-12200,2023,1,Nagapattinam,Coastal Alluvium & Saline,Sugarcane,Mid (Feb-Mar),73.52,33.2,64.1,94.3,26822.2,37901.0,12854.3,13813.1,337.2,Low,3
AGRI-12201,2024,9,Tiruchirappalli,Alluvial Clay & Red Loam,Groundnut,Adipattam (Jul-Aug),77.68,23.8,79.5,105.0,10022.7,4321.8,7971.1,6111.2,232.02,High,7
AGRI-12202,2024,6,Karur,Red Sandy & Black Clay,Cotton,Summer Irrigated (Feb-Jul),90.51,32.6,53.3,45.8,285.0,13540.9,7994.9,5461.5,384.53,Normal,4
AGRI-12203,2024,8,Pudukkottai,Red Laterite & Gravelly,Pulses (Blackgram/Greengram),Rainfed (Oct-Nov),76.27,25.0,57.3,13.9,1532.8,1863.6,3903.6,1948.6,88.28,Normal,2
AGRI-12204,2023,1,Nagapattinam,Coastal Alluvium & Saline,Cotton,Winter Irrigated (Aug-Feb),34.79,30.8,76.5,18.1,109.2,5476.8,3137.1,2082.3,121.2,Normal,2
AGRI-12205,2026,7,Tiruchirappalli,Alluvial Clay & Red Loam,Paddy (Rice),Samba/Thaladi (Aug-Jan),26.08,25.7,66.2,58.3,1092.3,6032.9,2826.1,2159.6,70.15,High,6
AGRI-12206,2024,3,Tiruvarur,Deltaic Alluvium,Cotton,Summer Irrigated (Feb-Jul),31.75,29.5,58.1,20.2,94.3,4784.7,2996.9,1933.4,127.14,Normal,2
AGRI-12207,2026,6,Pudukkottai,Red Laterite & Gravelly,Sugarcane,Late (Apr-May),8.04,33.7,63.9,33.9,2921.3,3869.3,1154.2,1599.3,31.29,Low,5
AGRI-12208,2026,11,Karur,Red Sandy & Black Clay,Maize,Rabi (Oct-Jan),38.32,18.9,84.2,136.6,717.6,11529.7,5531.9,2750.8,133.01,High,5
AGRI-12209,2023,5,Madurai,Clayey Red Loam,Paddy (Rice),Kuruvai (Jun-Sep),91.62,23.1,88.7,18.6,3611.5,21046.5,10223.0,7873.7,290.83,High,4
AGRI-12210,2025,4,Karur,Red Sandy & Black Clay,Paddy (Rice),Navarai (Dec-Mar),19.63,25.2,55.3,13.8,804.1,4545.6,2085.3,1679.8,62.17,Low,4
AGRI-12211,2023,9,Thanjavur,Cauvery Delta Alluvium,Pulses (Blackgram/Greengram),Rainfed (Oct-Nov),86.63,28.7,87.3,177.0,1716.3,2600.5,5003.3,2283.9,166.94,High,6
AGRI-12212,2025,12,Tiruvarur,Deltaic Alluvium,Pulses (Blackgram/Greengram),Rainfed (Oct-Nov),80.48,28.0,77.0,209.5,1602.8,2373.5,4769.0,1977.2,155.8,High,6
AGRI-12213,2025,1,Madurai,Clayey Red Loam,Sugarcane,Mid (Feb-Mar),32.25,30.4,54.7,4.8,10960.6,13772.6,4856.0,6365.9,136.67,Normal,5
AGRI-12214,2021,12,Perambalur,Black Cotton Soil,Pulses (Blackgram/Greengram),Rainfed (Oct-Nov),58.98,29.3,87.6,119.8,1201.3,1630.5,3373.8,1547.8,120.53,High,2
AGRI-12215,2023,10,Pudukkottai,Red Laterite & Gravelly,Maize,Rabi (Oct-Jan),13.3,32.0,68.3,210.7,245.6,3930.1,2052.8,979.9,25.72,High,4
AGRI-12216,2024,2,Karur,Red Sandy & Black Clay,Maize,Rabi (Oct-Jan),27.63,25.4,85.6,67.9,493.6,7421.5,3504.3,1994.2,61.11,Low,6
AGRI-12217,2022,6,Pudukkottai,Red Laterite & Gravelly,Maize,Rabi (Oct-Jan),38.52,28.5,89.9,1.6,682.4,9442.2,4925.9,2947.8,82.19,Normal,7
AGRI-12218,2026,5,Nagapattinam,Coastal Alluvium & Saline,Sugarcane,Mid (Feb-Mar),92.37,37.4,56.7,101.7,32572.5,49523.1,16371.4,18311.8,402.7,High,7
AGRI-12219,2025,10,Madurai,Clayey Red Loam,Paddy (Rice),Navarai (Dec-Mar),94.17,32.0,67.9,148.6,3929.8,25055.4,11960.5,8310.2,263.69,High,5
AGRI-12220,2023,9,Perambalur,Black Cotton Soil,Pulses (Blackgram/Greengram),Rainfed (Oct-Nov),18.45,34.1,84.6,151.3,370.2,559.4,1092.9,454.3,35.47,High,5
AGRI-12221,2022,5,Madurai,Clayey Red Loam,Pulses (Blackgram/Greengram),Rainfed (Oct-Nov),47.91,27.3,91.8,48.1,1001.4,1190.9,2355.7,1255.5,64.2,Normal,3
AGRI-12222,2021,7,Tiruvarur,Deltaic Alluvium,Cotton,Winter Irrigated (Aug-Feb),58.6,27.7,72.3,55.8,172.1,9392.3,5034.6,3803.6,211.43,Normal,7
AGRI-12223,2024,5,Tiruchirappalli,Alluvial Clay & Red Loam,Sugarcane,Early (Dec-Jan),23.93,35.5,86.1,46.4,8043.3,11140.1,3651.5,4861.6,111.84,Normal,6
AGRI-12224,2025,5,Thanjavur,Cauvery Delta Alluvium,Pulses (Blackgram/Greengram),Rice Fallow (Jan-Feb),41.4,26.1,91.6,51.1,868.9,1103.2,2021.0,1094.2,54.36,Normal,2
AGRI-12225,2022,10,Tiruvarur,Deltaic Alluvium,Paddy (Rice),Kuruvai (Jun-Sep),77.76,29.6,65.4,232.7,3057.0,18936.1,10276.8,6368.4,217.82,High,7
AGRI-12226,2023,11,Nagapattinam,Coastal Alluvium & Saline,Pulses (Blackgram/Greengram),Rainfed (Oct-Nov),71.49,28.3,60.2,258.1,1453.4,2105.7,4038.5,1841.3,82.23,High,7
AGRI-12227,2022,11,Tiruvarur,Deltaic Alluvium,Maize,Rabi (Oct-Jan),75.84,30.1,65.0,239.6,1334.8,21666.2,11471.2,5357.3,175.6,High,7
AGRI-12228,2026,8,Karur,Red Sandy & Black Clay,Pulses (Blackgram/Greengram),Rice Fallow (Jan-Feb),15.78,31.1,87.2,39.3,327.4,371.6,763.1,394.1,20.04,Low,3
AGRI-12229,2024,9,Madurai,Clayey Red Loam,Maize,Rabi (Oct-Jan),37.98,27.7,50.8,113.6,704.6,11132.4,5885.9,3029.6,79.4,High,3
AGRI-12230,2023,8,Karur,Red Sandy & Black Clay,Paddy (Rice),Navarai (Dec-Mar),22.89,29.0,50.8,63.9,887.4,4735.5,2541.9,2024.8,65.02,Normal,7
AGRI-12231,2024,6,Madurai,Clayey Red Loam,Paddy (Rice),Kuruvai (Jun-Sep),43.0,31.6,66.6,60.9,1663.4,9095.1,4592.4,3397.2,117.37,High,2
AGRI-12232,2023,7,Pudukkottai,Red Laterite & Gravelly,Groundnut,Adipattam (Jul-Aug),43.47,32.6,79.2,74.8,5699.1,2022.6,3824.4,3092.6,129.01,Normal,5
AGRI-12233,2022,1,Perambalur,Black Cotton Soil,Paddy (Rice),Samba/Thaladi (Aug-Jan),19.6,27.4,59.9,64.7,799.1,4064.1,2239.1,1534.1,60.95,High,4
AGRI-12234,2021,9,Tiruvarur,Deltaic Alluvium,Maize,Kharif (Jun-Sep),59.53,26.4,66.0,178.7,1069.8,16951.1,8607.0,4543.1,137.65,High,4
AGRI-12235,2023,8,Nagapattinam,Coastal Alluvium & Saline,Cotton,Winter Irrigated (Aug-Feb),10.22,36.9,51.3,59.5,30.3,1580.2,880.3,622.4,43.3,Low,6
AGRI-12236,2024,7,Perambalur,Black Cotton Soil,Paddy (Rice),Kuruvai (Jun-Sep),58.04,33.7,70.4,40.2,2297.1,13623.2,6603.2,4784.6,161.09,High,5
AGRI-12237,2022,3,Pudukkottai,Red Laterite & Gravelly,Paddy (Rice),Samba/Thaladi (Aug-Jan),31.14,22.5,77.8,55.1,1208.1,7120.3,3422.7,2773.7,101.31,High,7
AGRI-12238,2021,2,Tiruvarur,Deltaic Alluvium,Maize,Rabi (Oct-Jan),30.26,28.7,66.1,44.8,569.3,7679.4,4001.1,2381.7,62.88,Normal,5
AGRI-12239,2026,9,Tiruvarur,Deltaic Alluvium,Maize,Rabi (Oct-Jan),37.78,21.6,53.8,239.0,709.4,11349.0,5788.6,2816.6,83.37,High,6
AGRI-12240,2021,2,Tiruchirappalli,Alluvial Clay & Red Loam,Pulses (Blackgram/Greengram),Rainfed (Oct-Nov),32.88,24.0,71.5,24.6,641.8,827.3,1706.1,873.1,41.83,Normal,4
AGRI-12241,2026,10,Karur,Red Sandy & Black Clay,Paddy (Rice),Samba/Thaladi (Aug-Jan),64.04,25.3,88.1,126.6,2609.8,15175.1,8129.3,5744.2,286.97,High,4
AGRI-12242,2022,10,Madurai,Clayey Red Loam,Sugarcane,Late (Apr-May),71.71,34.8,81.0,165.4,24369.0,37067.2,11854.8,13275.9,520.46,High,5
AGRI-12243,2024,6,Tiruchirappalli,Alluvial Clay & Red Loam,Paddy (Rice),Navarai (Dec-Mar),72.59,27.4,60.5,51.9,2882.2,15898.3,8008.4,6072.6,217.32,Normal,2
AGRI-12244,2026,2,Perambalur,Black Cotton Soil,Maize,Kharif (Jun-Sep),58.38,27.4,74.6,22.3,1098.7,14869.1,7324.6,4266.2,124.0,Low,3
AGRI-12245,2025,4,Pudukkottai,Red Laterite & Gravelly,Groundnut,Adipattam (Jul-Aug),20.66,34.1,90.9,43.4,2518.8,972.1,1830.6,1561.3,33.68,Low,4
AGRI-12246,2025,12,Madurai,Clayey Red Loam,Pulses (Blackgram/Greengram),Rainfed (Oct-Nov),80.88,19.8,83.5,130.0,1566.9,2167.6,4678.2,1871.9,160.29,High,7
AGRI-12247,2026,3,Tiruchirappalli,Alluvial Clay & Red Loam,Paddy (Rice),Samba/Thaladi (Aug-Jan),68.89,30.3,60.1,88.6,2864.9,17837.2,8556.0,5731.0,224.99,High,2
AGRI-12248,2022,10,Perambalur,Black Cotton Soil,Pulses (Blackgram/Greengram),Rainfed (Oct-Nov),40.04,30.8,86.1,133.1,839.5,1135.4,2299.6,1060.0,87.41,High,6
AGRI-12249,2023,6,Tiruvarur,Deltaic Alluvium,Sugarcane,Mid (Feb-Mar),6.76,37.4,50.8,62.5,2364.9,3194.4,1010.3,1285.3,31.92,Low,7
AGRI-12250,2022,11,Madurai,Clayey Red Loam,Paddy (Rice),Navarai (Dec-Mar),84.71,27.4,62.3,206.1,3323.4,20019.2,10186.3,7089.4,239.29,High,4
AGRI-12251,2025,10,Perambalur,Black Cotton Soil,Paddy (Rice),Navarai (Dec-Mar),66.91,33.4,51.6,87.9,2733.9,16937.5,8568.9,5236.9,191.53,Normal,6
AGRI-12252,2021,5,Pudukkottai,Red Laterite & Gravelly,Pulses (Blackgram/Greengram),Rice Fallow (Jan-Feb),45.96,21.5,74.2,14.2,904.2,1088.1,2226.3,1175.2,62.64,Low,4
AGRI-12253,2025,6,Tiruchirappalli,Alluvial Clay & Red Loam,Paddy (Rice),Navarai (Dec-Mar),87.19,26.0,87.9,40.8,3436.8,19233.7,9134.7,6996.0,242.84,Normal,4
AGRI-12254,2023,4,Madurai,Clayey Red Loam,Sugarcane,Mid (Feb-Mar),19.5,31.1,72.5,32.2,6601.5,9215.0,2940.5,3865.3,88.46,Normal,4
AGRI-12255,2025,12,Pudukkottai,Red Laterite & Gravelly,Paddy (Rice),Kuruvai (Jun-Sep),66.48,34.2,53.7,165.7,2558.1,17441.4,8682.9,5616.3,205.5,High,2
AGRI-12256,2021,6,Karur,Red Sandy & Black Clay,Pulses (Blackgram/Greengram),Rainfed (Oct-Nov),42.07,31.8,59.1,54.6,860.8,1001.1,2161.2,1056.2,58.82,Normal,6
AGRI-12257,2024,10,Madurai,Clayey Red Loam,Sugarcane,Late (Apr-May),21.28,32.5,65.5,191.9,7401.8,10326.2,3638.8,4178.2,82.3,High,2
AGRI-12258,2022,8,Tiruvarur,Deltaic Alluvium,Cotton,Winter Irrigated (Aug-Feb),21.48,35.4,55.7,33.8,64.4,3494.5,2004.7,1374.7,77.7,Normal,5
AGRI-12259,2023,12,Nagapattinam,Coastal Alluvium & Saline,Paddy (Rice),Navarai (Dec-Mar),92.11,30.9,83.3,236.3,3789.2,22959.5,11948.0,7888.5,486.7,High,4
AGRI-12260,2026,2,Perambalur,Black Cotton Soil,Pulses (Blackgram/Greengram),Rice Fallow (Jan-Feb),51.91,29.7,86.9,58.9,1059.6,1215.9,2517.2,1248.7,71.37,Normal,3
AGRI-12261,2021,11,Nagapattinam,Coastal Alluvium & Saline,Pulses (Blackgram/Greengram),Rice Fallow (Jan-Feb),55.22,29.9,60.9,216.1,1137.2,1606.5,3154.7,1348.7,71.34,High,5
AGRI-12262,2024,1,Tiruchirappalli,Alluvial Clay & Red Loam,Maize,Kharif (Jun-Sep),70.79,26.6,71.3,34.4,1270.7,16535.5,8931.4,5677.4,141.79,Low,2
AGRI-12263,2021,10,Tiruvarur,Deltaic Alluvium,Sugarcane,Early (Dec-Jan),45.09,32.6,69.5,198.4,16460.1,22185.8,7391.6,8982.4,198.83,High,7
AGRI-12264,2024,9,Perambalur,Black Cotton Soil,Sugarcane,Mid (Feb-Mar),88.94,34.3,77.3,193.4,31491.9,42882.4,15155.6,18724.2,593.0,High,6
AGRI-12265,2025,1,Thanjavur,Cauvery Delta Alluvium,Sugarcane,Mid (Feb-Mar),31.32,35.5,72.9,32.2,11440.0,14000.2,4827.8,6399.6,137.28,Low,3
AGRI-12266,2025,10,Karur,Red Sandy & Black Clay,Paddy (Rice),Navarai (Dec-Mar),75.22,33.3,59.1,91.2,2889.6,19257.3,9848.6,6731.0,214.13,Normal,6
AGRI-12267,2022,5,Tiruchirappalli,Alluvial Clay & Red Loam,Cotton,Winter Irrigated (Aug-Feb),41.02,33.9,88.6,33.6,119.6,6162.7,3544.1,2481.1,175.59,Normal,7
AGRI-12268,2026,12,Perambalur,Black Cotton Soil,Pulses (Blackgram/Greengram),Rainfed (Oct-Nov),40.89,29.5,76.7,134.3,824.2,1221.1,2235.6,1048.2,82.63,High,3
AGRI-12269,2024,2,Pudukkottai,Red Laterite & Gravelly,Pulses (Blackgram/Greengram),Rice Fallow (Jan-Feb),14.22,28.2,91.7,24.2,289.3,343.1,727.6,337.7,16.63,Normal,3
AGRI-12270,2024,3,Madurai,Clayey Red Loam,Pulses (Blackgram/Greengram),Rainfed (Oct-Nov),27.48,28.8,80.3,0.0,552.2,695.0,1367.1,706.5,31.83,Low,7
AGRI-12271,2022,1,Madurai,Clayey Red Loam,Maize,Rabi (Oct-Jan),51.33,26.5,88.5,12.4,911.5,13802.4,6432.0,3888.2,114.92,Low,6
AGRI-12272,2026,3,Pudukkottai,Red Laterite & Gravelly,Maize,Rabi (Oct-Jan),31.74,20.6,56.3,7.4,569.1,7587.3,3993.6,2406.8,75.45,Normal,3
AGRI-12273,2021,7,Perambalur,Black Cotton Soil,Maize,Rabi (Oct-Jan),64.12,25.1,56.9,50.4,1162.6,17286.0,8432.4,5003.9,147.64,Low,7
AGRI-12274,2023,11,Perambalur,Black Cotton Soil,Sugarcane,Early (Dec-Jan),84.01,31.1,67.7,183.0,30828.6,40825.8,14289.4,16397.7,342.44,High,6
AGRI-12275,2022,8,Tiruchirappalli,Alluvial Clay & Red Loam,Groundnut,Adipattam (Jul-Aug),62.79,25.4,82.4,23.5,7698.6,2782.7,5734.5,4354.7,113.21,Normal,3
AGRI-12276,2026,1,Perambalur,Black Cotton Soil,Cotton,Summer Irrigated (Feb-Jul),56.66,29.4,82.9,63.0,163.3,9243.2,5063.5,3584.7,226.81,Normal,4
AGRI-12277,2021,1,Pudukkottai,Red Laterite & Gravelly,Cotton,Winter Irrigated (Aug-Feb),11.39,32.4,80.9,40.4,35.1,1883.7,1056.3,681.6,45.41,Low,3
AGRI-12278,2026,4,Tiruvarur,Deltaic Alluvium,Cotton,Summer Irrigated (Feb-Jul),7.73,32.1,54.6,91.2,23.9,1408.1,831.0,465.7,29.52,Low,7
AGRI-12279,2024,2,Perambalur,Black Cotton Soil,Paddy (Rice),Kuruvai (Jun-Sep),22.24,24.1,67.7,59.4,920.6,5024.7,2510.7,1856.5,61.59,High,5
AGRI-12280,2022,5,Pudukkottai,Red Laterite & Gravelly,Paddy (Rice),Samba/Thaladi (Aug-Jan),48.67,27.6,53.3,42.2,2022.6,10266.7,5534.9,4366.5,147.82,High,7
AGRI-12281,2025,11,Madurai,Clayey Red Loam,Cotton,Summer Irrigated (Feb-Jul),85.77,29.9,89.1,135.9,248.6,15491.9,8720.2,5933.7,579.5,High,7
AGRI-12282,2021,7,Tiruvarur,Deltaic Alluvium,Sugarcane,Early (Dec-Jan),87.94,30.2,88.2,55.0,31330.0,38508.1,12832.1,18074.0,348.33,Normal,7
AGRI-12283,2025,7,Pudukkottai,Red Laterite & Gravelly,Pulses (Blackgram/Greengram),Rainfed (Oct-Nov),90.25,21.9,82.1,37.1,1861.0,2370.9,4382.1,2337.5,106.16,Normal,2
AGRI-12284,2021,1,Madurai,Clayey Red Loam,Pulses (Blackgram/Greengram),Rice Fallow (Jan-Feb),57.67,27.5,91.3,47.8,1166.4,1355.1,2922.7,1354.8,68.26,Normal,3
AGRI-12285,2025,8,Pudukkottai,Red Laterite & Gravelly,Groundnut,Adipattam (Jul-Aug),92.19,31.2,74.9,37.9,11154.7,4335.5,8570.1,7132.1,148.93,Normal,7
AGRI-12286,2026,3,Perambalur,Black Cotton Soil,Cotton,Winter Irrigated (Aug-Feb),94.44,27.9,61.1,59.9,272.5,15986.8,8258.6,6513.0,344.13,Low,4
AGRI-12287,2024,9,Karur,Red Sandy & Black Clay,Sugarcane,Mid (Feb-Mar),71.83,33.3,63.7,80.2,26390.3,38630.5,11924.2,14343.8,279.67,Normal,2
AGRI-12288,2026,3,Tiruvarur,Deltaic Alluvium,Maize,Rabi (Oct-Jan),11.26,28.0,60.8,57.8,203.0,3028.2,1398.2,784.3,26.04,Normal,5
AGRI-12289,2026,7,Pudukkottai,Red Laterite & Gravelly,Pulses (Blackgram/Greengram),Rice Fallow (Jan-Feb),88.77,27.1,68.6,22.5,1809.3,2317.9,4655.2,2085.0,110.2,Normal,3
AGRI-12290,2021,5,Madurai,Clayey Red Loam,Groundnut,Thai Pattam (Dec-Jan),70.83,23.3,91.9,71.0,8850.9,3406.3,6373.9,5416.0,178.98,Normal,7
AGRI-12291,2025,2,Perambalur,Black Cotton Soil,Sugarcane,Mid (Feb-Mar),77.5,30.3,54.5,61.5,27684.5,37569.8,12106.8,15311.8,348.48,Normal,6
AGRI-12292,2026,10,Tiruvarur,Deltaic Alluvium,Maize,Kharif (Jun-Sep),4.15,21.1,54.4,221.3,72.8,1275.8,617.1,323.7,9.55,High,5
AGRI-12293,2026,4,Thanjavur,Cauvery Delta Alluvium,Cotton,Summer Irrigated (Feb-Jul),20.36,24.5,59.6,63.0,60.3,3271.5,1905.1,1392.2,80.65,Low,5
AGRI-12294,2023,11,Thanjavur,Cauvery Delta Alluvium,Maize,Rabi (Oct-Jan),7.18,27.0,77.8,190.4,133.6,2081.3,1118.0,565.6,24.28,High,2
AGRI-12295,2022,6,Pudukkottai,Red Laterite & Gravelly,Paddy (Rice),Navarai (Dec-Mar),23.53,29.6,54.0,53.8,921.8,5199.3,2691.2,2135.9,66.21,Low,7
AGRI-12296,2026,8,Madurai,Clayey Red Loam,Pulses (Blackgram/Greengram),Rice Fallow (Jan-Feb),29.05,31.3,57.9,32.7,589.7,710.0,1392.8,749.5,36.17,Normal,7
AGRI-12297,2022,11,Nagapattinam,Coastal Alluvium & Saline,Groundnut,Adipattam (Jul-Aug),4.93,26.4,80.8,222.4,605.5,260.6,526.0,384.5,13.72,High,6
AGRI-12298,2023,11,Perambalur,Black Cotton Soil,Pulses (Blackgram/Greengram),Rainfed (Oct-Nov),55.66,26.1,78.1,159.9,1126.2,1712.0,3305.6,1440.3,112.52,High,7
AGRI-12299,2022,11,Thanjavur,Cauvery Delta Alluvium,Cotton,Summer Irrigated (Feb-Jul),61.35,30.2,68.7,163.7,185.7,11090.1,6442.6,3739.7,212.77,High,3
AGRI-12300,2024,3,Thanjavur,Cauvery Delta Alluvium,Pulses (Blackgram/Greengram),Rainfed (Oct-Nov),94.74,27.7,61.5,69.5,1892.3,2526.7,4793.5,2465.4,128.07,Normal,7
AGRI-12301,2023,1,Tiruchirappalli,Alluvial Clay & Red Loam,Paddy (Rice),Navarai (Dec-Mar),68.77,22.5,64.4,33.0,2732.4,15986.1,7826.4,6112.3,201.9,Normal,7
AGRI-12302,2025,11,Nagapattinam,Coastal Alluvium & Saline,Pulses (Blackgram/Greengram),Rice Fallow (Jan-Feb),46.59,28.3,83.3,260.9,915.0,1368.7,2624.5,1224.0,100.7,High,3
AGRI-12303,2026,1,Thanjavur,Cauvery Delta Alluvium,Cotton,Summer Irrigated (Feb-Jul),82.4,34.1,85.7,68.8,255.9,12286.2,7196.4,5630.7,304.21,Low,6
AGRI-12304,2026,7,Tiruchirappalli,Alluvial Clay & Red Loam,Maize,Kharif (Jun-Sep),16.28,29.9,64.8,66.3,284.5,4153.8,2057.2,1278.5,34.63,Low,4
AGRI-12305,2021,8,Tiruchirappalli,Alluvial Clay & Red Loam,Cotton,Winter Irrigated (Aug-Feb),63.27,33.1,69.7,54.8,184.0,10288.1,5571.9,4056.9,248.03,Normal,6
AGRI-12306,2023,10,Tiruchirappalli,Alluvial Clay & Red Loam,Groundnut,Adipattam (Jul-Aug),41.37,38.0,59.2,150.8,5216.2,2090.9,4268.6,3249.9,71.64,High,6
AGRI-12307,2024,6,Tiruvarur,Deltaic Alluvium,Cotton,Winter Irrigated (Aug-Feb),60.01,30.4,57.4,13.4,173.0,10051.9,5150.2,4005.8,209.86,Normal,4
AGRI-12308,2021,2,Madurai,Clayey Red Loam,Cotton,Summer Irrigated (Feb-Jul),77.65,22.3,89.5,7.2,238.9,11718.0,7222.8,4932.6,317.28,Normal,6
AGRI-12309,2022,9,Karur,Red Sandy & Black Clay,Paddy (Rice),Navarai (Dec-Mar),19.38,20.6,63.0,146.7,799.7,5157.9,2486.1,1626.6,57.22,High,4
AGRI-12310,2026,11,Tiruchirappalli,Alluvial Clay & Red Loam,Groundnut,Adipattam (Jul-Aug),18.01,31.4,54.4,178.0,2209.0,1004.3,1786.8,1287.8,33.5,High,6
AGRI-12311,2025,12,Thanjavur,Cauvery Delta Alluvium,Cotton,Winter Irrigated (Aug-Feb),9.4,21.9,83.7,178.1,28.9,1681.5,949.7,632.7,59.97,High,6
AGRI-12312,2025,4,Thanjavur,Cauvery Delta Alluvium,Cotton,Winter Irrigated (Aug-Feb),59.5,34.8,73.7,52.8,187.1,9082.8,5510.1,3868.4,207.55,Low,6
AGRI-12313,2026,7,Perambalur,Black Cotton Soil,Pulses (Blackgram/Greengram),Rice Fallow (Jan-Feb),78.99,29.3,85.0,34.1,1644.1,1962.9,4037.4,1845.2,101.21,Low,5
AGRI-12314,2022,1,Tiruvarur,Deltaic Alluvium,Groundnut,Adipattam (Jul-Aug),40.35,33.3,71.8,28.2,4957.7,1865.0,3625.9,3094.7,76.45,Low,4
AGRI-12315,2021,1,Madurai,Clayey Red Loam,Sugarcane,Mid (Feb-Mar),23.82,29.1,81.3,43.5,8339.2,10916.5,3611.9,4510.1,94.5,Low,4
AGRI-12316,2024,5,Karur,Red Sandy & Black Clay,Pulses (Blackgram/Greengram),Rainfed (Oct-Nov),62.19,24.7,90.5,19.1,1217.8,1678.1,2977.4,1563.9,72.81,Normal,3
AGRI-12317,2025,3,Nagapattinam,Coastal Alluvium & Saline,Sugarcane,Mid (Feb-Mar),93.46,30.6,79.3,64.6,33102.0,44477.4,13550.0,18615.8,378.0,Low,7
AGRI-12318,2023,4,Pudukkottai,Red Laterite & Gravelly,Pulses (Blackgram/Greengram),Rainfed (Oct-Nov),66.71,21.1,53.8,42.0,1295.3,1713.1,3281.8,1635.7,81.72,Low,2
AGRI-12319,2025,9,Pudukkottai,Red Laterite & Gravelly,Paddy (Rice),Kuruvai (Jun-Sep),73.06,26.7,91.0,149.1,3004.9,18881.0,9003.8,6144.4,378.83,High,4
AGRI-12320,2022,5,Tiruvarur,Deltaic Alluvium,Pulses (Blackgram/Greengram),Rice Fallow (Jan-Feb),24.21,29.3,58.6,32.5,499.3,643.3,1189.4,596.5,31.53,Normal,5
AGRI-12321,2021,7,Nagapattinam,Coastal Alluvium & Saline,Cotton,Winter Irrigated (Aug-Feb),68.12,33.2,63.7,49.6,207.5,10614.6,6116.0,4524.4,243.63,Normal,5
AGRI-12322,2025,8,Pudukkottai,Red Laterite & Gravelly,Pulses (Blackgram/Greengram),Rainfed (Oct-Nov),71.74,31.5,81.5,5.3,1474.6,1837.5,3537.2,1786.3,91.64,Normal,3
AGRI-12323,2023,6,Tiruchirappalli,Alluvial Clay & Red Loam,Groundnut,Chithirai Pattam (Apr-May),52.31,31.3,56.0,0.0,6325.9,2333.5,4689.2,4109.1,81.28,Normal,4
AGRI-12324,2026,1,Tiruvarur,Deltaic Alluvium,Pulses (Blackgram/Greengram),Rainfed (Oct-Nov),93.91,25.6,54.0,81.8,1962.5,2704.0,5312.1,2293.7,126.15,Low,6
AGRI-12325,2024,2,Perambalur,Black Cotton Soil,Sugarcane,Late (Apr-May),24.36,31.1,72.6,28.5,8599.0,11153.8,3741.2,4537.2,97.18,Low,3
AGRI-12326,2023,8,Nagapattinam,Coastal Alluvium & Saline,Pulses (Blackgram/Greengram),Rainfed (Oct-Nov),66.13,27.0,77.1,87.5,1365.7,1862.9,3672.6,1602.3,131.82,Normal,3
AGRI-12327,2022,5,Tiruchirappalli,Alluvial Clay & Red Loam,Groundnut,Thai Pattam (Dec-Jan),73.87,35.1,83.6,4.1,9474.2,3152.3,6660.1,5469.0,128.46,Normal,5
AGRI-12328,2026,4,Perambalur,Black Cotton Soil,Groundnut,Thai Pattam (Dec-Jan),58.48,27.5,89.9,57.4,7358.9,2507.4,5074.2,4285.9,110.79,Low,6
AGRI-12329,2026,3,Perambalur,Black Cotton Soil,Paddy (Rice),Samba/Thaladi (Aug-Jan),47.34,26.5,83.5,57.2,1928.8,10676.2,5134.6,4063.2,146.93,High,7
AGRI-12330,2026,1,Perambalur,Black Cotton Soil,Sugarcane,Mid (Feb-Mar),66.01,31.0,55.9,25.9,23315.3,30220.3,10192.2,12149.1,312.12,Low,6
AGRI-12331,2021,2,Perambalur,Black Cotton Soil,Paddy (Rice),Navarai (Dec-Mar),84.31,28.7,90.3,63.5,3246.4,19058.7,9720.7,7305.0,241.53,Normal,4
AGRI-12332,2022,3,Madurai,Clayey Red Loam,Sugarcane,Early (Dec-Jan),42.42,38.0,91.7,61.3,15000.2,20480.9,6538.5,7897.7,185.55,Low,7
AGRI-12333,2025,5,Tiruchirappalli,Alluvial Clay & Red Loam,Cotton,Winter Irrigated (Aug-Feb),67.1,24.1,63.8,64.4,207.5,10268.8,6072.4,4376.4,285.24,Low,2
AGRI-12334,2022,10,Madurai,Clayey Red Loam,Cotton,Summer Irrigated (Feb-Jul),10.96,27.2,66.2,163.1,32.7,1941.2,1092.5,678.1,38.96,High,5
AGRI-12335,2023,3,Thanjavur,Cauvery Delta Alluvium,Maize,Kharif (Jun-Sep),67.55,31.4,63.2,49.1,1175.9,16509.6,9055.4,4679.3,136.09,Normal,4
AGRI-12336,2024,3,Perambalur,Black Cotton Soil,Cotton,Winter Irrigated (Aug-Feb),83.61,24.4,59.5,70.1,257.9,12570.5,7447.4,5519.3,298.81,Low,6
AGRI-12337,2026,8,Tiruchirappalli,Alluvial Clay & Red Loam,Paddy (Rice),Kuruvai (Jun-Sep),90.84,30.1,85.6,61.2,3512.7,21331.4,9769.8,7817.3,248.12,High,7
AGRI-12338,2024,8,Nagapattinam,Coastal Alluvium & Saline,Maize,Kharif (Jun-Sep),15.71,26.9,81.2,47.9,286.0,3977.4,2028.8,1232.9,31.55,Normal,7
AGRI-12339,2023,1,Nagapattinam,Coastal Alluvium & Saline,Sugarcane,Early (Dec-Jan),12.86,31.3,55.5,101.7,4474.0,6308.5,2161.6,2705.2,53.56,High,2
AGRI-12340,2022,11,Pudukkottai,Red Laterite & Gravelly,Paddy (Rice),Kuruvai (Jun-Sep),14.12,29.0,52.3,188.2,589.8,3747.2,1749.3,1104.2,40.67,High,7
AGRI-12341,2024,6,Nagapattinam,Coastal Alluvium & Saline,Cotton,Summer Irrigated (Feb-Jul),24.59,30.5,66.1,81.3,77.1,4534.0,2468.9,1615.5,96.82,Normal,6
AGRI-12342,2023,2,Tiruchirappalli,Alluvial Clay & Red Loam,Paddy (Rice),Navarai (Dec-Mar),38.75,30.1,51.8,56.6,1521.6,8083.3,4216.2,3032.9,124.81,Normal,2
AGRI-12343,2023,9,Karur,Red Sandy & Black Clay,Pulses (Blackgram/Greengram),Rainfed (Oct-Nov),68.79,25.4,77.0,81.2,1415.2,2110.7,3766.1,1637.3,125.44,Normal,5
AGRI-12344,2025,10,Thanjavur,Cauvery Delta Alluvium,Groundnut,Thai Pattam (Dec-Jan),3.14,38.3,54.7,171.5,392.9,159.5,338.6,242.9,5.89,High,5
AGRI-12345,2021,5,Madurai,Clayey Red Loam,Maize,Rabi (Oct-Jan),39.61,33.6,77.8,49.6,697.1,10106.6,5113.9,2922.5,92.05,Low,7
AGRI-12346,2022,1,Madurai,Clayey Red Loam,Sugarcane,Early (Dec-Jan),26.28,31.2,84.8,26.7,9018.4,11863.6,4041.4,4905.2,107.68,Low,3
AGRI-12347,2025,8,Madurai,Clayey Red Loam,Paddy (Rice),Navarai (Dec-Mar),89.23,27.0,62.5,47.4,3733.9,21086.0,9373.4,7692.4,291.34,Low,5
AGRI-12348,2022,6,Pudukkottai,Red Laterite & Gravelly,Cotton,Summer Irrigated (Feb-Jul),41.79,29.6,60.7,36.9,131.1,6830.4,3785.7,2882.2,153.04,Low,2
AGRI-12349,2026,5,Thanjavur,Cauvery Delta Alluvium,Cotton,Summer Irrigated (Feb-Jul),43.38,27.4,50.3,29.7,134.1,6468.2,3776.7,2665.9,161.13,Low,3
AGRI-12350,2026,2,Thanjavur,Cauvery Delta Alluvium,Sugarcane,Mid (Feb-Mar),44.13,29.7,51.2,51.7,14924.0,19570.5,6738.0,8247.3,179.0,Low,5
AGRI-12351,2025,3,Tiruchirappalli,Alluvial Clay & Red Loam,Cotton,Summer Irrigated (Feb-Jul),53.72,29.2,58.9,98.5,163.7,10532.6,5296.6,3692.8,219.43,Normal,6
AGRI-12352,2024,2,Perambalur,Black Cotton Soil,Pulses (Blackgram/Greengram),Rainfed (Oct-Nov),15.14,26.9,80.3,33.1,312.9,373.7,744.2,350.9,18.48,Normal,4
AGRI-12353,2022,10,Thanjavur,Cauvery Delta Alluvium,Pulses (Blackgram/Greengram),Rainfed (Oct-Nov),56.18,24.1,50.7,202.0,1130.7,1531.1,3115.4,1364.7,69.74,High,2
AGRI-12354,2026,3,Karur,Red Sandy & Black Clay,Sugarcane,Late (Apr-May),32.32,36.8,67.2,48.7,11635.9,13792.5,5012.5,6714.5,139.61,Normal,4
AGRI-12355,2023,4,Nagapattinam,Coastal Alluvium & Saline,Groundnut,Chithirai Pattam (Apr-May),3.9,28.5,50.6,76.4,470.3,178.0,352.0,269.9,7.04,Normal,7
AGRI-12356,2026,12,Madurai,Clayey Red Loam,Maize,Kharif (Jun-Sep),83.07,28.4,80.8,106.6,1554.0,24283.8,11841.5,6062.7,282.24,High,4
AGRI-12357,2021,7,Pudukkottai,Red Laterite & Gravelly,Pulses (Blackgram/Greengram),Rainfed (Oct-Nov),57.18,25.7,83.5,38.2,1129.3,1354.4,2913.8,1451.0,77.56,Normal,4
AGRI-12358,2025,8,Madurai,Clayey Red Loam,Maize,Rabi (Oct-Jan),60.31,27.5,67.2,14.5,1058.5,14620.2,7627.3,4674.4,120.72,Low,7
AGRI-12359,2021,6,Thanjavur,Cauvery Delta Alluvium,Groundnut,Thai Pattam (Dec-Jan),40.34,34.0,91.0,71.8,5151.8,1772.1,3456.7,2986.9,110.45,Normal,3
AGRI-12360,2026,11,Madurai,Clayey Red Loam,Maize,Kharif (Jun-Sep),71.74,22.7,80.3,168.9,1270.8,21859.8,10647.7,5144.0,231.25,High,7
AGRI-12361,2025,1,Nagapattinam,Coastal Alluvium & Saline,Maize,Kharif (Jun-Sep),8.73,32.9,61.0,55.8,163.0,2187.4,1091.7,645.3,18.99,Normal,5
AGRI-12362,2023,8,Thanjavur,Cauvery Delta Alluvium,Paddy (Rice),Navarai (Dec-Mar),37.81,24.7,70.2,63.2,1498.7,7887.0,4294.2,3112.8,109.87,Normal,5
AGRI-12363,2026,2,Madurai,Clayey Red Loam,Sugarcane,Early (Dec-Jan),74.51,32.1,57.4,34.1,26739.7,31251.8,11588.0,14878.2,327.11,Low,3
AGRI-12364,2023,9,Nagapattinam,Coastal Alluvium & Saline,Paddy (Rice),Kuruvai (Jun-Sep),64.28,27.4,87.4,203.9,2470.6,16416.2,7763.3,5582.2,336.43,High,2
AGRI-12365,2023,5,Tiruchirappalli,Alluvial Clay & Red Loam,Pulses (Blackgram/Greengram),Rice Fallow (Jan-Feb),90.19,30.3,72.1,0.0,1737.2,2414.6,4529.8,2147.9,123.94,Normal,3
AGRI-12366,2026,2,Karur,Red Sandy & Black Clay,Groundnut,Chithirai Pattam (Apr-May),50.26,32.8,58.5,12.8,6033.1,2408.1,4534.6,3885.5,82.11,Low,2
AGRI-12367,2024,7,Thanjavur,Cauvery Delta Alluvium,Maize,Rabi (Oct-Jan),26.09,23.4,73.6,81.8,456.4,7761.9,3953.4,2037.9,59.42,Low,2
AGRI-12368,2022,11,Thanjavur,Cauvery Delta Alluvium,Cotton,Summer Irrigated (Feb-Jul),56.12,28.4,60.5,167.6,162.4,9972.7,5810.5,3395.7,227.48,High,6
AGRI-12369,2022,9,Madurai,Clayey Red Loam,Maize,Kharif (Jun-Sep),48.11,27.6,56.7,155.4,857.7,12926.2,7255.5,3545.5,104.09,High,3
AGRI-12370,2025,11,Nagapattinam,Coastal Alluvium & Saline,Maize,Kharif (Jun-Sep),52.45,32.6,89.6,304.7,961.2,15193.0,7664.0,3956.7,169.05,High,4
AGRI-12371,2022,3,Nagapattinam,Coastal Alluvium & Saline,Maize,Kharif (Jun-Sep),6.45,24.1,71.5,32.9,118.5,1690.2,859.7,461.8,12.49,Normal,7
AGRI-12372,2021,11,Madurai,Clayey Red Loam,Groundnut,Chithirai Pattam (Apr-May),55.78,28.3,53.6,163.5,6788.0,3068.8,5485.1,4033.8,87.54,High,3
AGRI-12373,2024,3,Tiruchirappalli,Alluvial Clay & Red Loam,Groundnut,Chithirai Pattam (Apr-May),28.86,28.4,66.9,18.3,3673.1,1316.1,2650.0,2147.1,46.55,Normal,3
AGRI-12374,2026,7,Madurai,Clayey Red Loam,Maize,Kharif (Jun-Sep),92.62,30.1,79.6,32.8,1687.8,23016.0,12368.8,6694.8,207.36,Low,6
AGRI-12375,2024,7,Karur,Red Sandy & Black Clay,Pulses (Blackgram/Greengram),Rice Fallow (Jan-Feb),88.66,26.0,81.1,57.0,1715.9,2347.5,4332.1,2112.8,113.72,Low,5
AGRI-12376,2025,3,Madurai,Clayey Red Loam,Groundnut,Adipattam (Jul-Aug),66.14,27.0,59.8,79.8,8456.1,2964.3,5840.7,5215.6,123.56,Low,3
AGRI-12377,2022,5,Perambalur,Black Cotton Soil,Paddy (Rice),Samba/Thaladi (Aug-Jan),27.2,23.4,85.6,42.8,1056.3,5995.4,2997.1,2341.3,86.88,High,6
AGRI-12378,2026,1,Thanjavur,Cauvery Delta Alluvium,Maize,Kharif (Jun-Sep),91.53,26.4,82.1,76.1,1703.1,24565.2,11665.7,6821.0,284.14,Normal,3
AGRI-12379,2024,6,Tiruchirappalli,Alluvial Clay & Red Loam,Groundnut,Thai Pattam (Dec-Jan),32.01,24.2,82.6,0.0,4153.3,1522.8,2951.9,2283.2,58.44,Normal,7
AGRI-12380,2023,1,Nagapattinam,Coastal Alluvium & Saline,Sugarcane,Late (Apr-May),17.9,31.7,62.2,60.7,6514.7,7978.7,2671.1,3489.5,76.41,Normal,6
AGRI-12381,2025,2,Nagapattinam,Coastal Alluvium & Saline,Pulses (Blackgram/Greengram),Rice Fallow (Jan-Feb),92.46,31.3,78.1,117.6,1840.9,2819.6,5230.0,2235.6,177.17,High,7
AGRI-12382,2025,7,Karur,Red Sandy & Black Clay,Paddy (Rice),Kuruvai (Jun-Sep),3.11,23.0,65.9,41.0,120.3,675.1,325.7,270.7,8.92,High,7
AGRI-12383,2026,10,Pudukkottai,Red Laterite & Gravelly,Maize,Rabi (Oct-Jan),10.95,23.8,81.9,139.3,203.3,3051.9,1683.7,802.9,34.81,High,3
AGRI-12384,2022,4,Perambalur,Black Cotton Soil,Paddy (Rice),Samba/Thaladi (Aug-Jan),83.07,29.5,63.0,49.1,3204.9,18926.6,9462.0,7264.9,259.69,High,6
AGRI-12385,2023,2,Madurai,Clayey Red Loam,Cotton,Winter Irrigated (Aug-Feb),29.24,25.0,59.4,27.0,86.8,4447.8,2695.6,1783.0,114.53,Normal,3
AGRI-12386,2026,12,Tiruchirappalli,Alluvial Clay & Red Loam,Sugarcane,Early (Dec-Jan),85.18,33.2,59.0,126.3,31286.6,45709.3,14444.3,16796.3,374.46,High,2
AGRI-12387,2023,7,Tiruchirappalli,Alluvial Clay & Red Loam,Maize,Kharif (Jun-Sep),38.33,25.5,52.4,0.0,722.9,9547.1,4770.5,2938.4,75.26,Normal,2
AGRI-12388,2024,8,Thanjavur,Cauvery Delta Alluvium,Sugarcane,Mid (Feb-Mar),47.2,30.6,65.2,58.2,16159.1,20163.0,7400.1,9069.0,207.08,Normal,5
AGRI-12389,2024,8,Madurai,Clayey Red Loam,Paddy (Rice),Navarai (Dec-Mar),31.51,32.0,55.0,30.7,1212.7,6616.7,3537.1,2819.0,90.1,Normal,4
AGRI-12390,2024,10,Tiruvarur,Deltaic Alluvium,Maize,Rabi (Oct-Jan),28.29,20.0,66.2,189.1,508.4,8181.6,4436.7,2076.4,65.63,High,6
AGRI-12391,2022,10,Madurai,Clayey Red Loam,Groundnut,Adipattam (Jul-Aug),86.94,29.3,74.5,144.3,10708.1,4380.6,8968.1,6181.0,134.75,High,3
AGRI-12392,2023,12,Pudukkottai,Red Laterite & Gravelly,Cotton,Summer Irrigated (Feb-Jul),16.43,30.4,75.3,88.9,48.0,3027.0,1769.3,1055.6,111.35,Normal,6
AGRI-12393,2021,4,Thanjavur,Cauvery Delta Alluvium,Cotton,Summer Irrigated (Feb-Jul),44.02,25.5,87.1,27.1,138.1,7193.9,3809.3,3020.4,172.28,Normal,7
AGRI-12394,2021,12,Madurai,Clayey Red Loam,Maize,Rabi (Oct-Jan),45.95,29.5,85.2,159.2,818.0,14204.9,6836.4,3486.9,173.57,High,5
AGRI-12395,2022,2,Karur,Red Sandy & Black Clay,Pulses (Blackgram/Greengram),Rainfed (Oct-Nov),73.08,27.8,71.8,9.5,1461.0,1908.8,3664.1,1700.0,102.35,Low,3
AGRI-12396,2021,4,Perambalur,Black Cotton Soil,Sugarcane,Late (Apr-May),3.46,24.9,67.2,0.0,1218.8,1518.8,524.7,678.4,14.42,Low,4
AGRI-12397,2023,4,Madurai,Clayey Red Loam,Maize,Kharif (Jun-Sep),38.96,25.0,73.7,34.2,680.1,9737.7,4897.9,3084.9,86.39,Low,2
AGRI-12398,2022,5,Tiruvarur,Deltaic Alluvium,Groundnut,Thai Pattam (Dec-Jan),87.4,26.5,51.1,67.0,10907.2,3904.7,7503.7,6942.5,153.37,Normal,3
AGRI-12399,2023,1,Thanjavur,Cauvery Delta Alluvium,Cotton,Winter Irrigated (Aug-Feb),90.34,27.9,71.6,0.0,271.5,14564.1,8517.7,5484.4,372.63,Normal,5
AGRI-12400,2022,6,Nagapattinam,Coastal Alluvium & Saline,Sugarcane,Early (Dec-Jan),42.82,35.0,56.5,43.2,15461.9,19214.3,6720.5,7986.8,198.57,Low,7
AGRI-12401,2023,1,Tiruvarur,Deltaic Alluvium,Groundnut,Thai Pattam (Dec-Jan),70.15,25.3,76.7,107.6,8921.8,3576.9,6999.5,5042.1,212.1,High,4
AGRI-12402,2026,2,Pudukkottai,Red Laterite & Gravelly,Cotton,Summer Irrigated (Feb-Jul),14.29,31.0,82.0,47.8,42.7,2358.0,1277.8,896.7,49.82,Low,6
AGRI-12403,2023,11,Tiruvarur,Deltaic Alluvium,Pulses (Blackgram/Greengram),Rice Fallow (Jan-Feb),21.94,26.7,86.8,245.4,434.8,654.3,1301.7,514.9,49.62,High,7
AGRI-12404,2024,12,Perambalur,Black Cotton Soil,Pulses (Blackgram/Greengram),Rice Fallow (Jan-Feb),94.05,23.5,83.4,177.4,1935.2,2828.8,5388.0,2259.5,175.1,High,7
AGRI-12405,2026,9,Pudukkottai,Red Laterite & Gravelly,Paddy (Rice),Samba/Thaladi (Aug-Jan),84.33,25.1,81.8,161.1,3320.1,22122.0,10217.7,6658.5,412.68,High,7
AGRI-12406,2025,12,Perambalur,Black Cotton Soil,Paddy (Rice),Kuruvai (Jun-Sep),34.76,28.7,68.5,122.5,1363.8,8595.0,4297.3,2855.3,115.04,High,6
AGRI-12407,2025,1,Karur,Red Sandy & Black Clay,Cotton,Winter Irrigated (Aug-Feb),66.14,30.6,88.3,44.7,196.8,11309.7,6223.9,4316.4,241.21,Low,4
AGRI-12408,2021,4,Nagapattinam,Coastal Alluvium & Saline,Groundnut,Chithirai Pattam (Apr-May),72.71,32.4,58.8,31.3,9445.0,3112.7,6801.5,5574.3,132.16,Low,4
AGRI-12409,2022,9,Pudukkottai,Red Laterite & Gravelly,Pulses (Blackgram/Greengram),Rainfed (Oct-Nov),30.39,28.0,64.5,190.4,595.5,941.5,1700.1,726.7,39.82,High,4
AGRI-12410,2025,11,Nagapattinam,Coastal Alluvium & Saline,Paddy (Rice),Kuruvai (Jun-Sep),34.98,33.7,64.8,241.4,1459.2,9272.8,4438.0,3116.9,109.2,High,6
AGRI-12411,2026,9,Pudukkottai,Red Laterite & Gravelly,Maize,Kharif (Jun-Sep),24.91,26.6,78.6,104.1,447.9,7048.5,3777.5,1959.0,88.25,High,4
AGRI-12412,2024,5,Perambalur,Black Cotton Soil,Pulses (Blackgram/Greengram),Rice Fallow (Jan-Feb),34.09,26.5,78.5,33.1,709.5,909.2,1695.6,904.1,46.84,Normal,6
AGRI-12413,2023,1,Pudukkottai,Red Laterite & Gravelly,Groundnut,Adipattam (Jul-Aug),76.01,29.3,55.6,35.6,9688.1,3246.1,6671.3,5922.9,132.94,Normal,2
AGRI-12414,2021,11,Karur,Red Sandy & Black Clay,Sugarcane,Late (Apr-May),39.4,28.9,70.2,118.6,13289.8,19873.3,6996.6,8224.4,179.4,High,2
AGRI-12415,2021,10,Madurai,Clayey Red Loam,Sugarcane,Late (Apr-May),47.25,39.1,81.5,105.3,16784.5,26299.4,7801.8,9253.6,343.56,High,4
AGRI-12416,2026,7,Tiruvarur,Deltaic Alluvium,Maize,Kharif (Jun-Sep),40.9,26.1,91.6,56.4,729.7,10188.7,5274.6,2884.3,91.63,Low,2
AGRI-12417,2022,1,Nagapattinam,Coastal Alluvium & Saline,Paddy (Rice),Navarai (Dec-Mar),62.76,23.8,76.7,68.3,2484.7,14889.3,7203.8,4955.4,207.26,Normal,4
AGRI-12418,2022,1,Perambalur,Black Cotton Soil,Maize,Rabi (Oct-Jan),53.36,22.9,73.4,50.8,964.5,12830.9,7180.5,3862.3,122.93,Normal,4
AGRI-12419,2024,1,Madurai,Clayey Red Loam,Paddy (Rice),Kuruvai (Jun-Sep),75.64,23.2,77.0,41.3,3049.3,17019.9,7964.6,6032.9,208.36,High,2
AGRI-12420,2021,9,Madurai,Clayey Red Loam,Sugarcane,Late (Apr-May),63.62,31.1,84.9,188.5,22689.6,32871.2,11232.2,13170.7,412.13,High,7
AGRI-12421,2025,11,Perambalur,Black Cotton Soil,Pulses (Blackgram/Greengram),Rainfed (Oct-Nov),36.76,30.8,50.9,113.8,732.2,1056.0,2161.9,932.8,49.92,High,4
AGRI-12422,2021,10,Madurai,Clayey Red Loam,Groundnut,Chithirai Pattam (Apr-May),72.89,32.1,76.3,156.7,9446.4,3686.0,7330.8,5064.7,177.32,High,4
AGRI-12423,2022,1,Nagapattinam,Coastal Alluvium & Saline,Sugarcane,Mid (Feb-Mar),26.9,34.3,83.1,65.0,9416.9,11625.0,4119.3,5446.8,123.14,Normal,7
AGRI-12424,2022,6,Perambalur,Black Cotton Soil,Sugarcane,Late (Apr-May),9.96,31.0,84.4,49.1,3610.9,4402.9,1443.8,1974.5,47.02,Normal,5
AGRI-12425,2021,12,Nagapattinam,Coastal Alluvium & Saline,Paddy (Rice),Navarai (Dec-Mar),87.42,40.0,84.2,280.1,3492.0,22873.6,10624.4,7696.5,417.38,High,4
AGRI-12426,2021,7,Karur,Red Sandy & Black Clay,Pulses (Blackgram/Greengram),Rice Fallow (Jan-Feb),93.3,32.9,88.7,24.6,1878.1,2169.5,4679.4,2179.1,132.82,Normal,7
AGRI-12427,2023,3,Perambalur,Black Cotton Soil,Maize,Kharif (Jun-Sep),10.39,23.4,58.5,50.4,179.7,2713.7,1409.6,779.3,22.43,Normal,5
AGRI-12428,2021,5,Perambalur,Black Cotton Soil,Pulses (Blackgram/Greengram),Rainfed (Oct-Nov),46.22,31.6,73.9,18.2,968.7,1134.0,2268.8,1140.1,57.96,Low,6
AGRI-12429,2022,11,Madurai,Clayey Red Loam,Pulses (Blackgram/Greengram),Rainfed (Oct-Nov),79.24,26.8,87.8,179.8,1525.7,2209.2,4658.6,2084.6,156.87,High,7
AGRI-12430,2026,2,Tiruchirappalli,Alluvial Clay & Red Loam,Pulses (Blackgram/Greengram),Rainfed (Oct-Nov),34.98,29.1,78.0,52.4,675.3,853.6,1820.9,824.3,47.18,Normal,5
AGRI-12431,2026,11,Thanjavur,Cauvery Delta Alluvium,Cotton,Summer Irrigated (Feb-Jul),60.68,21.7,71.2,157.6,189.9,12038.3,6479.0,4033.0,255.29,High,2
AGRI-12432,2026,9,Perambalur,Black Cotton Soil,Sugarcane,Late (Apr-May),10.56,36.9,66.7,190.9,3612.4,5877.7,1835.4,1961.4,49.69,High,7
AGRI-12433,2023,10,Nagapattinam,Coastal Alluvium & Saline,Cotton,Winter Irrigated (Aug-Feb),21.45,27.3,52.6,239.1,66.2,4215.8,2172.2,1313.0,90.12,High,4
AGRI-12434,2024,7,Thanjavur,Cauvery Delta Alluvium,Pulses (Blackgram/Greengram),Rainfed (Oct-Nov),15.84,31.5,62.2,12.3,318.4,376.0,803.1,372.6,20.52,Normal,7
AGRI-12435,2026,11,Madurai,Clayey Red Loam,Paddy (Rice),Navarai (Dec-Mar),18.43,30.3,74.7,157.7,742.6,4444.4,2247.4,1553.3,51.83,High,2
AGRI-12436,2022,11,Tiruvarur,Deltaic Alluvium,Cotton,Winter Irrigated (Aug-Feb),73.59,28.9,61.2,199.2,220.7,14353.9,7427.9,5060.8,282.29,High,4
AGRI-12437,2024,10,Tiruvarur,Deltaic Alluvium,Sugarcane,Mid (Feb-Mar),39.6,26.3,52.8,200.5,13614.4,21172.4,6587.5,7943.8,163.6,High,7
AGRI-12438,2026,6,Madurai,Clayey Red Loam,Paddy (Rice),Navarai (Dec-Mar),3.16,26.9,79.8,79.9,126.1,702.3,348.2,251.7,15.23,Normal,3
AGRI-12439,2021,8,Tiruvarur,Deltaic Alluvium,Maize,Rabi (Oct-Jan),52.06,24.6,62.0,49.2,980.0,13581.7,6792.7,3818.7,99.94,Normal,3
AGRI-12440,2024,7,Nagapattinam,Coastal Alluvium & Saline,Cotton,Winter Irrigated (Aug-Feb),67.27,28.5,83.9,18.6,204.2,10186.1,6147.6,4214.9,275.5,Low,3
AGRI-12441,2025,9,Thanjavur,Cauvery Delta Alluvium,Pulses (Blackgram/Greengram),Rice Fallow (Jan-Feb),78.29,19.8,71.8,200.0,1522.1,2253.6,4337.6,1930.6,100.59,High,2
AGRI-12442,2022,10,Pudukkottai,Red Laterite & Gravelly,Maize,Rabi (Oct-Jan),2.92,28.7,61.8,144.4,51.7,895.6,414.8,207.8,6.67,High,6
AGRI-12443,2026,1,Tiruvarur,Deltaic Alluvium,Sugarcane,Late (Apr-May),82.25,30.4,75.9,46.8,28401.4,35279.7,12417.7,16280.4,333.97,Normal,3
AGRI-12444,2022,9,Pudukkottai,Red Laterite & Gravelly,Groundnut,Adipattam (Jul-Aug),3.82,24.6,66.2,150.8,469.0,183.9,412.3,283.2,6.06,High,5
AGRI-12445,2026,11,Madurai,Clayey Red Loam,Pulses (Blackgram/Greengram),Rice Fallow (Jan-Feb),80.85,30.5,67.8,110.7,1620.3,2491.1,4598.5,1893.8,98.88,High,4
AGRI-12446,2021,8,Thanjavur,Cauvery Delta Alluvium,Groundnut,Thai Pattam (Dec-Jan),2.74,28.7,77.9,93.6,338.3,149.3,273.8,206.3,7.01,Normal,6
AGRI-12447,2026,7,Karur,Red Sandy & Black Clay,Groundnut,Chithirai Pattam (Apr-May),21.02,33.8,84.4,30.9,2668.0,929.5,1813.9,1594.5,38.22,Normal,7
AGRI-12448,2025,9,Nagapattinam,Coastal Alluvium & Saline,Cotton,Summer Irrigated (Feb-Jul),34.73,32.4,71.6,225.7,102.0,6437.3,3633.7,2377.4,121.94,High,6
AGRI-12449,2025,8,Tiruchirappalli,Alluvial Clay & Red Loam,Cotton,Summer Irrigated (Feb-Jul),36.33,30.6,80.2,58.5,114.3,6169.0,3386.8,2503.7,134.17,Normal,5
AGRI-12450,2026,1,Pudukkottai,Red Laterite & Gravelly,Pulses (Blackgram/Greengram),Rice Fallow (Jan-Feb),19.81,34.9,75.8,51.9,392.1,480.1,994.6,515.8,25.86,Normal,6
AGRI-12451,2025,5,Madurai,Clayey Red Loam,Pulses (Blackgram/Greengram),Rice Fallow (Jan-Feb),33.69,28.2,70.3,45.9,649.5,893.0,1671.2,844.7,46.03,Normal,5
AGRI-12452,2021,1,Tiruchirappalli,Alluvial Clay & Red Loam,Maize,Kharif (Jun-Sep),54.06,28.5,83.7,28.8,1001.0,13915.8,6902.6,3925.7,107.1,Normal,6
AGRI-12453,2026,7,Pudukkottai,Red Laterite & Gravelly,Cotton,Summer Irrigated (Feb-Jul),48.77,32.7,67.8,45.3,141.8,8069.9,4416.6,2977.2,176.55,Normal,3
AGRI-12454,2024,11,Tiruvarur,Deltaic Alluvium,Cotton,Summer Irrigated (Feb-Jul),5.94,22.5,66.5,278.3,17.6,1060.6,610.2,391.2,22.25,High,5
AGRI-12455,2025,8,Madurai,Clayey Red Loam,Sugarcane,Mid (Feb-Mar),47.31,31.7,87.7,20.0,16893.7,21725.6,7412.1,8839.2,215.66,Normal,2
AGRI-12456,2026,8,Perambalur,Black Cotton Soil,Sugarcane,Mid (Feb-Mar),30.93,33.8,50.6,0.0,10436.9,13265.7,4497.9,5984.4,143.41,Normal,5
AGRI-12457,2024,9,Madurai,Clayey Red Loam,Sugarcane,Early (Dec-Jan),74.15,35.4,90.2,144.7,25238.6,38615.8,12864.4,15736.2,547.01,High,4
AGRI-12458,2024,5,Tiruchirappalli,Alluvial Clay & Red Loam,Pulses (Blackgram/Greengram),Rainfed (Oct-Nov),93.68,28.0,77.6,39.0,1807.3,2239.8,4614.8,2297.0,114.46,Normal,3
AGRI-12459,2022,10,Karur,Red Sandy & Black Clay,Maize,Rabi (Oct-Jan),27.06,28.5,62.1,131.0,469.1,8012.8,3999.2,2100.1,57.85,High,5
AGRI-12460,2021,9,Pudukkottai,Red Laterite & Gravelly,Pulses (Blackgram/Greengram),Rice Fallow (Jan-Feb),12.16,27.3,72.5,130.1,247.8,343.4,703.7,287.1,15.91,High,2
AGRI-12461,2022,5,Nagapattinam,Coastal Alluvium & Saline,Sugarcane,Late (Apr-May),9.58,33.9,90.4,65.2,3375.7,4565.8,1467.7,1871.2,42.89,Normal,5
AGRI-12462,2023,9,Nagapattinam,Coastal Alluvium & Saline,Maize,Kharif (Jun-Sep),60.19,25.8,54.2,212.8,1096.0,16797.5,8776.0,4562.4,142.39,High,4
AGRI-12463,2026,9,Madurai,Clayey Red Loam,Maize,Kharif (Jun-Sep),41.16,24.5,79.4,156.2,741.9,11550.3,6293.2,3082.4,126.73,High,4
AGRI-12464,2024,11,Nagapattinam,Coastal Alluvium & Saline,Paddy (Rice),Navarai (Dec-Mar),31.92,27.3,51.5,195.2,1260.1,7680.0,4089.7,2821.6,101.19,High,4
AGRI-12465,2025,8,Pudukkottai,Red Laterite & Gravelly,Groundnut,Adipattam (Jul-Aug),41.67,26.5,85.3,51.3,5042.8,1753.7,3757.2,3086.7,67.02,Low,6
AGRI-12466,2021,3,Nagapattinam,Coastal Alluvium & Saline,Cotton,Summer Irrigated (Feb-Jul),70.63,26.3,58.5,110.4,204.5,13546.6,7155.9,4443.5,272.86,High,2
AGRI-12467,2024,5,Perambalur,Black Cotton Soil,Sugarcane,Late (Apr-May),73.86,30.5,84.5,17.6,24944.2,31935.1,11039.9,14994.9,348.59,Low,3
AGRI-12468,2021,11,Thanjavur,Cauvery Delta Alluvium,Paddy (Rice),Samba/Thaladi (Aug-Jan),81.42,24.0,61.5,133.2,3127.1,21164.4,10780.0,7142.8,269.72,High,3
AGRI-12469,2024,5,Nagapattinam,Coastal Alluvium & Saline,Pulses (Blackgram/Greengram),Rainfed (Oct-Nov),9.33,27.3,83.8,80.9,192.8,262.8,514.7,239.8,20.64,Low,4
AGRI-12470,2024,3,Nagapattinam,Coastal Alluvium & Saline,Cotton,Winter Irrigated (Aug-Feb),62.59,28.9,81.3,81.7,183.1,10799.0,6726.6,3829.4,402.64,Normal,3
AGRI-12471,2022,3,Karur,Red Sandy & Black Clay,Pulses (Blackgram/Greengram),Rainfed (Oct-Nov),26.22,27.4,54.9,3.4,546.5,622.9,1293.1,665.5,31.53,Low,2
AGRI-12472,2024,9,Madurai,Clayey Red Loam,Paddy (Rice),Samba/Thaladi (Aug-Jan),76.01,25.3,65.0,136.3,3070.6,19401.2,9282.4,6196.6,213.96,High,6
AGRI-12473,2025,9,Madurai,Clayey Red Loam,Cotton,Summer Irrigated (Feb-Jul),6.42,28.3,84.7,165.5,19.6,1098.8,676.0,384.5,37.26,High,4
AGRI-12474,2023,1,Tiruchirappalli,Alluvial Clay & Red Loam,Paddy (Rice),Samba/Thaladi (Aug-Jan),33.32,29.8,82.8,43.4,1355.5,7639.3,3718.5,2742.9,109.57,High,6
AGRI-12475,2022,4,Madurai,Clayey Red Loam,Pulses (Blackgram/Greengram),Rice Fallow (Jan-Feb),18.15,25.4,50.8,28.1,367.2,481.0,937.1,475.5,23.22,Low,2
AGRI-12476,2023,10,Nagapattinam,Coastal Alluvium & Saline,Maize,Kharif (Jun-Sep),9.76,32.2,85.5,248.0,181.6,2700.6,1467.0,748.0,36.29,High,2
AGRI-12477,2022,11,Karur,Red Sandy & Black Clay,Paddy (Rice),Navarai (Dec-Mar),29.1,26.8,61.0,124.1,1142.6,7011.1,3751.6,2562.8,78.98,High,2
AGRI-12478,2024,9,Thanjavur,Cauvery Delta Alluvium,Sugarcane,Early (Dec-Jan),89.29,26.2,56.8,182.8,31803.5,48768.7,15506.0,18342.3,361.01,High,3
AGRI-12479,2024,2,Tiruvarur,Deltaic Alluvium,Groundnut,Adipattam (Jul-Aug),61.35,28.8,74.7,21.0,7914.0,2685.9,5742.1,4604.0,116.04,Normal,6
AGRI-12480,2022,7,Madurai,Clayey Red Loam,Groundnut,Adipattam (Jul-Aug),8.89,26.0,50.0,38.3,1106.0,425.8,779.1,618.9,15.21,Normal,3
AGRI-12481,2026,3,Pudukkottai,Red Laterite & Gravelly,Maize,Rabi (Oct-Jan),41.48,26.1,82.8,33.6,736.4,10906.6,5483.3,3129.1,93.05,Normal,5
AGRI-12482,2022,9,Tiruvarur,Deltaic Alluvium,Pulses (Blackgram/Greengram),Rainfed (Oct-Nov),16.95,26.4,56.7,194.8,341.6,469.5,976.8,439.8,20.39,High,4
AGRI-12483,2022,6,Tiruvarur,Deltaic Alluvium,Pulses (Blackgram/Greengram),Rice Fallow (Jan-Feb),58.13,32.8,86.2,47.1,1151.5,1386.5,2932.7,1370.7,79.93,Normal,5
AGRI-12484,2026,10,Tiruchirappalli,Alluvial Clay & Red Loam,Groundnut,Thai Pattam (Dec-Jan),22.9,30.8,61.7,154.5,2913.6,1183.7,2278.4,1817.9,42.39,High,6
AGRI-12485,2025,8,Nagapattinam,Coastal Alluvium & Saline,Sugarcane,Late (Apr-May),49.53,36.2,76.2,118.3,17592.9,25146.1,8768.2,9974.3,355.66,High,4
AGRI-12486,2021,9,Madurai,Clayey Red Loam,Cotton,Summer Irrigated (Feb-Jul),67.19,29.8,81.1,152.3,209.4,11627.4,6909.5,4550.8,412.53,High,4
AGRI-12487,2023,8,Perambalur,Black Cotton Soil,Pulses (Blackgram/Greengram),Rainfed (Oct-Nov),69.02,29.8,76.0,29.8,1370.7,1772.0,3578.5,1598.2,91.55,Low,5
AGRI-12488,2024,11,Tiruvarur,Deltaic Alluvium,Pulses (Blackgram/Greengram),Rice Fallow (Jan-Feb),2.56,29.7,83.7,220.6,52.0,77.2,150.8,59.5,5.52,High,4
AGRI-12489,2022,11,Pudukkottai,Red Laterite & Gravelly,Pulses (Blackgram/Greengram),Rainfed (Oct-Nov),30.55,23.5,67.1,140.8,588.0,902.1,1768.9,733.0,35.48,High,4
AGRI-12490,2021,4,Perambalur,Black Cotton Soil,Cotton,Summer Irrigated (Feb-Jul),21.04,32.3,62.1,90.4,66.2,3690.9,2162.4,1313.7,85.29,Normal,3
AGRI-12491,2023,4,Perambalur,Black Cotton Soil,Pulses (Blackgram/Greengram),Rice Fallow (Jan-Feb),30.1,31.8,64.5,27.9,610.9,737.7,1556.7,738.7,36.63,Low,2
AGRI-12492,2021,12,Pudukkottai,Red Laterite & Gravelly,Sugarcane,Late (Apr-May),93.85,28.8,81.0,166.4,32846.8,48358.7,16130.1,18492.8,660.8,High,7
AGRI-12493,2022,9,Perambalur,Black Cotton Soil,Cotton,Summer Irrigated (Feb-Jul),40.76,33.4,69.6,164.7,123.2,7801.2,4316.4,2728.8,144.06,High,4
AGRI-12494,2023,7,Karur,Red Sandy & Black Clay,Groundnut,Chithirai Pattam (Apr-May),58.56,27.6,54.7,33.1,7413.5,2458.5,5154.2,4425.5,107.7,Low,7
AGRI-12495,2026,4,Tiruchirappalli,Alluvial Clay & Red Loam,Maize,Kharif (Jun-Sep),66.11,34.2,88.5,44.2,1218.7,16397.5,8213.2,4758.6,130.46,Normal,2
AGRI-12496,2026,4,Tiruchirappalli,Alluvial Clay & Red Loam,Pulses (Blackgram/Greengram),Rainfed (Oct-Nov),9.44,30.9,50.4,41.8,181.9,234.2,484.8,232.9,12.98,Normal,7
AGRI-12497,2025,4,Karur,Red Sandy & Black Clay,Paddy (Rice),Samba/Thaladi (Aug-Jan),34.46,23.7,73.8,67.7,1408.3,7124.5,3896.1,2932.0,94.86,High,4
AGRI-12498,2026,7,Thanjavur,Cauvery Delta Alluvium,Paddy (Rice),Kuruvai (Jun-Sep),18.61,36.8,60.8,75.1,732.3,3829.6,1966.2,1658.7,61.56,High,2
AGRI-12499,2022,6,Karur,Red Sandy & Black Clay,Pulses (Blackgram/Greengram),Rainfed (Oct-Nov),34.67,20.5,70.9,32.5,674.8,863.1,1702.6,801.5,46.09,Normal,4
AGRI-12500,2025,9,Tiruvarur,Deltaic Alluvium,Cotton,Winter Irrigated (Aug-Feb),42.92,36.7,68.0,216.7,134.6,8307.0,4401.1,2608.1,148.29,High,6
AGRI-12501,2021,12,Nagapattinam,Coastal Alluvium & Saline,Paddy (Rice),Navarai (Dec-Mar),79.95,29.8,54.8,238.6,3356.2,20593.2,10277.3,7113.8,247.71,High,6
AGRI-12502,2023,12,Madurai,Clayey Red Loam,Cotton,Winter Irrigated (Aug-Feb),57.18,36.4,83.6,141.5,175.6,11080.0,5710.2,3657.1,361.91,High,5
AGRI-12503,2024,11,Nagapattinam,Coastal Alluvium & Saline,Groundnut,Thai Pattam (Dec-Jan),57.56,27.9,61.7,206.4,6995.1,3162.5,5748.0,4147.2,88.48,High,5
AGRI-12504,2025,9,Madurai,Clayey Red Loam,Maize,Rabi (Oct-Jan),24.11,25.7,52.8,153.4,451.4,6707.8,3443.6,1829.0,48.62,High,4
AGRI-12505,2022,12,Thanjavur,Cauvery Delta Alluvium,Pulses (Blackgram/Greengram),Rice Fallow (Jan-Feb),72.98,33.4,57.5,180.4,1505.2,2072.6,4334.3,1784.6,87.1,High,2
AGRI-12506,2023,12,Madurai,Clayey Red Loam,Sugarcane,Late (Apr-May),13.33,25.9,86.7,184.7,4725.1,7218.2,2409.2,2793.0,81.37,High,4
AGRI-12507,2025,1,Tiruchirappalli,Alluvial Clay & Red Loam,Pulses (Blackgram/Greengram),Rice Fallow (Jan-Feb),71.16,22.4,89.7,31.0,1394.0,1764.4,3655.7,1748.1,99.38,Normal,3
AGRI-12508,2024,12,Pudukkottai,Red Laterite & Gravelly,Paddy (Rice),Samba/Thaladi (Aug-Jan),39.91,33.2,83.3,143.3,1625.3,10372.8,4967.7,3589.8,197.88,High,2
AGRI-12509,2026,10,Nagapattinam,Coastal Alluvium & Saline,Paddy (Rice),Samba/Thaladi (Aug-Jan),19.78,37.2,64.8,278.1,790.2,4875.5,2577.2,1694.3,62.66,High,2
AGRI-12510,2024,2,Tiruvarur,Deltaic Alluvium,Cotton,Winter Irrigated (Aug-Feb),38.8,27.4,75.0,83.5,121.9,7110.9,3852.0,2364.7,154.15,Low,2
AGRI-12511,2022,7,Karur,Red Sandy & Black Clay,Groundnut,Thai Pattam (Dec-Jan),48.13,28.6,85.0,52.8,5955.8,2021.8,4415.3,3682.6,74.37,Normal,3
AGRI-12512,2026,2,Pudukkottai,Red Laterite & Gravelly,Pulses (Blackgram/Greengram),Rice Fallow (Jan-Feb),33.25,27.1,77.9,21.8,657.7,862.4,1620.6,834.4,38.49,Low,3
AGRI-12513,2024,5,Tiruchirappalli,Alluvial Clay & Red Loam,Sugarcane,Mid (Feb-Mar),53.86,31.5,66.6,57.8,18224.2,23687.3,7884.1,11039.2,255.3,Normal,4
AGRI-12514,2025,2,Tiruvarur,Deltaic Alluvium,Maize,Kharif (Jun-Sep),18.3,26.7,84.7,17.4,318.9,4256.2,2260.8,1393.2,41.86,Low,2
AGRI-12515,2021,7,Tiruvarur,Deltaic Alluvium,Sugarcane,Mid (Feb-Mar),3.39,31.6,71.9,77.8,1233.7,1509.9,511.7,674.5,14.22,Normal,4
AGRI-12516,2025,5,Tiruchirappalli,Alluvial Clay & Red Loam,Cotton,Winter Irrigated (Aug-Feb),71.4,32.3,77.2,21.2,214.6,12063.9,6390.0,4570.1,246.92,Low,4
AGRI-12517,2024,1,Tiruchirappalli,Alluvial Clay & Red Loam,Sugarcane,Late (Apr-May),71.47,26.5,85.8,27.0,25330.3,34265.7,10942.7,14410.7,298.97,Normal,6
AGRI-12518,2022,4,Karur,Red Sandy & Black Clay,Groundnut,Thai Pattam (Dec-Jan),64.35,28.6,58.0,37.4,7752.9,2794.4,5672.2,4759.3,100.48,Normal,7
AGRI-12519,2026,12,Karur,Red Sandy & Black Clay,Cotton,Winter Irrigated (Aug-Feb),80.87,34.4,88.0,104.4,233.7,16001.7,8003.4,5095.7,478.85,High,7
AGRI-12520,2024,7,Madurai,Clayey Red Loam,Groundnut,Adipattam (Jul-Aug),72.22,30.1,74.0,53.2,9102.9,3410.5,6276.9,5147.8,121.29,Normal,7
AGRI-12521,2021,7,Pudukkottai,Red Laterite & Gravelly,Paddy (Rice),Kuruvai (Jun-Sep),48.0,35.9,89.1,36.7,1908.5,11234.0,5477.3,4063.1,148.05,High,6
AGRI-12522,2022,12,Tiruvarur,Deltaic Alluvium,Pulses (Blackgram/Greengram),Rainfed (Oct-Nov),36.68,26.9,81.7,181.2,707.0,1085.0,2155.9,929.7,67.14,High,3
AGRI-12523,2022,12,Perambalur,Black Cotton Soil,Sugarcane,Late (Apr-May),25.97,32.6,55.0,131.2,9046.0,12586.5,4526.9,5093.6,107.37,High,3
AGRI-12524,2021,6,Tiruvarur,Deltaic Alluvium,Pulses (Blackgram/Greengram),Rice Fallow (Jan-Feb),63.81,24.6,69.6,82.3,1306.2,1897.7,3675.1,1693.5,74.58,Low,2
AGRI-12525,2023,2,Nagapattinam,Coastal Alluvium & Saline,Sugarcane,Mid (Feb-Mar),19.09,32.4,77.1,52.3,6466.5,8258.1,2943.3,3833.3,74.95,Normal,7
AGRI-12526,2021,8,Karur,Red Sandy & Black Clay,Sugarcane,Mid (Feb-Mar),76.76,29.6,55.6,66.5,27788.7,32432.7,11756.9,14251.7,330.09,Normal,5
AGRI-12527,2021,6,Pudukkottai,Red Laterite & Gravelly,Cotton,Winter Irrigated (Aug-Feb),20.09,32.9,88.1,95.8,59.9,3470.9,2021.1,1369.6,115.45,Normal,5
AGRI-12528,2024,5,Karur,Red Sandy & Black Clay,Sugarcane,Mid (Feb-Mar),10.32,27.0,84.9,44.3,3570.2,4608.5,1480.6,1984.1,47.97,Normal,7
AGRI-12529,2024,5,Karur,Red Sandy & Black Clay,Pulses (Blackgram/Greengram),Rice Fallow (Jan-Feb),52.98,22.6,79.2,62.9,1062.4,1243.7,2619.0,1270.3,74.35,Normal,2
AGRI-12530,2021,10,Madurai,Clayey Red Loam,Pulses (Blackgram/Greengram),Rainfed (Oct-Nov),37.45,24.5,71.5,135.8,781.1,1135.2,2141.8,896.4,51.45,High,6
AGRI-12531,2024,6,Madurai,Clayey Red Loam,Maize,Rabi (Oct-Jan),26.62,23.9,91.9,57.7,464.9,6382.1,3381.9,2099.7,60.61,Low,6
AGRI-12532,2026,7,Tiruvarur,Deltaic Alluvium,Maize,Rabi (Oct-Jan),91.68,24.5,78.0,56.0,1651.7,23934.1,11729.0,7176.8,175.93,Low,4
AGRI-12533,2023,10,Nagapattinam,Coastal Alluvium & Saline,Groundnut,Adipattam (Jul-Aug),35.62,24.4,76.4,200.5,4617.4,1786.7,3514.7,2560.8,92.06,High,5
AGRI-12534,2026,4,Pudukkottai,Red Laterite & Gravelly,Groundnut,Thai Pattam (Dec-Jan),58.96,30.1,66.2,61.9,7628.9,2492.3,5496.2,4407.5,97.51,Normal,7
AGRI-12535,2026,9,Madurai,Clayey Red Loam,Paddy (Rice),Samba/Thaladi (Aug-Jan),24.08,30.6,61.2,169.2,1002.6,5885.2,2990.7,1966.0,77.83,High,4
AGRI-12536,2023,9,Tiruchirappalli,Alluvial Clay & Red Loam,Sugarcane,Late (Apr-May),73.23,29.9,72.1,154.6,26248.1,37520.8,13122.8,15321.3,344.34,High,3
AGRI-12537,2024,8,Madurai,Clayey Red Loam,Sugarcane,Mid (Feb-Mar),12.08,30.0,58.1,68.1,4188.8,5387.1,1873.4,2369.0,46.94,Normal,5
AGRI-12538,2022,12,Perambalur,Black Cotton Soil,Maize,Kharif (Jun-Sep),51.3,27.0,50.8,165.3,892.7,15244.7,7375.9,3785.1,118.91,High,7
AGRI-12539,2023,12,Thanjavur,Cauvery Delta Alluvium,Maize,Kharif (Jun-Sep),64.88,24.8,72.0,184.7,1171.5,19928.5,9381.7,5014.3,139.32,High,3
AGRI-12540,2022,5,Karur,Red Sandy & Black Clay,Maize,Kharif (Jun-Sep),48.2,35.3,73.2,29.4,867.5,12359.4,6277.8,3635.3,102.55,Normal,3
AGRI-12541,2026,3,Madurai,Clayey Red Loam,Groundnut,Adipattam (Jul-Aug),20.29,27.7,71.1,49.3,2450.8,955.6,1778.5,1477.9,32.02,Normal,4
AGRI-12542,2023,9,Thanjavur,Cauvery Delta Alluvium,Paddy (Rice),Samba/Thaladi (Aug-Jan),94.25,30.0,64.0,161.4,3947.6,23789.0,11357.5,7918.6,292.65,High,7
AGRI-12543,2021,7,Nagapattinam,Coastal Alluvium & Saline,Paddy (Rice),Kuruvai (Jun-Sep),85.91,26.4,58.3,60.9,3406.8,20377.4,9785.8,7770.8,243.79,High,7
AGRI-12544,2021,2,Tiruvarur,Deltaic Alluvium,Pulses (Blackgram/Greengram),Rice Fallow (Jan-Feb),17.35,26.7,75.0,35.8,352.0,458.6,890.3,448.3,22.2,Normal,3
AGRI-12545,2024,9,Madurai,Clayey Red Loam,Paddy (Rice),Samba/Thaladi (Aug-Jan),63.36,23.0,57.8,128.7,2643.5,15700.9,7911.6,5604.7,205.49,High,5
AGRI-12546,2025,11,Madurai,Clayey Red Loam,Groundnut,Thai Pattam (Dec-Jan),76.83,34.0,68.2,130.7,9479.2,4096.7,8126.3,6077.2,132.14,High,2
AGRI-12547,2022,3,Tiruchirappalli,Alluvial Clay & Red Loam,Pulses (Blackgram/Greengram),Rainfed (Oct-Nov),75.02,29.1,65.8,17.6,1557.0,1957.0,3597.1,1958.8,91.69,Normal,4
AGRI-12548,2025,11,Pudukkottai,Red Laterite & Gravelly,Paddy (Rice),Samba/Thaladi (Aug-Jan),47.21,28.6,70.2,173.9,1838.5,12168.8,5975.2,4045.5,151.76,High,6
AGRI-12549,2021,11,Tiruchirappalli,Alluvial Clay & Red Loam,Paddy (Rice),Samba/Thaladi (Aug-Jan),90.43,29.7,64.7,107.5,3717.3,23758.9,11985.1,7662.9,298.35,High,2
AGRI-12550,2021,6,Karur,Red Sandy & Black Clay,Pulses (Blackgram/Greengram),Rice Fallow (Jan-Feb),65.6,37.1,71.9,54.4,1287.9,1525.4,3233.3,1573.2,78.69,Normal,7
AGRI-12551,2025,6,Thanjavur,Cauvery Delta Alluvium,Cotton,Summer Irrigated (Feb-Jul),59.8,34.1,55.5,73.2,188.3,9790.3,5467.0,3927.2,209.21,Normal,5
AGRI-12552,2023,12,Thanjavur,Cauvery Delta Alluvium,Maize,Rabi (Oct-Jan),55.13,25.1,72.8,151.2,1033.1,17094.3,8563.2,4416.2,116.27,High,6
AGRI-12553,2023,11,Tiruchirappalli,Alluvial Clay & Red Loam,Paddy (Rice),Kuruvai (Jun-Sep),22.54,27.1,62.6,211.8,905.5,5411.3,2709.6,1930.3,60.84,High,2
AGRI-12554,2022,11,Pudukkottai,Red Laterite & Gravelly,Sugarcane,Mid (Feb-Mar),93.56,34.7,57.5,164.5,33342.6,50027.9,16895.9,17264.0,427.8,High,6
AGRI-12555,2024,5,Madurai,Clayey Red Loam,Paddy (Rice),Samba/Thaladi (Aug-Jan),53.5,29.8,91.2,13.0,2195.4,11233.8,5757.2,4759.0,174.49,High,7
AGRI-12556,2021,2,Madurai,Clayey Red Loam,Pulses (Blackgram/Greengram),Rainfed (Oct-Nov),86.83,28.6,73.8,49.1,1767.8,2207.4,4425.6,2262.2,109.39,Low,5
AGRI-12557,2023,3,Tiruchirappalli,Alluvial Clay & Red Loam,Groundnut,Thai Pattam (Dec-Jan),9.21,29.3,78.4,64.7,1195.9,388.1,845.1,655.1,14.99,Normal,6
AGRI-12558,2026,9,Tiruchirappalli,Alluvial Clay & Red Loam,Groundnut,Thai Pattam (Dec-Jan),56.79,26.8,58.4,111.1,6951.7,2941.0,6025.6,4016.5,94.71,High,6
AGRI-12559,2026,5,Perambalur,Black Cotton Soil,Groundnut,Thai Pattam (Dec-Jan),50.54,26.2,73.2,60.5,6077.5,2317.2,4635.6,3554.1,82.5,Normal,4
AGRI-12560,2022,12,Thanjavur,Cauvery Delta Alluvium,Groundnut,Chithirai Pattam (Apr-May),80.62,27.6,51.4,144.9,10417.9,4070.5,8475.3,6219.2,146.59,High,7
AGRI-12561,2026,5,Tiruvarur,Deltaic Alluvium,Pulses (Blackgram/Greengram),Rice Fallow (Jan-Feb),49.34,29.5,56.9,47.6,998.1,1174.2,2551.3,1214.6,60.38,Normal,2
AGRI-12562,2021,10,Madurai,Clayey Red Loam,Paddy (Rice),Kuruvai (Jun-Sep),20.14,24.7,74.7,185.0,790.4,4930.2,2599.5,1728.7,63.8,High,3
AGRI-12563,2021,7,Perambalur,Black Cotton Soil,Paddy (Rice),Kuruvai (Jun-Sep),78.15,26.2,62.5,3.4,3035.4,17162.3,8876.4,6447.4,228.1,High,5
AGRI-12564,2022,9,Madurai,Clayey Red Loam,Sugarcane,Early (Dec-Jan),69.75,31.0,62.3,140.4,23809.2,37911.0,11457.5,13852.3,310.0,High,7
AGRI-12565,2025,11,Tiruchirappalli,Alluvial Clay & Red Loam,Cotton,Winter Irrigated (Aug-Feb),94.61,36.3,50.6,164.1,288.2,18549.1,10016.8,5907.0,367.47,High,2
AGRI-12566,2024,3,Perambalur,Black Cotton Soil,Groundnut,Chithirai Pattam (Apr-May),33.15,28.6,51.1,43.1,4084.9,1594.2,3118.8,2597.9,55.34,Normal,2
AGRI-12567,2026,12,Madurai,Clayey Red Loam,Groundnut,Thai Pattam (Dec-Jan),83.46,27.9,73.2,168.1,10757.0,4125.2,8572.6,5990.5,137.6,High,3
AGRI-12568,2022,9,Thanjavur,Cauvery Delta Alluvium,Maize,Kharif (Jun-Sep),30.76,24.0,88.9,189.2,534.5,8439.5,4778.5,2336.0,108.13,High,5
AGRI-12569,2021,11,Tiruvarur,Deltaic Alluvium,Maize,Rabi (Oct-Jan),62.43,28.5,63.1,197.0,1155.0,19351.0,9094.6,4512.1,147.38,High,5
AGRI-12570,2022,1,Tiruvarur,Deltaic Alluvium,Pulses (Blackgram/Greengram),Rainfed (Oct-Nov),22.73,31.2,52.7,40.2,448.8,554.7,1089.2,544.0,30.18,Low,6
AGRI-12571,2026,10,Tiruchirappalli,Alluvial Clay & Red Loam,Cotton,Summer Irrigated (Feb-Jul),15.27,25.8,69.9,120.9,45.9,2875.5,1604.2,1004.3,62.02,High,6
AGRI-12572,2023,7,Madurai,Clayey Red Loam,Pulses (Blackgram/Greengram),Rice Fallow (Jan-Feb),64.65,26.3,53.3,38.0,1275.0,1654.0,3216.9,1656.8,87.0,Normal,3
AGRI-12573,2021,8,Perambalur,Black Cotton Soil,Groundnut,Chithirai Pattam (Apr-May),12.97,29.0,89.8,35.4,1563.0,548.6,1212.2,1009.9,22.19,Low,2
AGRI-12574,2026,6,Karur,Red Sandy & Black Clay,Sugarcane,Early (Dec-Jan),88.7,33.8,80.1,7.0,30396.1,39553.5,13939.5,16518.7,420.95,Low,7
AGRI-12575,2024,10,Madurai,Clayey Red Loam,Cotton,Summer Irrigated (Feb-Jul),47.51,29.9,91.8,185.4,148.3,9168.2,4729.3,3070.0,317.07,High,3
AGRI-12576,2022,8,Nagapattinam,Coastal Alluvium & Saline,Groundnut,Chithirai Pattam (Apr-May),13.36,29.1,66.9,40.4,1629.9,634.9,1183.0,998.4,24.04,Low,4
AGRI-12577,2024,2,Perambalur,Black Cotton Soil,Pulses (Blackgram/Greengram),Rice Fallow (Jan-Feb),77.65,27.5,64.5,23.0,1578.5,1825.0,4066.9,2032.0,100.62,Normal,7
AGRI-12578,2022,12,Karur,Red Sandy & Black Clay,Paddy (Rice),Kuruvai (Jun-Sep),47.58,25.1,60.7,104.8,1896.6,11967.5,5749.3,3908.5,150.93,High,7
AGRI-12579,2025,9,Madurai,Clayey Red Loam,Paddy (Rice),Kuruvai (Jun-Sep),9.53,27.9,59.3,179.9,386.1,2400.8,1207.7,780.7,29.88,High,5
AGRI-12580,2026,11,Nagapattinam,Coastal Alluvium & Saline,Pulses (Blackgram/Greengram),Rice Fallow (Jan-Feb),61.71,33.0,88.0,216.7,1221.2,1725.8,3661.7,1602.4,120.09,High,7
AGRI-12581,2025,8,Pudukkottai,Red Laterite & Gravelly,Cotton,Summer Irrigated (Feb-Jul),61.4,24.8,82.9,77.3,187.3,9686.4,5785.0,3687.8,337.32,Normal,5
AGRI-12582,2022,8,Thanjavur,Cauvery Delta Alluvium,Cotton,Winter Irrigated (Aug-Feb),18.42,28.9,76.8,54.2,54.9,3046.2,1617.7,1167.4,68.71,Low,7
AGRI-12583,2024,8,Tiruvarur,Deltaic Alluvium,Cotton,Winter Irrigated (Aug-Feb),29.21,30.3,56.6,66.8,85.4,4962.8,2568.3,1871.4,104.35,Normal,7
AGRI-12584,2022,1,Tiruvarur,Deltaic Alluvium,Paddy (Rice),Kuruvai (Jun-Sep),27.96,28.4,56.8,33.6,1169.7,6529.0,2954.7,2285.8,83.31,High,2
AGRI-12585,2024,3,Perambalur,Black Cotton Soil,Maize,Kharif (Jun-Sep),37.09,23.5,56.8,4.6,664.3,9791.0,4880.6,2888.5,71.96,Normal,7
AGRI-12586,2021,7,Perambalur,Black Cotton Soil,Pulses (Blackgram/Greengram),Rainfed (Oct-Nov),85.16,26.2,78.3,60.3,1718.0,2060.9,4330.1,1999.1,107.2,Normal,6
AGRI-12587,2021,1,Thanjavur,Cauvery Delta Alluvium,Paddy (Rice),Navarai (Dec-Mar),76.02,29.1,73.9,45.6,3000.6,17931.0,8288.5,6182.2,212.82,Normal,4
AGRI-12588,2025,7,Madurai,Clayey Red Loam,Cotton,Winter Irrigated (Aug-Feb),46.23,29.2,68.1,51.7,144.4,7078.2,4158.7,2785.6,170.3,Low,2
AGRI-12589,2022,3,Tiruchirappalli,Alluvial Clay & Red Loam,Maize,Rabi (Oct-Jan),15.77,26.5,89.9,51.2,284.9,3839.8,2058.5,1158.7,30.76,Low,5
AGRI-12590,2022,9,Madurai,Clayey Red Loam,Pulses (Blackgram/Greengram),Rainfed (Oct-Nov),73.08,28.1,52.7,117.7,1425.8,2248.4,4055.2,1737.8,88.42,High,3
AGRI-12591,2024,6,Tiruvarur,Deltaic Alluvium,Sugarcane,Mid (Feb-Mar),6.59,29.3,51.3,75.2,2269.0,3002.7,999.3,1321.1,27.73,Normal,4
AGRI-12592,2024,12,Tiruvarur,Deltaic Alluvium,Maize,Kharif (Jun-Sep),71.28,25.5,69.6,179.1,1297.6,19229.7,10252.2,5627.1,158.66,High,2
AGRI-12593,2021,5,Perambalur,Black Cotton Soil,Groundnut,Thai Pattam (Dec-Jan),46.31,28.2,90.5,88.3,5895.1,2583.8,4679.7,3238.4,133.12,Normal,4
AGRI-12594,2022,10,Madurai,Clayey Red Loam,Maize,Kharif (Jun-Sep),63.57,24.9,63.9,132.5,1183.7,17458.6,9930.7,4971.0,150.71,High,4
AGRI-12595,2023,7,Perambalur,Black Cotton Soil,Pulses (Blackgram/Greengram),Rainfed (Oct-Nov),3.39,30.2,65.0,0.2,65.3,84.0,173.8,87.3,4.06,Low,3
AGRI-12596,2021,2,Perambalur,Black Cotton Soil,Maize,Kharif (Jun-Sep),77.82,27.1,64.6,71.5,1367.2,20916.7,9688.8,5892.1,183.18,Normal,3
AGRI-12597,2025,5,Tiruvarur,Deltaic Alluvium,Cotton,Winter Irrigated (Aug-Feb),9.04,28.4,70.1,44.8,26.4,1490.5,843.1,622.5,37.52,Normal,6
AGRI-12598,2024,10,Perambalur,Black Cotton Soil,Maize,Kharif (Jun-Sep),54.27,22.3,52.0,130.9,972.3,15997.8,7993.0,4132.0,108.42,High,5
AGRI-12599,2024,11,Perambalur,Black Cotton Soil,Groundnut,Adipattam (Jul-Aug),50.38,29.3,74.7,153.0,6059.9,2497.6,5028.2,4042.3,77.34,High,3
AGRI-12600,2023,8,Perambalur,Black Cotton Soil,Pulses (Blackgram/Greengram),Rice Fallow (Jan-Feb),83.32,29.6,59.9,0.0,1639.5,2150.3,4047.7,2063.9,106.12,Normal,3
AGRI-12601,2026,3,Nagapattinam,Coastal Alluvium & Saline,Groundnut,Chithirai Pattam (Apr-May),65.88,34.8,63.8,78.8,8088.2,3081.2,5778.9,4838.6,114.94,Normal,6
AGRI-12602,2026,8,Tiruvarur,Deltaic Alluvium,Cotton,Winter Irrigated (Aug-Feb),18.58,30.7,88.2,53.6,56.0,3027.6,1673.2,1247.2,73.34,Low,6
AGRI-12603,2025,4,Tiruchirappalli,Alluvial Clay & Red Loam,Cotton,Winter Irrigated (Aug-Feb),23.88,32.4,91.8,58.3,69.6,3830.7,2171.2,1459.7,92.02,Low,3
AGRI-12604,2022,2,Madurai,Clayey Red Loam,Sugarcane,Early (Dec-Jan),76.54,27.2,66.5,61.3,27824.1,34959.8,11949.0,14665.7,299.68,Low,7
AGRI-12605,2024,1,Perambalur,Black Cotton Soil,Cotton,Winter Irrigated (Aug-Feb),53.06,32.9,74.4,31.6,166.4,9105.6,4932.0,3340.5,189.31,Normal,6
AGRI-12606,2024,2,Perambalur,Black Cotton Soil,Pulses (Blackgram/Greengram),Rainfed (Oct-Nov),92.8,29.6,79.8,103.1,1836.8,2627.3,5098.1,2277.4,178.11,High,6
AGRI-12607,2024,12,Pudukkottai,Red Laterite & Gravelly,Paddy (Rice),Samba/Thaladi (Aug-Jan),82.99,29.4,76.0,195.2,3468.1,21406.8,11021.2,6926.2,391.12,High,2
AGRI-12608,2024,5,Tiruvarur,Deltaic Alluvium,Sugarcane,Early (Dec-Jan),93.47,33.0,83.5,109.9,32096.3,49821.6,16507.2,17751.2,662.2,High,3
AGRI-12609,2024,3,Karur,Red Sandy & Black Clay,Groundnut,Chithirai Pattam (Apr-May),42.26,24.7,82.1,44.8,5157.3,1796.8,3683.9,3059.3,79.94,Low,2
AGRI-12610,2021,11,Madurai,Clayey Red Loam,Sugarcane,Late (Apr-May),70.26,36.3,88.5,140.9,24611.5,34364.9,12315.7,14173.4,464.95,High,3
AGRI-12611,2026,4,Pudukkottai,Red Laterite & Gravelly,Paddy (Rice),Navarai (Dec-Mar),24.25,27.8,63.2,55.9,1015.5,5215.9,2647.9,1958.7,75.6,Normal,4
AGRI-12612,2021,10,Thanjavur,Cauvery Delta Alluvium,Pulses (Blackgram/Greengram),Rainfed (Oct-Nov),64.82,28.9,92.0,112.6,1333.2,1806.1,3774.9,1661.4,143.3,High,3
AGRI-12613,2023,5,Nagapattinam,Coastal Alluvium & Saline,Pulses (Blackgram/Greengram),Rice Fallow (Jan-Feb),12.47,32.0,90.5,76.5,248.4,315.2,627.8,317.0,27.74,Normal,4
AGRI-12614,2023,6,Tiruchirappalli,Alluvial Clay & Red Loam,Sugarcane,Late (Apr-May),45.13,33.8,90.1,55.0,15284.9,21152.0,6680.9,8701.1,198.15,Normal,2
AGRI-12615,2024,6,Pudukkottai,Red Laterite & Gravelly,Sugarcane,Late (Apr-May),11.73,28.5,68.2,62.0,4197.1,5581.0,1685.9,2193.7,53.93,Normal,4
AGRI-12616,2026,1,Nagapattinam,Coastal Alluvium & Saline,Sugarcane,Mid (Feb-Mar),47.28,35.3,60.0,65.5,16929.8,21330.9,7033.6,9767.4,218.62,Normal,3
AGRI-12617,2025,10,Tiruvarur,Deltaic Alluvium,Paddy (Rice),Samba/Thaladi (Aug-Jan),30.49,29.3,91.5,231.7,1231.7,7370.4,3739.5,2623.7,160.65,High,7
AGRI-12618,2023,12,Perambalur,Black Cotton Soil,Maize,Rabi (Oct-Jan),66.28,28.1,70.6,199.6,1160.8,18761.0,9657.9,4663.3,156.96,High,4
AGRI-12619,2021,7,Tiruchirappalli,Alluvial Clay & Red Loam,Cotton,Summer Irrigated (Feb-Jul),12.88,32.7,80.8,48.8,40.0,2063.9,1133.9,825.5,53.21,Normal,7
AGRI-12620,2022,6,Karur,Red Sandy & Black Clay,Paddy (Rice),Samba/Thaladi (Aug-Jan),88.87,32.0,66.5,17.9,3482.4,19150.9,9601.8,7524.2,268.36,High,3
AGRI-12621,2025,10,Thanjavur,Cauvery Delta Alluvium,Sugarcane,Early (Dec-Jan),94.23,31.9,84.6,177.2,32744.0,49585.3,16858.5,18647.9,680.93,High,5
AGRI-12622,2025,7,Nagapattinam,Coastal Alluvium & Saline,Groundnut,Adipattam (Jul-Aug),67.58,30.1,64.0,28.9,8258.7,3013.1,6083.8,4736.7,115.06,Normal,2
AGRI-12623,2023,10,Pudukkottai,Red Laterite & Gravelly,Sugarcane,Late (Apr-May),72.56,30.9,61.3,144.4,25901.2,37857.9,12312.4,15045.5,286.26,High,4
AGRI-12624,2025,10,Perambalur,Black Cotton Soil,Sugarcane,Early (Dec-Jan),70.12,34.6,63.7,163.9,24842.3,37561.5,12420.7,13531.5,282.59,High,4
AGRI-12625,2021,6,Thanjavur,Cauvery Delta Alluvium,Cotton,Winter Irrigated (Aug-Feb),25.85,25.3,85.4,92.0,77.9,4447.0,2547.7,1741.9,146.82,Low,7
AGRI-12626,2021,4,Madurai,Clayey Red Loam,Pulses (Blackgram/Greengram),Rainfed (Oct-Nov),36.56,32.4,89.2,58.7,765.4,958.2,1857.0,901.4,50.28,Normal,5
AGRI-12627,2025,1,Thanjavur,Cauvery Delta Alluvium,Pulses (Blackgram/Greengram),Rice Fallow (Jan-Feb),39.06,32.0,90.6,63.7,816.8,967.9,1926.2,904.5,46.12,Normal,7
AGRI-12628,2022,10,Madurai,Clayey Red Loam,Paddy (Rice),Navarai (Dec-Mar),16.52,23.5,58.8,162.5,680.9,3945.7,2077.5,1482.0,53.2,High,5
AGRI-12629,2021,12,Tiruvarur,Deltaic Alluvium,Groundnut,Thai Pattam (Dec-Jan),34.64,28.1,70.2,175.8,4255.2,1925.3,3583.3,2577.3,62.97,High,4
AGRI-12630,2023,3,Perambalur,Black Cotton Soil,Groundnut,Adipattam (Jul-Aug),78.78,27.0,89.6,66.0,10237.3,3757.7,6978.6,5941.6,121.77,Normal,7
AGRI-12631,2022,5,Nagapattinam,Coastal Alluvium & Saline,Paddy (Rice),Navarai (Dec-Mar),10.75,23.2,52.1,100.0,438.4,2831.0,1401.3,846.3,31.36,Low,7
AGRI-12632,2024,11,Nagapattinam,Coastal Alluvium & Saline,Cotton,Winter Irrigated (Aug-Feb),47.27,23.7,77.4,257.2,137.3,8588.4,4656.1,3026.7,270.35,High,3
AGRI-12633,2024,8,Nagapattinam,Coastal Alluvium & Saline,Paddy (Rice),Navarai (Dec-Mar),94.2,29.1,53.6,107.5,3918.2,25729.3,12130.7,8459.2,299.72,High,3
AGRI-12634,2022,6,Pudukkottai,Red Laterite & Gravelly,Maize,Rabi (Oct-Jan),41.64,25.5,52.9,49.2,739.2,10899.7,5518.2,3118.3,84.48,Low,6
AGRI-12635,2021,11,Perambalur,Black Cotton Soil,Sugarcane,Mid (Feb-Mar),17.0,32.0,76.2,172.9,5852.0,8194.9,2798.9,3455.8,119.81,High,6
AGRI-12636,2025,7,Pudukkottai,Red Laterite & Gravelly,Maize,Kharif (Jun-Sep),59.45,27.9,89.9,12.5,1096.4,14327.0,7506.7,4449.6,126.06,Normal,4
AGRI-12637,2021,3,Karur,Red Sandy & Black Clay,Groundnut,Thai Pattam (Dec-Jan),66.53,29.8,75.9,44.0,8400.7,3030.3,6122.2,5143.7,102.47,Low,2
AGRI-12638,2026,5,Thanjavur,Cauvery Delta Alluvium,Pulses (Blackgram/Greengram),Rainfed (Oct-Nov),30.5,20.4,70.6,19.2,588.7,721.1,1559.7,780.6,42.32,Normal,5
AGRI-12639,2022,2,Nagapattinam,Coastal Alluvium & Saline,Pulses (Blackgram/Greengram),Rice Fallow (Jan-Feb),69.34,27.6,75.7,95.5,1448.4,2012.3,4016.6,1601.6,156.8,Normal,3
AGRI-12640,2021,4,Karur,Red Sandy & Black Clay,Paddy (Rice),Navarai (Dec-Mar),61.69,31.8,57.2,0.0,2441.5,13348.9,7104.2,4946.7,173.84,Low,2
AGRI-12641,2026,12,Tiruchirappalli,Alluvial Clay & Red Loam,Maize,Rabi (Oct-Jan),22.07,33.0,56.7,120.8,397.0,6407.8,3336.1,1552.1,43.9,High,4
AGRI-12642,2022,4,Perambalur,Black Cotton Soil,Sugarcane,Early (Dec-Jan),30.52,33.6,73.6,38.3,11172.2,14004.4,4681.2,6389.3,117.68,Low,7
AGRI-12643,2023,8,Karur,Red Sandy & Black Clay,Cotton,Winter Irrigated (Aug-Feb),36.21,26.9,85.5,78.3,113.2,6238.9,3153.1,2504.7,243.24,Normal,6
AGRI-12644,2024,7,Perambalur,Black Cotton Soil,Cotton,Summer Irrigated (Feb-Jul),56.48,33.5,70.9,57.1,171.2,9572.1,5307.4,3406.3,216.48,Low,7
AGRI-12645,2021,2,Perambalur,Black Cotton Soil,Cotton,Summer Irrigated (Feb-Jul),37.1,31.2,55.8,43.1,115.6,5898.7,3298.2,2439.4,146.99,Low,2
AGRI-12646,2024,1,Tiruchirappalli,Alluvial Clay & Red Loam,Cotton,Summer Irrigated (Feb-Jul),66.57,31.0,79.6,57.3,198.4,11049.6,5753.0,4073.2,255.2,Low,2
AGRI-12647,2025,3,Tiruvarur,Deltaic Alluvium,Paddy (Rice),Navarai (Dec-Mar),19.2,25.6,82.6,68.1,756.8,4371.8,2087.1,1743.1,61.99,Normal,5
AGRI-12648,2023,9,Nagapattinam,Coastal Alluvium & Saline,Cotton,Winter Irrigated (Aug-Feb),45.42,31.0,53.8,254.1,138.1,8184.5,4639.7,3072.8,179.23,High,7
AGRI-12649,2022,6,Pudukkottai,Red Laterite & Gravelly,Sugarcane,Late (Apr-May),48.77,34.2,76.3,52.4,17542.5,21836.5,7203.9,10354.8,228.6,Low,7
AGRI-12650,2025,12,Pudukkottai,Red Laterite & Gravelly,Sugarcane,Early (Dec-Jan),46.3,33.2,91.6,153.5,16356.3,24067.6,7828.6,9318.1,298.42,High,2
AGRI-12651,2025,7,Thanjavur,Cauvery Delta Alluvium,Paddy (Rice),Samba/Thaladi (Aug-Jan),24.59,27.5,72.8,16.3,1000.5,5113.9,2746.7,2205.1,81.32,High,2
AGRI-12652,2025,8,Tiruchirappalli,Alluvial Clay & Red Loam,Pulses (Blackgram/Greengram),Rainfed (Oct-Nov),36.45,28.2,78.2,18.1,717.7,859.6,1861.9,860.6,48.74,Normal,4
AGRI-12653,2024,6,Tiruvarur,Deltaic Alluvium,Groundnut,Thai Pattam (Dec-Jan),27.61,23.8,68.6,49.7,3429.1,1177.7,2607.3,1942.6,42.74,Normal,3
AGRI-12654,2021,8,Pudukkottai,Red Laterite & Gravelly,Maize,Rabi (Oct-Jan),79.13,27.8,87.9,45.2,1464.8,20819.9,9949.3,5942.4,180.49,Normal,6
AGRI-12655,2023,10,Perambalur,Black Cotton Soil,Groundnut,Adipattam (Jul-Aug),79.25,29.3,69.4,125.8,10062.2,3894.9,7904.2,6002.3,140.7,High,4
AGRI-12656,2026,5,Perambalur,Black Cotton Soil,Groundnut,Thai Pattam (Dec-Jan),57.82,28.6,72.0,19.0,6951.0,2486.0,5060.9,4519.2,102.69,Low,2
AGRI-12657,2025,2,Karur,Red Sandy & Black Clay,Cotton,Summer Irrigated (Feb-Jul),33.43,32.1,61.0,19.8,99.4,5483.7,2985.6,2065.8,125.17,Low,6
AGRI-12658,2021,4,Karur,Red Sandy & Black Clay,Groundnut,Thai Pattam (Dec-Jan),70.25,30.3,54.7,34.3,8953.4,3345.4,6436.8,4942.1,113.54,Low,5
AGRI-12659,2022,4,Pudukkottai,Red Laterite & Gravelly,Pulses (Blackgram/Greengram),Rice Fallow (Jan-Feb),11.17,25.8,76.4,33.5,232.1,291.6,538.6,278.0,15.24,Normal,5
AGRI-12660,2025,11,Nagapattinam,Coastal Alluvium & Saline,Pulses (Blackgram/Greengram),Rainfed (Oct-Nov),6.29,28.1,78.4,192.3,130.2,193.6,350.1,145.9,12.25,High,4
AGRI-12661,2025,8,Nagapattinam,Coastal Alluvium & Saline,Cotton,Winter Irrigated (Aug-Feb),50.13,35.2,67.4,50.8,145.9,8372.4,4647.6,3473.0,200.78,Low,4
AGRI-12662,2026,3,Tiruchirappalli,Alluvial Clay & Red Loam,Paddy (Rice),Navarai (Dec-Mar),49.79,25.2,54.1,77.7,2081.6,10553.7,5546.4,3954.3,149.42,Normal,7
AGRI-12663,2022,1,Nagapattinam,Coastal Alluvium & Saline,Cotton,Winter Irrigated (Aug-Feb),80.17,32.7,57.2,91.6,241.7,14212.0,8647.5,5201.1,291.68,Normal,6
AGRI-12664,2026,6,Tiruvarur,Deltaic Alluvium,Paddy (Rice),Kuruvai (Jun-Sep),81.74,37.4,70.4,52.0,3223.5,17197.9,8624.9,7385.3,219.32,High,2
AGRI-12665,2025,3,Perambalur,Black Cotton Soil,Sugarcane,Early (Dec-Jan),89.91,34.7,69.2,61.9,31015.4,41491.5,13267.8,18747.6,376.6,Normal,6
AGRI-12666,2026,6,Thanjavur,Cauvery Delta Alluvium,Pulses (Blackgram/Greengram),Rice Fallow (Jan-Feb),6.55,18.9,91.1,86.0,126.1,178.9,379.0,171.3,13.47,Low,6
AGRI-12667,2026,12,Karur,Red Sandy & Black Clay,Cotton,Summer Irrigated (Feb-Jul),56.52,32.5,64.8,117.5,176.5,9757.6,5843.7,3813.5,209.15,High,3
AGRI-12668,2024,4,Thanjavur,Cauvery Delta Alluvium,Maize,Rabi (Oct-Jan),55.13,35.9,84.2,0.0,979.5,13448.6,7305.8,4029.2,113.41,Normal,2
AGRI-12669,2022,12,Pudukkottai,Red Laterite & Gravelly,Sugarcane,Mid (Feb-Mar),84.58,35.3,83.5,137.6,28464.6,44384.6,14195.2,15625.9,543.75,High,2
AGRI-12670,2022,2,Madurai,Clayey Red Loam,Groundnut,Adipattam (Jul-Aug),24.48,29.7,68.3,27.5,3107.0,1105.1,2199.6,1964.4,44.31,Low,5
AGRI-12671,2022,3,Thanjavur,Cauvery Delta Alluvium,Cotton,Summer Irrigated (Feb-Jul),26.31,27.0,82.0,91.8,81.8,4994.1,2661.8,1598.5,153.98,Normal,3
AGRI-12672,2021,8,Nagapattinam,Coastal Alluvium & Saline,Maize,Kharif (Jun-Sep),30.02,22.0,59.1,50.1,521.3,7463.3,3770.4,2272.6,70.39,Low,6
AGRI-12673,2022,6,Madurai,Clayey Red Loam,Maize,Kharif (Jun-Sep),17.24,30.1,76.9,23.9,313.2,4516.0,2169.3,1270.1,34.8,Low,2
AGRI-12674,2026,1,Karur,Red Sandy & Black Clay,Cotton,Winter Irrigated (Aug-Feb),54.0,28.1,79.6,47.8,168.8,9070.7,4909.4,3371.5,211.4,Low,5
AGRI-12675,2026,1,Nagapattinam,Coastal Alluvium & Saline,Cotton,Winter Irrigated (Aug-Feb),40.59,24.6,74.7,30.6,119.0,6316.3,3717.8,2709.2,165.99,Normal,5
AGRI-12676,2025,11,Tiruchirappalli,Alluvial Clay & Red Loam,Cotton,Winter Irrigated (Aug-Feb),89.77,27.8,82.6,146.5,263.2,15692.9,9428.7,5371.6,552.7,High,7
AGRI-12677,2023,8,Madurai,Clayey Red Loam,Sugarcane,Mid (Feb-Mar),49.0,39.7,88.8,23.1,17869.7,21058.9,7346.9,10208.4,230.6,Low,5
AGRI-12678,2023,2,Thanjavur,Cauvery Delta Alluvium,Paddy (Rice),Kuruvai (Jun-Sep),55.12,28.1,57.5,23.2,2151.6,11345.4,5992.8,4720.0,176.97,High,4
AGRI-12679,2021,2,Tiruvarur,Deltaic Alluvium,Groundnut,Chithirai Pattam (Apr-May),88.89,29.8,74.2,29.1,11521.3,3753.9,7685.4,6668.3,137.75,Normal,4
AGRI-12680,2024,7,Tiruchirappalli,Alluvial Clay & Red Loam,Sugarcane,Mid (Feb-Mar),7.97,33.1,54.1,34.7,2686.4,3451.4,1238.6,1645.9,33.08,Normal,4
AGRI-12681,2025,5,Madurai,Clayey Red Loam,Pulses (Blackgram/Greengram),Rice Fallow (Jan-Feb),81.83,27.2,83.4,65.2,1689.3,2014.9,3917.4,2001.3,113.66,Normal,3
AGRI-12682,2025,3,Tiruvarur,Deltaic Alluvium,Groundnut,Chithirai Pattam (Apr-May),20.26,33.2,54.8,11.5,2644.1,949.6,1769.7,1569.9,31.65,Normal,3
AGRI-12683,2021,6,Tiruvarur,Deltaic Alluvium,Sugarcane,Mid (Feb-Mar),5.93,37.2,73.4,62.3,2151.0,2802.5,875.0,1236.4,26.58,Normal,4
AGRI-12684,2024,10,Perambalur,Black Cotton Soil,Sugarcane,Early (Dec-Jan),11.03,24.3,90.0,126.5,3784.4,6163.8,1983.6,2323.8,69.6,High,3
AGRI-12685,2024,7,Madurai,Clayey Red Loam,Sugarcane,Mid (Feb-Mar),44.3,27.5,57.0,76.1,14987.9,19449.0,6605.3,8167.0,202.78,Normal,4
AGRI-12686,2026,1,Tiruvarur,Deltaic Alluvium,Cotton,Winter Irrigated (Aug-Feb),35.8,32.3,91.5,43.0,108.3,5649.6,3134.8,2169.8,148.61,Normal,7
AGRI-12687,2023,9,Tiruchirappalli,Alluvial Clay & Red Loam,Pulses (Blackgram/Greengram),Rice Fallow (Jan-Feb),60.07,31.2,54.6,118.7,1244.8,1666.9,3586.7,1517.4,72.05,High,2
AGRI-12688,2023,3,Thanjavur,Cauvery Delta Alluvium,Pulses (Blackgram/Greengram),Rainfed (Oct-Nov),26.09,29.8,76.9,69.6,534.0,647.3,1310.8,652.0,33.68,Low,4
AGRI-12689,2024,5,Pudukkottai,Red Laterite & Gravelly,Cotton,Winter Irrigated (Aug-Feb),32.16,31.5,82.2,36.0,99.2,5158.3,2788.2,2153.2,135.66,Low,7
AGRI-12690,2022,7,Tiruchirappalli,Alluvial Clay & Red Loam,Pulses (Blackgram/Greengram),Rainfed (Oct-Nov),51.54,30.7,71.6,47.7,1051.9,1261.7,2656.1,1357.4,65.69,Normal,7
AGRI-12691,2022,1,Madurai,Clayey Red Loam,Sugarcane,Mid (Feb-Mar),72.74,27.0,72.8,34.7,25986.5,34982.4,11015.0,14198.4,285.54,Normal,6
AGRI-12692,2024,2,Tiruvarur,Deltaic Alluvium,Cotton,Summer Irrigated (Feb-Jul),62.23,32.2,56.5,48.5,194.3,9290.1,5325.4,3810.5,255.95,Low,4
AGRI-12693,2021,9,Perambalur,Black Cotton Soil,Sugarcane,Mid (Feb-Mar),80.87,31.1,58.6,126.4,27798.2,39399.7,14206.8,14928.9,331.14,High,5
AGRI-12694,2024,3,Karur,Red Sandy & Black Clay,Paddy (Rice),Navarai (Dec-Mar),68.18,33.8,53.0,0.0,2698.6,16093.7,7415.5,6010.3,192.46,Low,7
AGRI-12695,2021,8,Karur,Red Sandy & Black Clay,Paddy (Rice),Kuruvai (Jun-Sep),9.68,22.8,51.2,28.8,386.1,2127.1,1017.6,814.4,30.98,High,3
AGRI-12696,2021,7,Madurai,Clayey Red Loam,Sugarcane,Late (Apr-May),76.68,35.2,75.6,41.3,25878.8,32313.8,12042.0,15575.1,358.69,Normal,5
AGRI-12697,2025,12,Karur,Red Sandy & Black Clay,Paddy (Rice),Kuruvai (Jun-Sep),45.23,24.7,65.6,153.8,1798.9,12129.6,5746.9,3754.9,121.2,High,4
AGRI-12698,2021,8,Nagapattinam,Coastal Alluvium & Saline,Maize,Kharif (Jun-Sep),8.27,24.6,80.4,43.5,154.0,2193.8,1122.8,574.5,16.19,Normal,7
AGRI-12699,2021,12,Thanjavur,Cauvery Delta Alluvium,Paddy (Rice),Navarai (Dec-Mar),37.54,25.5,74.7,138.0,1504.1,9710.4,4939.2,3339.2,101.49,High,2
AGRI-12700,2021,2,Karur,Red Sandy & Black Clay,Groundnut,Adipattam (Jul-Aug),75.71,27.0,56.3,15.7,9409.8,3563.5,7094.7,6005.1,142.36,Low,6
AGRI-12701,2024,3,Perambalur,Black Cotton Soil,Paddy (Rice),Samba/Thaladi (Aug-Jan),12.54,32.6,86.4,21.1,520.1,2891.2,1392.5,1031.2,33.87,High,3
AGRI-12702,2026,2,Karur,Red Sandy & Black Clay,Pulses (Blackgram/Greengram),Rice Fallow (Jan-Feb),80.62,32.7,88.5,51.9,1624.1,1974.6,4017.5,1958.6,111.44,Normal,4
AGRI-12703,2023,11,Tiruvarur,Deltaic Alluvium,Cotton,Winter Irrigated (Aug-Feb),73.48,29.4,65.7,176.5,224.1,13156.9,7561.6,5069.7,305.13,High,3
AGRI-12704,2021,7,Tiruvarur,Deltaic Alluvium,Paddy (Rice),Kuruvai (Jun-Sep),10.83,19.1,55.5,6.3,432.1,2367.8,1218.9,959.7,30.98,High,6
AGRI-12705,2026,8,Tiruvarur,Deltaic Alluvium,Sugarcane,Late (Apr-May),53.8,32.0,52.6,63.7,19259.6,25836.3,8003.4,11298.5,243.9,Normal,5
AGRI-12706,2022,12,Perambalur,Black Cotton Soil,Paddy (Rice),Navarai (Dec-Mar),58.8,26.9,85.5,202.9,2392.9,14408.6,7598.0,4690.4,275.41,High,6
AGRI-12707,2026,9,Pudukkottai,Red Laterite & Gravelly,Cotton,Summer Irrigated (Feb-Jul),81.01,28.3,89.8,91.2,247.2,14111.2,8130.9,4976.5,497.27,Normal,6
AGRI-12708,2022,3,Tiruvarur,Deltaic Alluvium,Groundnut,Adipattam (Jul-Aug),89.2,37.6,82.2,52.8,11462.8,4054.7,7859.0,6656.2,146.66,Normal,6
AGRI-12709,2023,11,Perambalur,Black Cotton Soil,Pulses (Blackgram/Greengram),Rainfed (Oct-Nov),27.95,33.7,59.8,142.8,581.5,815.2,1584.5,738.8,36.42,High,6
AGRI-12710,2022,5,Tiruvarur,Deltaic Alluvium,Sugarcane,Early (Dec-Jan),75.53,30.7,64.7,38.9,27723.6,35556.4,11356.5,16080.2,342.94,Normal,4
AGRI-12711,2026,1,Pudukkottai,Red Laterite & Gravelly,Cotton,Winter Irrigated (Aug-Feb),92.52,29.7,83.3,12.5,277.9,15922.7,7993.1,5813.0,325.44,Normal,2
AGRI-12712,2022,4,Thanjavur,Cauvery Delta Alluvium,Pulses (Blackgram/Greengram),Rainfed (Oct-Nov),8.89,25.9,73.1,10.5,184.7,237.3,437.3,223.7,10.36,Low,3
AGRI-12713,2021,6,Madurai,Clayey Red Loam,Pulses (Blackgram/Greengram),Rainfed (Oct-Nov),84.55,32.9,83.0,36.2,1766.2,2142.3,4055.2,1954.3,110.74,Normal,4
AGRI-12714,2022,8,Nagapattinam,Coastal Alluvium & Saline,Paddy (Rice),Kuruvai (Jun-Sep),47.65,26.8,62.1,63.1,1862.1,9762.6,5311.2,3831.4,154.51,High,3
AGRI-12715,2026,4,Perambalur,Black Cotton Soil,Maize,Rabi (Oct-Jan),66.79,23.5,53.3,14.5,1247.1,16788.3,8989.4,5255.6,158.73,Normal,4
AGRI-12716,2026,5,Karur,Red Sandy & Black Clay,Sugarcane,Mid (Feb-Mar),14.9,23.9,78.2,80.4,5423.5,7496.3,2492.8,3069.6,108.97,Low,7
AGRI-12717,2023,12,Thanjavur,Cauvery Delta Alluvium,Maize,Rabi (Oct-Jan),69.49,31.2,85.0,163.7,1254.2,19317.5,10690.5,5023.7,256.33,High,3
AGRI-12718,2023,6,Madurai,Clayey Red Loam,Sugarcane,Late (Apr-May),78.06,31.4,89.6,44.3,28189.4,34458.9,11933.7,14424.8,346.11,Normal,4
AGRI-12719,2021,5,Thanjavur,Cauvery Delta Alluvium,Paddy (Rice),Kuruvai (Jun-Sep),61.35,28.8,82.0,73.1,2426.9,13118.6,6551.9,5375.6,302.27,High,7
AGRI-12720,2024,3,Pudukkottai,Red Laterite & Gravelly,Maize,Rabi (Oct-Jan),92.82,26.5,83.0,23.9,1640.2,24815.9,12470.9,6438.5,206.66,Low,3
AGRI-12721,2022,10,Pudukkottai,Red Laterite & Gravelly,Pulses (Blackgram/Greengram),Rainfed (Oct-Nov),33.46,35.1,65.5,165.5,692.0,991.1,1869.7,791.6,41.76,High,4
AGRI-12722,2024,1,Pudukkottai,Red Laterite & Gravelly,Groundnut,Thai Pattam (Dec-Jan),13.88,24.9,55.1,26.8,1752.6,619.4,1298.1,1087.7,24.52,Normal,2
AGRI-12723,2025,5,Thanjavur,Cauvery Delta Alluvium,Cotton,Summer Irrigated (Feb-Jul),31.31,32.8,70.0,45.0,92.9,5173.0,2848.5,1978.7,126.13,Low,6
AGRI-12724,2023,9,Thanjavur,Cauvery Delta Alluvium,Paddy (Rice),Samba/Thaladi (Aug-Jan),85.44,30.0,68.2,190.7,3468.8,22651.9,10483.0,7529.7,276.61,High,5
AGRI-12725,2026,10,Thanjavur,Cauvery Delta Alluvium,Sugarcane,Early (Dec-Jan),59.52,36.5,72.4,190.5,20548.5,31725.5,10238.6,11541.8,245.17,High,5
AGRI-12726,2026,10,Madurai,Clayey Red Loam,Sugarcane,Early (Dec-Jan),43.16,27.5,75.9,98.8,15039.8,21876.2,7714.0,8318.6,289.14,Normal,6
AGRI-12727,2021,6,Nagapattinam,Coastal Alluvium & Saline,Paddy (Rice),Kuruvai (Jun-Sep),37.79,29.8,63.1,34.0,1565.8,7855.8,3966.2,3300.4,117.42,High,2
AGRI-12728,2022,4,Nagapattinam,Coastal Alluvium & Saline,Maize,Kharif (Jun-Sep),65.84,30.2,86.4,22.3,1183.3,16182.1,8211.1,5057.9,127.82,Low,5
AGRI-12729,2024,2,Nagapattinam,Coastal Alluvium & Saline,Groundnut,Thai Pattam (Dec-Jan),62.44,27.2,63.5,95.7,8065.2,3375.0,6764.3,4826.8,106.48,Normal,4
AGRI-12730,2021,9,Karur,Red Sandy & Black Clay,Maize,Rabi (Oct-Jan),21.92,26.3,57.4,78.6,412.6,5295.5,2830.7,1522.3,46.6,Normal,4
AGRI-12731,2024,1,Perambalur,Black Cotton Soil,Maize,Kharif (Jun-Sep),19.78,30.7,69.2,79.6,343.2,4885.6,2607.6,1444.3,42.6,Low,4
AGRI-12732,2021,7,Tiruvarur,Deltaic Alluvium,Maize,Kharif (Jun-Sep),49.94,26.2,85.6,37.2,942.1,12540.8,6729.6,3810.2,101.57,Low,3
AGRI-12733,2023,4,Karur,Red Sandy & Black Clay,Paddy (Rice),Navarai (Dec-Mar),55.11,28.3,58.8,48.1,2126.2,11285.2,5799.8,4773.4,153.16,Normal,6
AGRI-12734,2025,9,Thanjavur,Cauvery Delta Alluvium,Maize,Kharif (Jun-Sep),13.76,21.7,76.5,129.7,255.8,4010.8,2130.4,1097.1,47.25,High,6
AGRI-12735,2023,1,Tiruvarur,Deltaic Alluvium,Paddy (Rice),Samba/Thaladi (Aug-Jan),11.5,28.2,81.0,50.2,445.8,2365.0,1267.5,1003.8,35.94,High,4
AGRI-12736,2022,5,Tiruvarur,Deltaic Alluvium,Sugarcane,Mid (Feb-Mar),57.73,32.1,71.4,50.2,20840.5,24473.4,9047.6,10970.3,231.95,Normal,6
AGRI-12737,2021,4,Karur,Red Sandy & Black Clay,Groundnut,Chithirai Pattam (Apr-May),32.67,35.2,70.5,51.0,4147.1,1577.3,2917.7,2390.2,51.12,Normal,6
AGRI-12738,2026,6,Pudukkottai,Red Laterite & Gravelly,Maize,Rabi (Oct-Jan),12.7,25.1,57.1,15.1,230.5,3045.3,1596.9,889.6,28.67,Normal,3
AGRI-12739,2021,4,Thanjavur,Cauvery Delta Alluvium,Sugarcane,Mid (Feb-Mar),21.16,30.0,63.1,72.8,7750.4,9485.3,3156.8,4303.3,86.79,Normal,7
AGRI-12740,2025,3,Karur,Red Sandy & Black Clay,Pulses (Blackgram/Greengram),Rainfed (Oct-Nov),13.13,27.8,73.4,0.0,273.2,349.9,657.2,348.2,18.6,Normal,4
AGRI-12741,2021,6,Pudukkottai,Red Laterite & Gravelly,Paddy (Rice),Kuruvai (Jun-Sep),8.63,24.6,65.7,46.8,341.4,1884.8,955.2,722.1,27.32,High,6
AGRI-12742,2024,8,Madurai,Clayey Red Loam,Cotton,Summer Irrigated (Feb-Jul),9.73,28.6,81.3,54.6,29.9,1658.4,888.0,606.9,40.3,Normal,2
AGRI-12743,2025,12,Pudukkottai,Red Laterite & Gravelly,Maize,Kharif (Jun-Sep),69.56,26.2,67.7,99.1,1206.8,19861.5,10398.0,4838.2,140.72,Normal,6
AGRI-12744,2026,8,Nagapattinam,Coastal Alluvium & Saline,Maize,Rabi (Oct-Jan),44.51,25.7,86.2,41.3,834.2,11599.3,5937.9,3331.5,105.65,Normal,2
AGRI-12745,2021,10,Nagapattinam,Coastal Alluvium & Saline,Pulses (Blackgram/Greengram),Rainfed (Oct-Nov),70.56,24.0,57.7,257.1,1466.9,1946.9,4150.5,1658.7,99.96,High,2
AGRI-12746,2021,7,Nagapattinam,Coastal Alluvium & Saline,Paddy (Rice),Navarai (Dec-Mar),39.26,25.7,65.1,96.5,1545.3,9995.5,4970.5,3428.6,121.63,Low,5
AGRI-12747,2025,12,Karur,Red Sandy & Black Clay,Cotton,Summer Irrigated (Feb-Jul),83.84,29.5,53.6,97.0,251.8,16572.6,8974.7,5354.3,334.29,Normal,6
AGRI-12748,2022,4,Perambalur,Black Cotton Soil,Groundnut,Thai Pattam (Dec-Jan),61.57,29.7,50.9,79.2,7529.9,2631.9,5537.5,4606.3,103.36,Normal,6
AGRI-12749,2021,4,Karur,Red Sandy & Black Clay,Sugarcane,Early (Dec-Jan),19.82,28.4,52.5,23.4,6718.1,8659.3,2874.4,4083.5,94.3,Normal,4
AGRI-12750,2022,10,Nagapattinam,Coastal Alluvium & Saline,Sugarcane,Mid (Feb-Mar),28.61,30.7,60.4,234.3,10508.6,14968.4,5076.6,6072.7,127.62,High,3
AGRI-12751,2023,4,Madurai,Clayey Red Loam,Paddy (Rice),Samba/Thaladi (Aug-Jan),50.74,27.2,52.9,61.3,2023.5,11012.2,5365.7,4379.8,164.33,High,4
AGRI-12752,2024,2,Karur,Red Sandy & Black Clay,Pulses (Blackgram/Greengram),Rainfed (Oct-Nov),94.35,30.4,62.8,71.1,1958.9,2446.0,4652.7,2516.7,110.02,Normal,2
AGRI-12753,2023,1,Pudukkottai,Red Laterite & Gravelly,Groundnut,Chithirai Pattam (Apr-May),92.44,21.6,51.3,35.5,12012.6,4366.7,8505.0,6604.8,148.51,Normal,7
AGRI-12754,2026,8,Karur,Red Sandy & Black Clay,Paddy (Rice),Samba/Thaladi (Aug-Jan),13.96,28.7,86.6,3.0,574.2,3217.2,1530.8,1243.6,43.4,High,7
AGRI-12755,2026,10,Karur,Red Sandy & Black Clay,Pulses (Blackgram/Greengram),Rice Fallow (Jan-Feb),18.93,28.3,79.8,138.7,382.8,525.4,1058.5,454.8,35.01,High,7
AGRI-12756,2021,10,Karur,Red Sandy & Black Clay,Groundnut,Adipattam (Jul-Aug),85.78,26.2,66.5,118.1,10760.9,4787.0,8715.2,6584.8,160.17,High,5
AGRI-12757,2024,9,Perambalur,Black Cotton Soil,Sugarcane,Early (Dec-Jan),36.91,34.8,78.4,112.2,13526.5,20211.5,6466.1,7461.4,228.96,High,5
AGRI-12758,2024,11,Madurai,Clayey Red Loam,Paddy (Rice),Navarai (Dec-Mar),3.55,21.7,74.3,150.1,139.9,880.7,446.5,322.4,10.18,High,3
AGRI-12759,2022,10,Tiruchirappalli,Alluvial Clay & Red Loam,Pulses (Blackgram/Greengram),Rice Fallow (Jan-Feb),52.92,28.0,67.6,165.5,1101.6,1492.7,3062.4,1363.6,62.03,High,6
AGRI-12760,2026,5,Perambalur,Black Cotton Soil,Groundnut,Thai Pattam (Dec-Jan),58.1,29.2,75.3,27.0,7108.9,2659.5,5054.8,4370.3,109.13,Normal,6
AGRI-12761,2024,6,Tiruchirappalli,Alluvial Clay & Red Loam,Pulses (Blackgram/Greengram),Rice Fallow (Jan-Feb),36.92,28.9,62.1,38.3,734.6,903.3,1754.5,869.0,50.1,Normal,5
AGRI-12762,2021,4,Nagapattinam,Coastal Alluvium & Saline,Paddy (Rice),Navarai (Dec-Mar),14.43,27.0,55.8,62.2,566.5,3332.3,1624.0,1129.0,41.29,Normal,4
AGRI-12763,2023,10,Madurai,Clayey Red Loam,Sugarcane,Early (Dec-Jan),16.44,36.7,56.1,167.3,5745.7,8169.2,2851.6,3422.2,77.74,High,2
AGRI-12764,2021,3,Madurai,Clayey Red Loam,Paddy (Rice),Kuruvai (Jun-Sep),26.09,29.0,72.2,57.2,1060.9,5902.2,2795.1,2240.8,76.5,High,5
AGRI-12765,2025,4,Nagapattinam,Coastal Alluvium & Saline,Pulses (Blackgram/Greengram),Rice Fallow (Jan-Feb),25.23,25.7,68.7,60.8,509.5,662.0,1264.3,655.1,30.01,Normal,6
AGRI-12766,2026,7,Madurai,Clayey Red Loam,Sugarcane,Late (Apr-May),91.93,28.5,60.5,76.8,32718.1,39934.8,13849.4,18267.8,414.62,Normal,4
AGRI-12767,2025,1,Thanjavur,Cauvery Delta Alluvium,Groundnut,Thai Pattam (Dec-Jan),37.36,30.3,75.1,29.4,4733.0,1774.8,3401.7,2725.3,64.72,Normal,5
AGRI-12768,2022,9,Tiruvarur,Deltaic Alluvium,Maize,Rabi (Oct-Jan),10.66,22.5,69.2,213.6,191.9,3177.5,1625.7,793.4,23.04,High,2
AGRI-12769,2023,7,Tiruchirappalli,Alluvial Clay & Red Loam,Cotton,Summer Irrigated (Feb-Jul),48.88,26.7,51.8,23.0,150.1,7556.8,4302.3,3188.1,187.69,Normal,3
AGRI-12770,2025,5,Pudukkottai,Red Laterite & Gravelly,Paddy (Rice),Navarai (Dec-Mar),74.64,23.0,67.2,35.2,3022.1,15324.1,7995.5,6183.6,222.93,Normal,4
AGRI-12771,2025,6,Perambalur,Black Cotton Soil,Sugarcane,Late (Apr-May),46.51,28.5,79.4,99.7,16371.8,24954.8,7906.6,9638.9,337.26,Low,2
AGRI-12772,2026,5,Perambalur,Black Cotton Soil,Maize,Kharif (Jun-Sep),62.15,30.3,50.7,0.0,1136.0,15173.4,8286.0,4811.1,128.88,Normal,6
AGRI-12773,2023,6,Pudukkottai,Red Laterite & Gravelly,Cotton,Winter Irrigated (Aug-Feb),24.22,29.0,73.7,40.7,73.7,3862.4,2101.9,1486.3,97.6,Normal,4
AGRI-12774,2022,1,Thanjavur,Cauvery Delta Alluvium,Cotton,Winter Irrigated (Aug-Feb),3.47,30.0,82.6,45.2,10.8,598.8,311.4,237.7,13.22,Normal,6
AGRI-12775,2023,6,Tiruchirappalli,Alluvial Clay & Red Loam,Cotton,Winter Irrigated (Aug-Feb),24.73,30.9,78.5,11.4,77.2,3721.6,2283.9,1692.4,95.5,Normal,2
AGRI-12776,2023,6,Tiruchirappalli,Alluvial Clay & Red Loam,Maize,Kharif (Jun-Sep),51.5,22.9,77.8,24.3,926.3,12326.7,6481.8,3609.1,116.38,Low,6
AGRI-12777,2022,10,Karur,Red Sandy & Black Clay,Cotton,Winter Irrigated (Aug-Feb),76.66,30.7,53.6,114.0,224.9,15102.2,7726.8,4643.4,291.9,High,4
AGRI-12778,2023,12,Tiruchirappalli,Alluvial Clay & Red Loam,Maize,Kharif (Jun-Sep),63.49,30.9,79.8,111.8,1181.2,18101.5,9123.4,4941.7,230.93,High,6
AGRI-12779,2026,9,Madurai,Clayey Red Loam,Cotton,Winter Irrigated (Aug-Feb),62.45,31.2,85.0,133.0,182.1,11446.2,6786.2,4050.8,391.73,High,6
AGRI-12780,2025,4,Perambalur,Black Cotton Soil,Sugarcane,Late (Apr-May),3.19,33.9,52.4,12.4,1076.6,1417.6,457.1,676.5,14.42,Normal,6
AGRI-12781,2021,5,Tiruvarur,Deltaic Alluvium,Pulses (Blackgram/Greengram),Rainfed (Oct-Nov),67.41,29.1,72.2,52.9,1407.8,1584.5,3530.0,1619.3,77.65,Low,3
AGRI-12782,2024,2,Perambalur,Black Cotton Soil,Cotton,Summer Irrigated (Feb-Jul),60.05,26.2,85.5,23.5,181.5,8988.7,5350.0,3680.7,208.11,Normal,7
AGRI-12783,2025,11,Pudukkottai,Red Laterite & Gravelly,Maize,Kharif (Jun-Sep),94.93,24.8,54.5,177.4,1781.4,25597.4,14042.6,6950.6,198.25,High,2
AGRI-12784,2025,1,Pudukkottai,Red Laterite & Gravelly,Paddy (Rice),Samba/Thaladi (Aug-Jan),79.68,33.9,79.2,35.0,3315.4,16862.0,9031.6,6813.0,263.79,High,6
AGRI-12785,2024,5,Thanjavur,Cauvery Delta Alluvium,Groundnut,Adipattam (Jul-Aug),23.38,24.2,74.9,60.0,2845.7,1088.0,2160.4,1762.2,43.89,Normal,5
AGRI-12786,2024,7,Thanjavur,Cauvery Delta Alluvium,Paddy (Rice),Kuruvai (Jun-Sep),86.35,26.5,82.1,66.5,3525.8,18316.6,9100.2,6834.3,266.94,High,2
AGRI-12787,2026,3,Tiruvarur,Deltaic Alluvium,Maize,Rabi (Oct-Jan),24.2,23.1,91.3,50.8,437.4,6462.6,3238.9,1726.2,50.65,Low,3
AGRI-12788,2023,11,Tiruvarur,Deltaic Alluvium,Groundnut,Adipattam (Jul-Aug),16.69,27.8,90.5,239.6,2145.6,807.7,1754.8,1214.3,46.05,High,2
AGRI-12789,2025,10,Tiruchirappalli,Alluvial Clay & Red Loam,Pulses (Blackgram/Greengram),Rainfed (Oct-Nov),63.33,26.1,69.7,97.6,1320.0,1926.3,3557.6,1619.2,90.21,Normal,7
AGRI-12790,2025,11,Madurai,Clayey Red Loam,Groundnut,Chithirai Pattam (Apr-May),7.06,28.7,88.3,187.8,904.7,345.6,714.8,529.3,19.33,High,2
AGRI-12791,2023,5,Pudukkottai,Red Laterite & Gravelly,Pulses (Blackgram/Greengram),Rice Fallow (Jan-Feb),42.06,21.9,74.9,21.6,810.2,1114.7,2083.4,1024.7,58.21,Normal,5
AGRI-12792,2023,5,Perambalur,Black Cotton Soil,Groundnut,Thai Pattam (Dec-Jan),81.74,27.3,82.6,52.5,10266.4,3863.7,7301.8,5971.6,144.04,Low,4
AGRI-12793,2022,5,Tiruchirappalli,Alluvial Clay & Red Loam,Sugarcane,Late (Apr-May),28.55,33.9,87.6,56.3,9755.6,12682.8,4484.8,5690.3,117.47,Normal,7
AGRI-12794,2024,3,Perambalur,Black Cotton Soil,Paddy (Rice),Samba/Thaladi (Aug-Jan),53.25,26.0,64.1,56.5,2171.0,11039.2,5681.6,4624.2,149.44,High,5
AGRI-12795,2021,3,Thanjavur,Cauvery Delta Alluvium,Paddy (Rice),Samba/Thaladi (Aug-Jan),47.38,26.4,62.9,31.0,1849.4,10897.6,5414.5,4156.5,141.83,High,5
AGRI-12796,2024,9,Thanjavur,Cauvery Delta Alluvium,Groundnut,Thai Pattam (Dec-Jan),17.34,24.9,64.3,197.9,2119.2,863.5,1831.5,1257.7,30.95,High,5
AGRI-12797,2024,5,Karur,Red Sandy & Black Clay,Paddy (Rice),Navarai (Dec-Mar),43.85,22.8,75.6,0.0,1700.3,9676.6,4778.8,3674.7,134.33,Normal,2
AGRI-12798,2026,5,Thanjavur,Cauvery Delta Alluvium,Groundnut,Chithirai Pattam (Apr-May),26.79,27.9,51.6,35.2,3238.3,1283.5,2450.3,1935.7,44.69,Low,3
AGRI-12799,2025,5,Perambalur,Black Cotton Soil,Sugarcane,Mid (Feb-Mar),3.06,27.5,87.4,53.4,1086.7,1304.8,450.1,582.5,12.41,Normal,7
AGRI-12800,2023,7,Tiruvarur,Deltaic Alluvium,Paddy (Rice),Kuruvai (Jun-Sep),59.2,20.6,62.5,35.3,2464.1,13123.7,6191.1,5096.7,166.32,High,2
AGRI-12801,2021,10,Madurai,Clayey Red Loam,Groundnut,Chithirai Pattam (Apr-May),3.03,25.3,77.0,163.6,375.4,153.2,309.2,218.6,8.91,High,7
AGRI-12802,2025,8,Pudukkottai,Red Laterite & Gravelly,Cotton,Winter Irrigated (Aug-Feb),81.82,29.3,86.6,18.0,251.7,13833.9,7376.7,5319.7,298.28,Low,6
AGRI-12803,2025,3,Thanjavur,Cauvery Delta Alluvium,Maize,Rabi (Oct-Jan),81.83,27.9,75.0,91.6,1465.1,22764.1,11625.8,5666.4,156.76,Normal,7
AGRI-12804,2026,10,Karur,Red Sandy & Black Clay,Cotton,Winter Irrigated (Aug-Feb),59.36,30.4,70.1,117.5,174.8,11787.3,6332.8,3814.2,212.66,High,5
AGRI-12805,2021,5,Nagapattinam,Coastal Alluvium & Saline,Maize,Rabi (Oct-Jan),79.38,20.9,87.4,59.4,1431.4,19517.5,10141.3,5603.0,167.34,Normal,7
AGRI-12806,2021,6,Karur,Red Sandy & Black Clay,Groundnut,Chithirai Pattam (Apr-May),82.16,35.3,87.3,15.4,10260.7,3518.8,7068.5,6020.1,127.61,Low,2
AGRI-12807,2023,1,Madurai,Clayey Red Loam,Sugarcane,Mid (Feb-Mar),67.31,24.9,60.2,71.2,22809.4,28482.1,10212.5,12564.8,270.05,Normal,4
AGRI-12808,2026,3,Karur,Red Sandy & Black Clay,Pulses (Blackgram/Greengram),Rice Fallow (Jan-Feb),67.08,26.9,77.1,40.7,1350.8,1610.8,3471.7,1696.1,88.57,Low,6
AGRI-12809,2023,9,Pudukkottai,Red Laterite & Gravelly,Groundnut,Adipattam (Jul-Aug),54.78,28.2,63.5,161.3,6856.1,2805.7,5564.7,3879.9,101.15,High,6
AGRI-12810,2025,4,Pudukkottai,Red Laterite & Gravelly,Maize,Kharif (Jun-Sep),42.1,26.2,69.1,0.0,732.8,9989.7,5238.4,3011.2,95.48,Low,7
AGRI-12811,2026,11,Madurai,Clayey Red Loam,Cotton,Winter Irrigated (Aug-Feb),75.13,27.2,81.0,94.9,222.2,14464.3,7645.0,5067.2,439.75,Low,6
AGRI-12812,2025,4,Nagapattinam,Coastal Alluvium & Saline,Groundnut,Adipattam (Jul-Aug),54.48,26.4,86.4,34.6,6655.5,2405.6,4780.1,4222.2,86.88,Normal,2
AGRI-12813,2026,5,Thanjavur,Cauvery Delta Alluvium,Maize,Kharif (Jun-Sep),75.55,23.8,89.5,40.8,1375.8,19166.3,10030.6,6048.0,178.82,Normal,4
AGRI-12814,2023,7,Thanjavur,Cauvery Delta Alluvium,Cotton,Summer Irrigated (Feb-Jul),84.96,27.9,55.9,80.3,249.8,14986.3,8842.2,5835.4,299.53,Normal,3
AGRI-12815,2022,7,Perambalur,Black Cotton Soil,Sugarcane,Late (Apr-May),71.3,33.7,61.1,18.7,24711.6,30014.0,10504.5,14904.7,298.91,Normal,6
AGRI-12816,2021,2,Madurai,Clayey Red Loam,Groundnut,Thai Pattam (Dec-Jan),65.31,32.5,54.2,12.2,7974.0,3132.8,5999.1,4795.3,108.17,Normal,4
AGRI-12817,2026,7,Tiruchirappalli,Alluvial Clay & Red Loam,Sugarcane,Early (Dec-Jan),78.58,32.5,51.5,65.2,26608.0,35299.1,11405.1,16116.5,307.93,Normal,4
AGRI-12818,2025,12,Pudukkottai,Red Laterite & Gravelly,Sugarcane,Mid (Feb-Mar),45.91,33.0,66.0,140.1,16853.8,24174.0,7535.0,9290.3,202.05,High,5
AGRI-12819,2023,1,Thanjavur,Cauvery Delta Alluvium,Groundnut,Thai Pattam (Dec-Jan),47.06,29.7,73.9,36.2,5947.0,2181.6,4426.3,3775.8,89.57,Low,2
AGRI-12820,2024,5,Karur,Red Sandy & Black Clay,Groundnut,Thai Pattam (Dec-Jan),38.46,25.3,70.8,69.4,4786.7,1666.1,3607.5,2849.8,63.64,Normal,3
AGRI-12821,2025,10,Madurai,Clayey Red Loam,Paddy (Rice),Kuruvai (Jun-Sep),58.42,27.0,68.2,189.6,2414.4,15593.2,7219.1,4620.3,171.15,High,2
AGRI-12822,2023,2,Tiruchirappalli,Alluvial Clay & Red Loam,Pulses (Blackgram/Greengram),Rainfed (Oct-Nov),30.68,32.4,58.7,48.7,609.1,804.3,1572.2,714.6,38.13,Normal,5
AGRI-12823,2022,11,Thanjavur,Cauvery Delta Alluvium,Pulses (Blackgram/Greengram),Rice Fallow (Jan-Feb),7.59,29.1,63.9,164.0,154.3,235.3,447.9,190.2,10.01,High,6
AGRI-12824,2022,5,Nagapattinam,Coastal Alluvium & Saline,Cotton,Summer Irrigated (Feb-Jul),85.9,27.5,61.6,39.3,251.3,14239.9,8090.7,5596.0,298.99,Low,3
AGRI-12825,2021,9,Tiruchirappalli,Alluvial Clay & Red Loam,Groundnut,Thai Pattam (Dec-Jan),6.62,25.1,86.7,183.3,840.5,324.5,659.4,528.6,19.02,High,4
AGRI-12826,2025,6,Tiruchirappalli,Alluvial Clay & Red Loam,Cotton,Winter Irrigated (Aug-Feb),3.82,26.7,61.2,60.0,12.0,631.5,357.9,257.6,13.97,Normal,3
AGRI-12827,2022,6,Perambalur,Black Cotton Soil,Cotton,Summer Irrigated (Feb-Jul),66.52,33.8,81.1,22.1,202.3,11053.9,5695.3,4165.5,243.19,Normal,6
AGRI-12828,2022,6,Madurai,Clayey Red Loam,Cotton,Summer Irrigated (Feb-Jul),64.72,28.3,81.6,75.8,201.4,9660.1,5590.6,4278.9,362.69,Normal,3
AGRI-12829,2023,3,Perambalur,Black Cotton Soil,Maize,Kharif (Jun-Sep),74.59,27.6,70.5,6.0,1390.7,18983.9,9226.7,5512.0,151.26,Low,2
AGRI-12830,2021,8,Pudukkottai,Red Laterite & Gravelly,Groundnut,Chithirai Pattam (Apr-May),34.1,27.0,52.3,52.3,4170.2,1541.9,3061.0,2556.8,52.83,Normal,7
AGRI-12831,2025,8,Madurai,Clayey Red Loam,Maize,Rabi (Oct-Jan),19.16,25.5,70.7,27.0,331.3,5119.3,2412.7,1527.0,41.8,Normal,5
AGRI-12832,2022,4,Madurai,Clayey Red Loam,Cotton,Winter Irrigated (Aug-Feb),8.97,29.3,62.2,50.0,26.6,1365.1,819.9,553.7,33.66,Normal,3
AGRI-12833,2026,5,Tiruchirappalli,Alluvial Clay & Red Loam,Sugarcane,Late (Apr-May),66.46,37.4,58.2,62.6,23369.2,28742.8,9775.7,13986.5,298.07,Normal,4
AGRI-12834,2022,9,Karur,Red Sandy & Black Clay,Cotton,Winter Irrigated (Aug-Feb),72.33,27.5,63.7,101.6,221.2,13824.8,7728.6,4745.4,295.39,High,6
AGRI-12835,2025,7,Nagapattinam,Coastal Alluvium & Saline,Pulses (Blackgram/Greengram),Rainfed (Oct-Nov),35.36,27.5,60.1,76.3,686.5,902.7,1679.6,903.9,43.49,Normal,5
AGRI-12836,2026,12,Thanjavur,Cauvery Delta Alluvium,Sugarcane,Early (Dec-Jan),61.76,30.9,62.9,213.8,20767.6,34261.4,11069.1,11390.8,259.32,High,3
AGRI-12837,2022,11,Madurai,Clayey Red Loam,Pulses (Blackgram/Greengram),Rice Fallow (Jan-Feb),27.41,23.6,66.0,161.5,566.8,781.7,1544.2,678.2,32.63,High,2
AGRI-12838,2026,6,Tiruvarur,Deltaic Alluvium,Maize,Rabi (Oct-Jan),89.56,23.5,71.4,94.2,1686.3,25795.2,13129.2,6662.6,207.1,Normal,3
AGRI-12839,2021,2,Perambalur,Black Cotton Soil,Pulses (Blackgram/Greengram),Rice Fallow (Jan-Feb),66.41,26.0,75.8,56.2,1361.0,1780.4,3424.0,1734.1,76.23,Normal,7
AGRI-12840,2025,7,Madurai,Clayey Red Loam,Paddy (Rice),Navarai (Dec-Mar),9.02,31.0,53.9,44.0,370.2,1951.1,1036.9,817.5,28.51,Low,3
AGRI-12841,2026,3,Karur,Red Sandy & Black Clay,Groundnut,Adipattam (Jul-Aug),39.35,33.0,57.7,3.0,4972.7,1835.6,3389.8,3059.9,71.29,Normal,6
AGRI-12842,2023,10,Perambalur,Black Cotton Soil,Paddy (Rice),Navarai (Dec-Mar),18.2,30.7,64.2,198.5,701.9,4660.2,2264.3,1628.6,53.78,High,2
AGRI-12843,2022,5,Nagapattinam,Coastal Alluvium & Saline,Paddy (Rice),Navarai (Dec-Mar),70.57,29.5,52.1,65.6,2924.0,14762.3,7556.5,5993.8,226.6,Low,4
AGRI-12844,2026,11,Pudukkottai,Red Laterite & Gravelly,Pulses (Blackgram/Greengram),Rice Fallow (Jan-Feb),15.38,19.4,60.2,162.2,301.5,447.1,899.9,357.6,20.66,High,3
AGRI-12845,2022,9,Madurai,Clayey Red Loam,Pulses (Blackgram/Greengram),Rainfed (Oct-Nov),78.69,27.7,73.2,83.9,1644.3,2382.8,4409.7,1812.1,102.47,Normal,4
AGRI-12846,2024,6,Tiruvarur,Deltaic Alluvium,Groundnut,Adipattam (Jul-Aug),12.12,27.0,71.4,48.0,1457.6,540.2,1125.7,888.4,18.84,Low,7
AGRI-12847,2026,2,Karur,Red Sandy & Black Clay,Groundnut,Thai Pattam (Dec-Jan),56.85,30.4,57.3,36.7,6955.3,2670.5,5125.6,4074.6,100.73,Normal,6
AGRI-12848,2026,9,Karur,Red Sandy & Black Clay,Paddy (Rice),Navarai (Dec-Mar),13.25,30.0,60.5,84.2,556.3,3619.8,1718.5,1083.4,43.8,Normal,2
AGRI-12849,2024,2,Karur,Red Sandy & Black Clay,Sugarcane,Early (Dec-Jan),78.88,33.3,87.2,69.1,28118.4,37069.5,11372.3,16369.4,308.09,Low,5
AGRI-12850,2022,5,Nagapattinam,Coastal Alluvium & Saline,Pulses (Blackgram/Greengram),Rainfed (Oct-Nov),79.36,28.2,63.9,78.6,1542.7,1995.7,3847.3,1829.4,111.1,Normal,4
AGRI-12851,2022,8,Karur,Red Sandy & Black Clay,Paddy (Rice),Kuruvai (Jun-Sep),40.51,24.5,80.6,37.4,1603.2,8769.8,4624.1,3443.7,122.42,High,2
AGRI-12852,2024,9,Perambalur,Black Cotton Soil,Sugarcane,Mid (Feb-Mar),9.28,35.0,83.1,140.9,3358.5,4664.1,1597.4,1936.7,58.73,High,6
AGRI-12853,2022,10,Tiruchirappalli,Alluvial Clay & Red Loam,Paddy (Rice),Kuruvai (Jun-Sep),62.52,33.5,86.1,197.8,2524.8,15957.5,8237.5,5548.0,269.32,High,4
AGRI-12854,2022,12,Perambalur,Black Cotton Soil,Paddy (Rice),Kuruvai (Jun-Sep),36.79,34.4,74.9,152.4,1491.2,8792.3,4547.2,2899.5,101.24,High,3
AGRI-12855,2022,2,Nagapattinam,Coastal Alluvium & Saline,Cotton,Summer Irrigated (Feb-Jul),39.42,33.1,56.0,27.4,115.4,6365.9,3595.0,2571.0,164.59,Low,6
AGRI-12856,2021,10,Madurai,Clayey Red Loam,Paddy (Rice),Navarai (Dec-Mar),20.89,31.5,70.9,146.9,850.9,5520.0,2699.8,1759.9,69.49,High,7
AGRI-12857,2022,2,Tiruchirappalli,Alluvial Clay & Red Loam,Sugarcane,Late (Apr-May),22.44,36.1,85.2,2.7,8144.7,10649.9,3299.0,4286.5,91.58,Normal,4
AGRI-12858,2025,11,Perambalur,Black Cotton Soil,Groundnut,Adipattam (Jul-Aug),56.95,25.8,67.3,202.6,7429.7,3002.0,5847.0,4390.9,100.11,High,3
AGRI-12859,2021,5,Karur,Red Sandy & Black Clay,Cotton,Winter Irrigated (Aug-Feb),12.12,27.6,58.3,42.2,37.1,1920.4,1116.3,825.8,44.89,Low,7
AGRI-12860,2025,9,Tiruvarur,Deltaic Alluvium,Pulses (Blackgram/Greengram),Rice Fallow (Jan-Feb),47.71,28.8,88.6,244.7,961.9,1393.8,2772.0,1137.8,92.92,High,4
AGRI-12861,2024,3,Tiruchirappalli,Alluvial Clay & Red Loam,Cotton,Summer Irrigated (Feb-Jul),81.18,25.3,57.2,97.3,242.8,14330.7,8792.9,4975.4,327.77,Normal,6
AGRI-12862,2023,10,Perambalur,Black Cotton Soil,Paddy (Rice),Navarai (Dec-Mar),65.13,26.6,80.9,139.5,2710.7,15395.1,8188.6,5673.4,303.39,High,6
AGRI-12863,2022,2,Perambalur,Black Cotton Soil,Sugarcane,Mid (Feb-Mar),67.02,40.3,74.2,73.2,23046.9,31303.3,10305.0,12434.2,306.74,Normal,5
AGRI-12864,2021,3,Pudukkottai,Red Laterite & Gravelly,Pulses (Blackgram/Greengram),Rainfed (Oct-Nov),79.43,20.5,61.7,52.3,1580.8,1983.0,3906.0,2057.2,112.19,Normal,2
AGRI-12865,2021,2,Tiruvarur,Deltaic Alluvium,Paddy (Rice),Samba/Thaladi (Aug-Jan),50.81,31.1,76.3,71.7,2018.3,11104.6,5662.4,4497.0,258.53,High,5
AGRI-12866,2022,6,Tiruvarur,Deltaic Alluvium,Cotton,Summer Irrigated (Feb-Jul),45.09,38.3,86.8,69.9,137.7,7288.9,4196.3,2880.1,174.34,Low,7
AGRI-12867,2022,5,Nagapattinam,Coastal Alluvium & Saline,Paddy (Rice),Samba/Thaladi (Aug-Jan),90.72,22.9,77.9,66.7,3526.4,21159.5,10169.7,7098.2,285.18,High,3
AGRI-12868,2021,5,Nagapattinam,Coastal Alluvium & Saline,Paddy (Rice),Navarai (Dec-Mar),3.18,31.4,63.0,84.3,123.3,784.9,417.4,266.2,10.05,Normal,3
AGRI-12869,2021,11,Madurai,Clayey Red Loam,Groundnut,Adipattam (Jul-Aug),70.89,27.9,78.7,149.8,8512.3,3626.9,7260.0,5576.3,205.01,High,6
AGRI-12870,2025,7,Thanjavur,Cauvery Delta Alluvium,Groundnut,Chithirai Pattam (Apr-May),83.98,29.4,66.0,3.7,10469.4,3748.7,7326.8,6695.5,149.59,Normal,5
AGRI-12871,2023,3,Madurai,Clayey Red Loam,Pulses (Blackgram/Greengram),Rainfed (Oct-Nov),57.79,32.1,79.7,63.5,1146.8,1402.6,2901.1,1462.3,81.31,Low,6
AGRI-12872,2021,12,Thanjavur,Cauvery Delta Alluvium,Pulses (Blackgram/Greengram),Rainfed (Oct-Nov),15.29,26.8,68.7,129.9,320.4,431.1,864.9,370.1,18.24,High,4
AGRI-12873,2026,12,Thanjavur,Cauvery Delta Alluvium,Groundnut,Thai Pattam (Dec-Jan),93.12,30.1,66.2,174.1,11559.9,4499.7,9373.6,7026.6,174.52,High,3
AGRI-12874,2023,12,Madurai,Clayey Red Loam,Paddy (Rice),Samba/Thaladi (Aug-Jan),9.96,30.7,91.4,177.3,409.9,2371.9,1310.0,781.0,46.4,High,4
AGRI-12875,2026,12,Madurai,Clayey Red Loam,Groundnut,Adipattam (Jul-Aug),20.63,27.5,81.6,117.8,2587.4,1029.3,2038.6,1576.8,50.27,High,4
AGRI-12876,2024,11,Pudukkottai,Red Laterite & Gravelly,Cotton,Summer Irrigated (Feb-Jul),48.75,32.4,82.0,176.6,153.0,8862.9,5004.5,3146.8,318.81,High,7
AGRI-12877,2025,1,Nagapattinam,Coastal Alluvium & Saline,Paddy (Rice),Samba/Thaladi (Aug-Jan),55.49,29.2,90.8,108.7,2230.9,14738.1,7319.2,4536.7,261.69,High,2
AGRI-12878,2025,6,Madurai,Clayey Red Loam,Paddy (Rice),Navarai (Dec-Mar),13.42,29.9,85.3,16.6,521.8,2770.9,1549.3,1156.5,36.23,Normal,6
AGRI-12879,2023,1,Pudukkottai,Red Laterite & Gravelly,Maize,Rabi (Oct-Jan),4.72,23.4,61.5,0.0,87.9,1165.1,597.5,375.9,9.85,Normal,5
AGRI-12880,2022,3,Madurai,Clayey Red Loam,Cotton,Summer Irrigated (Feb-Jul),4.51,26.6,73.9,73.5,13.7,673.5,393.5,271.0,18.35,Normal,7
AGRI-12881,2026,8,Perambalur,Black Cotton Soil,Pulses (Blackgram/Greengram),Rice Fallow (Jan-Feb),19.59,29.3,87.4,0.0,384.1,489.7,1021.0,517.9,24.79,Low,5
AGRI-12882,2025,6,Karur,Red Sandy & Black Clay,Maize,Rabi (Oct-Jan),21.42,24.9,82.0,32.8,392.7,5431.2,2786.9,1610.6,41.32,Normal,5
AGRI-12883,2024,6,Pudukkottai,Red Laterite & Gravelly,Maize,Rabi (Oct-Jan),51.49,28.9,65.6,62.8,954.5,13094.8,6544.5,3812.6,104.3,Low,5
AGRI-12884,2021,7,Tiruvarur,Deltaic Alluvium,Pulses (Blackgram/Greengram),Rainfed (Oct-Nov),34.49,24.0,91.0,43.5,696.4,864.0,1706.1,826.8,45.64,Normal,4
AGRI-12885,2024,5,Madurai,Clayey Red Loam,Pulses (Blackgram/Greengram),Rainfed (Oct-Nov),43.66,27.3,68.7,43.8,899.3,1178.7,2253.0,1085.6,60.8,Normal,5
AGRI-12886,2024,11,Perambalur,Black Cotton Soil,Pulses (Blackgram/Greengram),Rainfed (Oct-Nov),68.6,32.1,79.5,202.2,1375.2,2120.5,3906.4,1614.9,127.15,High,3
AGRI-12887,2021,9,Karur,Red Sandy & Black Clay,Maize,Rabi (Oct-Jan),69.21,26.0,52.7,171.2,1222.1,20060.8,10480.0,5166.2,159.6,High,6
AGRI-12888,2026,7,Tiruchirappalli,Alluvial Clay & Red Loam,Groundnut,Thai Pattam (Dec-Jan),63.64,26.9,88.7,0.0,8215.1,2999.8,5499.9,4401.2,115.61,Low,4
AGRI-12889,2024,1,Nagapattinam,Coastal Alluvium & Saline,Groundnut,Adipattam (Jul-Aug),12.4,23.1,57.7,35.6,1524.7,551.2,1160.7,902.3,22.16,Low,7
AGRI-12890,2025,8,Pudukkottai,Red Laterite & Gravelly,Pulses (Blackgram/Greengram),Rainfed (Oct-Nov),91.85,26.2,60.0,51.1,1871.4,2307.9,4390.4,2140.9,112.56,Normal,6
AGRI-12891,2024,11,Tiruchirappalli,Alluvial Clay & Red Loam,Pulses (Blackgram/Greengram),Rainfed (Oct-Nov),31.64,31.3,78.7,113.8,619.8,922.4,1770.0,799.7,60.32,High,7
AGRI-12892,2022,7,Thanjavur,Cauvery Delta Alluvium,Groundnut,Thai Pattam (Dec-Jan),38.6,30.0,74.7,59.7,4801.4,1749.8,3562.2,2753.0,67.4,Normal,5
AGRI-12893,2022,8,Karur,Red Sandy & Black Clay,Cotton,Summer Irrigated (Feb-Jul),12.4,31.7,76.3,17.8,38.6,2001.4,1099.0,807.0,49.1,Low,2
AGRI-12894,2021,10,Tiruchirappalli,Alluvial Clay & Red Loam,Maize,Rabi (Oct-Jan),29.96,32.6,84.3,116.4,533.8,9167.8,4668.0,2266.2,102.12,High,4
AGRI-12895,2022,2,Karur,Red Sandy & Black Clay,Cotton,Summer Irrigated (Feb-Jul),15.66,30.2,55.9,76.2,45.8,2445.1,1373.6,1023.1,54.49,Normal,6
AGRI-12896,2021,3,Thanjavur,Cauvery Delta Alluvium,Sugarcane,Early (Dec-Jan),91.07,32.1,66.1,33.0,33009.9,42508.6,13891.7,17208.1,367.92,Normal,2
AGRI-12897,2023,2,Madurai,Clayey Red Loam,Maize,Rabi (Oct-Jan),59.34,28.9,56.7,0.0,1070.0,15458.7,7513.5,4379.0,139.98,Normal,6
AGRI-12898,2021,1,Perambalur,Black Cotton Soil,Cotton,Winter Irrigated (Aug-Feb),78.08,31.5,60.8,38.9,243.6,12060.8,7200.8,5086.4,304.14,Low,2
AGRI-12899,2023,10,Perambalur,Black Cotton Soil,Pulses (Blackgram/Greengram),Rainfed (Oct-Nov),91.28,27.4,61.4,165.4,1811.0,2826.5,5480.6,2271.2,118.05,High,7
AGRI-12900,2021,8,Tiruvarur,Deltaic Alluvium,Pulses (Blackgram/Greengram),Rice Fallow (Jan-Feb),52.77,26.4,82.6,18.8,1056.6,1391.5,2692.2,1358.3,71.21,Normal,7
AGRI-12901,2023,12,Karur,Red Sandy & Black Clay,Cotton,Summer Irrigated (Feb-Jul),78.88,29.5,90.5,95.2,229.5,15257.6,8321.9,5036.4,486.77,Normal,5
AGRI-12902,2022,5,Thanjavur,Cauvery Delta Alluvium,Pulses (Blackgram/Greengram),Rice Fallow (Jan-Feb),17.05,30.7,80.5,43.1,356.4,458.2,854.9,415.9,20.59,Normal,2
AGRI-12903,2025,11,Tiruchirappalli,Alluvial Clay & Red Loam,Sugarcane,Mid (Feb-Mar),34.41,33.5,58.0,108.7,12093.8,16750.2,5730.7,6647.0,135.17,High,2
AGRI-12904,2024,3,Tiruvarur,Deltaic Alluvium,Sugarcane,Late (Apr-May),88.46,32.6,51.3,70.8,32409.6,37270.4,13466.3,18464.2,386.23,Normal,6
AGRI-12905,2026,11,Thanjavur,Cauvery Delta Alluvium,Groundnut,Adipattam (Jul-Aug),78.1,24.0,79.9,164.6,9882.6,4236.6,7818.3,6170.6,229.77,High,6
AGRI-12906,2021,1,Madurai,Clayey Red Loam,Paddy (Rice),Navarai (Dec-Mar),6.21,30.7,91.5,35.0,242.2,1381.6,665.0,542.5,18.19,Low,2
AGRI-12907,2024,2,Tiruchirappalli,Alluvial Clay & Red Loam,Cotton,Summer Irrigated (Feb-Jul),81.06,33.1,86.3,45.9,236.1,13009.3,7344.8,5472.2,307.61,Low,2
AGRI-12908,2026,12,Perambalur,Black Cotton Soil,Groundnut,Thai Pattam (Dec-Jan),49.0,28.6,51.6,138.9,5946.8,2365.8,5238.4,3573.0,77.79,High,4
AGRI-12909,2022,3,Pudukkottai,Red Laterite & Gravelly,Paddy (Rice),Samba/Thaladi (Aug-Jan),71.13,22.2,61.6,24.3,2930.6,16045.4,7678.7,6376.2,208.22,High,5
AGRI-12910,2026,11,Perambalur,Black Cotton Soil,Maize,Rabi (Oct-Jan),70.21,23.2,89.4,124.4,1247.9,18824.9,10952.5,5504.3,256.89,High,2
AGRI-12911,2022,8,Nagapattinam,Coastal Alluvium & Saline,Maize,Rabi (Oct-Jan),49.73,26.9,81.8,7.8,874.7,11898.7,6351.8,3836.2,110.52,Low,6
AGRI-12912,2024,3,Nagapattinam,Coastal Alluvium & Saline,Sugarcane,Mid (Feb-Mar),61.9,33.8,51.9,59.3,21761.3,27447.3,9321.2,12172.4,283.92,Normal,2
AGRI-12913,2023,10,Tiruchirappalli,Alluvial Clay & Red Loam,Paddy (Rice),Kuruvai (Jun-Sep),10.48,26.0,61.3,154.6,410.6,2845.5,1386.3,887.4,32.02,High,4
AGRI-12914,2025,11,Tiruchirappalli,Alluvial Clay & Red Loam,Sugarcane,Mid (Feb-Mar),64.95,28.3,79.4,166.2,21921.1,31353.9,11182.5,12921.7,427.22,High,4
AGRI-12915,2021,9,Thanjavur,Cauvery Delta Alluvium,Pulses (Blackgram/Greengram),Rice Fallow (Jan-Feb),88.43,22.0,55.7,186.8,1738.6,2568.8,5155.0,2039.4,118.03,High,7
AGRI-12916,2023,12,Thanjavur,Cauvery Delta Alluvium,Sugarcane,Late (Apr-May),93.89,39.2,73.1,151.0,32022.7,48123.7,15839.4,18186.1,363.16,High,5
AGRI-12917,2024,11,Madurai,Clayey Red Loam,Sugarcane,Early (Dec-Jan),6.02,27.7,66.9,122.6,2179.4,3124.6,1005.6,1212.0,23.47,High,2
AGRI-12918,2026,11,Tiruvarur,Deltaic Alluvium,Maize,Kharif (Jun-Sep),46.95,19.6,88.8,225.0,868.3,13432.5,6683.5,3300.7,157.73,High,5
AGRI-12919,2024,7,Tiruchirappalli,Alluvial Clay & Red Loam,Groundnut,Adipattam (Jul-Aug),82.41,31.7,74.2,93.6,10804.3,4166.6,8470.4,5889.7,143.41,Normal,3
AGRI-12920,2022,12,Madurai,Clayey Red Loam,Cotton,Winter Irrigated (Aug-Feb),37.41,26.9,86.3,192.2,113.7,7422.2,3714.9,2487.4,210.54,High,5
AGRI-12921,2025,7,Pudukkottai,Red Laterite & Gravelly,Pulses (Blackgram/Greengram),Rainfed (Oct-Nov),22.66,35.1,83.5,49.7,436.2,595.6,1163.3,596.9,29.65,Normal,3
AGRI-12922,2021,1,Pudukkottai,Red Laterite & Gravelly,Groundnut,Chithirai Pattam (Apr-May),20.83,33.3,77.9,81.0,2585.9,1103.8,2253.8,1496.8,54.2,Low,2
AGRI-12923,2023,4,Tiruchirappalli,Alluvial Clay & Red Loam,Groundnut,Thai Pattam (Dec-Jan),29.35,29.8,88.7,71.4,3848.4,1413.7,2732.8,2292.6,79.03,Normal,3
AGRI-12924,2022,9,Tiruchirappalli,Alluvial Clay & Red Loam,Maize,Kharif (Jun-Sep),9.81,27.6,69.9,182.1,180.1,2673.4,1426.4,681.7,19.01,High,5
AGRI-12925,2024,5,Nagapattinam,Coastal Alluvium & Saline,Maize,Kharif (Jun-Sep),32.04,29.1,69.9,76.8,586.8,7456.2,4287.0,2221.0,61.51,Normal,2
AGRI-12926,2026,3,Nagapattinam,Coastal Alluvium & Saline,Paddy (Rice),Navarai (Dec-Mar),69.23,25.0,50.8,70.4,2823.0,15440.6,7787.8,5482.6,192.16,Normal,5
AGRI-12927,2026,8,Karur,Red Sandy & Black Clay,Cotton,Winter Irrigated (Aug-Feb),68.24,34.0,53.2,70.9,213.5,10852.3,6186.7,4146.4,286.82,Low,7
AGRI-12928,2023,10,Nagapattinam,Coastal Alluvium & Saline,Sugarcane,Mid (Feb-Mar),72.82,22.1,89.1,259.2,25136.2,37654.5,13183.8,13658.2,462.4,High,7
AGRI-12929,2022,9,Tiruchirappalli,Alluvial Clay & Red Loam,Groundnut,Chithirai Pattam (Apr-May),84.64,32.3,67.7,154.6,10921.7,4455.0,8798.3,5907.3,141.43,High,5
AGRI-12930,2026,12,Thanjavur,Cauvery Delta Alluvium,Maize,Kharif (Jun-Sep),92.97,33.8,78.4,172.6,1711.4,26368.7,13837.8,7361.6,302.86,High,6
AGRI-12931,2024,11,Perambalur,Black Cotton Soil,Cotton,Summer Irrigated (Feb-Jul),90.7,36.7,70.6,155.2,280.6,17089.3,8932.8,6221.9,336.51,High,7
AGRI-12932,2022,11,Perambalur,Black Cotton Soil,Groundnut,Chithirai Pattam (Apr-May),70.12,31.2,87.8,161.6,9023.7,3750.9,7567.0,5405.4,188.47,High,6
AGRI-12933,2021,8,Perambalur,Black Cotton Soil,Cotton,Summer Irrigated (Feb-Jul),25.24,25.0,50.1,59.3,73.2,4034.3,2357.4,1561.1,88.31,Normal,3
AGRI-12934,2026,9,Pudukkottai,Red Laterite & Gravelly,Groundnut,Adipattam (Jul-Aug),56.5,32.6,87.3,171.0,6992.1,3048.9,6033.1,4151.7,162.69,High,2
AGRI-12935,2024,10,Nagapattinam,Coastal Alluvium & Saline,Maize,Kharif (Jun-Sep),70.2,35.1,78.2,194.9,1286.9,19816.6,10266.1,5454.2,228.54,High,2
AGRI-12936,2021,11,Madurai,Clayey Red Loam,Cotton,Summer Irrigated (Feb-Jul),53.0,35.1,66.7,99.7,163.4,9301.0,5545.6,3495.6,219.41,Normal,5
AGRI-12937,2023,12,Karur,Red Sandy & Black Clay,Sugarcane,Mid (Feb-Mar),81.9,31.4,79.2,132.9,28692.6,41107.5,14135.4,16001.9,565.61,High,5
AGRI-12938,2022,3,Tiruchirappalli,Alluvial Clay & Red Loam,Paddy (Rice),Navarai (Dec-Mar),80.86,22.8,67.8,51.0,3139.6,16840.7,8688.0,6667.2,248.79,Normal,6
AGRI-12939,2025,10,Tiruchirappalli,Alluvial Clay & Red Loam,Maize,Kharif (Jun-Sep),53.4,28.0,57.2,154.4,949.8,14717.2,7833.6,3750.1,125.18,High,2
AGRI-12940,2021,8,Madurai,Clayey Red Loam,Sugarcane,Mid (Feb-Mar),85.67,30.4,67.1,71.9,29669.4,40517.1,12443.5,16398.9,344.22,Normal,4
AGRI-12941,2026,10,Thanjavur,Cauvery Delta Alluvium,Maize,Rabi (Oct-Jan),10.56,28.6,51.0,156.1,191.2,3149.1,1580.1,768.2,20.47,High,4
AGRI-12942,2022,6,Karur,Red Sandy & Black Clay,Sugarcane,Mid (Feb-Mar),80.87,28.1,66.7,23.8,28831.4,37192.1,12548.0,16397.2,360.64,Low,5
AGRI-12943,2021,5,Thanjavur,Cauvery Delta Alluvium,Sugarcane,Mid (Feb-Mar),76.2,28.7,78.8,35.0,25662.0,31978.7,11162.0,16223.3,343.82,Low,2
AGRI-12944,2022,10,Karur,Red Sandy & Black Clay,Paddy (Rice),Samba/Thaladi (Aug-Jan),16.69,31.5,67.0,91.2,643.9,4116.5,2144.1,1327.2,46.58,High,4
AGRI-12945,2024,12,Nagapattinam,Coastal Alluvium & Saline,Groundnut,Adipattam (Jul-Aug),4.89,29.7,83.6,255.6,638.0,239.0,500.2,349.0,13.53,High,7
AGRI-12946,2024,3,Tiruvarur,Deltaic Alluvium,Pulses (Blackgram/Greengram),Rice Fallow (Jan-Feb),31.9,28.5,81.4,97.1,653.1,987.6,1878.9,750.4,69.07,Normal,3
AGRI-12947,2022,9,Tiruchirappalli,Alluvial Clay & Red Loam,Maize,Kharif (Jun-Sep),12.92,28.1,65.3,140.0,233.6,3677.3,1966.7,974.8,24.76,High,6
AGRI-12948,2022,10,Thanjavur,Cauvery Delta Alluvium,Paddy (Rice),Samba/Thaladi (Aug-Jan),90.27,30.9,89.7,192.4,3547.3,21957.5,11083.7,8101.6,407.07,High,5
AGRI-12949,2026,3,Tiruvarur,Deltaic Alluvium,Pulses (Blackgram/Greengram),Rainfed (Oct-Nov),68.95,31.5,80.2,61.1,1422.3,1775.1,3306.2,1801.1,89.77,Low,6
AGRI-12950,2026,3,Tiruvarur,Deltaic Alluvium,Paddy (Rice),Navarai (Dec-Mar),29.35,27.2,88.5,50.6,1190.2,6008.8,3236.0,2614.5,84.06,Low,7
AGRI-12951,2026,3,Madurai,Clayey Red Loam,Sugarcane,Early (Dec-Jan),22.64,29.5,56.7,36.7,8228.0,10582.8,3359.6,4672.5,89.95,Normal,4
AGRI-12952,2025,8,Karur,Red Sandy & Black Clay,Cotton,Winter Irrigated (Aug-Feb),89.58,30.5,75.7,14.6,274.8,14281.4,7910.8,5595.4,314.26,Normal,4
AGRI-12953,2024,12,Karur,Red Sandy & Black Clay,Pulses (Blackgram/Greengram),Rice Fallow (Jan-Feb),32.26,30.0,74.3,126.9,667.9,954.8,1902.2,775.6,40.4,High,6
AGRI-12954,2025,11,Pudukkottai,Red Laterite & Gravelly,Cotton,Winter Irrigated (Aug-Feb),67.01,29.6,84.0,149.4,207.2,12842.6,7052.6,4025.2,404.7,High,3
AGRI-12955,2021,12,Pudukkottai,Red Laterite & Gravelly,Pulses (Blackgram/Greengram),Rice Fallow (Jan-Feb),42.16,27.6,75.7,120.5,853.8,1150.8,2331.4,996.9,86.58,High,7
AGRI-12956,2024,9,Nagapattinam,Coastal Alluvium & Saline,Paddy (Rice),Samba/Thaladi (Aug-Jan),14.85,32.3,50.9,243.4,570.5,3776.7,1953.2,1193.7,40.11,High,3
AGRI-12957,2021,1,Pudukkottai,Red Laterite & Gravelly,Sugarcane,Late (Apr-May),62.32,34.5,56.1,59.1,21903.6,26425.9,8927.0,11760.1,288.8,Normal,6
AGRI-12958,2021,1,Tiruchirappalli,Alluvial Clay & Red Loam,Sugarcane,Mid (Feb-Mar),3.93,33.2,70.1,53.5,1425.0,1866.9,593.8,816.2,18.08,Normal,6
AGRI-12959,2026,11,Pudukkottai,Red Laterite & Gravelly,Groundnut,Thai Pattam (Dec-Jan),25.68,26.0,51.4,133.7,3095.8,1236.8,2697.4,1908.7,39.6,High,3
AGRI-12960,2024,2,Madurai,Clayey Red Loam,Groundnut,Chithirai Pattam (Apr-May),75.29,24.6,63.8,62.1,9522.6,3636.4,6471.2,5471.6,141.83,Normal,2
AGRI-12961,2024,1,Tiruvarur,Deltaic Alluvium,Pulses (Blackgram/Greengram),Rainfed (Oct-Nov),4.49,29.2,69.2,76.8,93.6,106.1,223.2,109.6,5.89,Normal,2
AGRI-12962,2022,8,Perambalur,Black Cotton Soil,Cotton,Summer Irrigated (Feb-Jul),14.14,27.1,77.8,24.4,42.7,2280.9,1234.9,950.4,56.99,Low,6
AGRI-12963,2024,11,Madurai,Clayey Red Loam,Groundnut,Thai Pattam (Dec-Jan),47.85,35.9,73.8,171.1,6076.2,2632.6,5080.7,3476.1,81.89,High,6
AGRI-12964,2021,1,Karur,Red Sandy & Black Clay,Maize,Rabi (Oct-Jan),45.77,31.9,88.7,18.3,820.7,11023.9,5860.5,3234.6,100.92,Normal,5
AGRI-12965,2023,11,Nagapattinam,Coastal Alluvium & Saline,Cotton,Winter Irrigated (Aug-Feb),10.52,29.5,89.0,261.3,30.5,1832.1,1071.7,644.0,70.19,High,2
AGRI-12966,2025,5,Thanjavur,Cauvery Delta Alluvium,Pulses (Blackgram/Greengram),Rainfed (Oct-Nov),57.76,34.3,80.5,32.2,1143.9,1446.0,2810.8,1470.2,73.13,Normal,6
AGRI-12967,2022,8,Karur,Red Sandy & Black Clay,Sugarcane,Early (Dec-Jan),85.87,34.6,84.7,0.0,30354.2,36986.7,13315.5,16406.0,359.32,Low,4
AGRI-12968,2025,10,Pudukkottai,Red Laterite & Gravelly,Paddy (Rice),Navarai (Dec-Mar),60.35,28.0,70.5,160.2,2388.2,16469.1,7709.2,4985.9,196.05,High,5
AGRI-12969,2023,6,Tiruchirappalli,Alluvial Clay & Red Loam,Pulses (Blackgram/Greengram),Rice Fallow (Jan-Feb),58.23,26.2,72.0,45.5,1218.2,1444.8,2860.8,1473.2,68.34,Low,6
AGRI-12970,2021,7,Nagapattinam,Coastal Alluvium & Saline,Sugarcane,Early (Dec-Jan),46.03,34.5,82.0,85.9,15535.9,23392.9,7810.6,9600.0,318.38,Normal,7
AGRI-12971,2021,1,Karur,Red Sandy & Black Clay,Paddy (Rice),Navarai (Dec-Mar),37.23,22.5,68.5,26.6,1537.5,8837.0,4138.4,3305.2,100.3,Normal,5
AGRI-12972,2023,10,Nagapattinam,Coastal Alluvium & Saline,Pulses (Blackgram/Greengram),Rainfed (Oct-Nov),27.62,32.0,58.2,217.5,573.4,825.5,1569.9,709.5,33.68,High,6
AGRI-12973,2025,2,Nagapattinam,Coastal Alluvium & Saline,Cotton,Summer Irrigated (Feb-Jul),75.86,32.7,73.0,94.0,233.7,14809.4,8238.8,5057.9,304.02,Normal,3
AGRI-12974,2021,11,Thanjavur,Cauvery Delta Alluvium,Groundnut,Adipattam (Jul-Aug),77.93,29.3,67.8,134.2,9638.3,4305.8,8101.5,5451.6,140.82,High,6
AGRI-12975,2024,8,Thanjavur,Cauvery Delta Alluvium,Sugarcane,Late (Apr-May),41.22,32.5,71.1,35.5,14355.1,18460.2,6306.6,8785.5,160.02,Normal,7
AGRI-12976,2024,6,Pudukkottai,Red Laterite & Gravelly,Groundnut,Adipattam (Jul-Aug),48.47,26.4,86.7,50.5,6056.6,2245.9,4492.6,3392.3,81.25,Low,4
AGRI-12977,2026,5,Tiruchirappalli,Alluvial Clay & Red Loam,Paddy (Rice),Navarai (Dec-Mar),5.09,19.7,67.8,26.1,210.6,1118.1,575.4,450.8,14.35,Low,6
AGRI-12978,2024,12,Tiruchirappalli,Alluvial Clay & Red Loam,Maize,Rabi (Oct-Jan),39.71,26.0,60.8,164.9,749.0,11166.8,5989.6,2960.6,83.45,High,4
AGRI-12979,2023,6,Thanjavur,Cauvery Delta Alluvium,Paddy (Rice),Kuruvai (Jun-Sep),72.53,31.2,59.8,69.1,2918.7,16932.5,8033.2,6589.0,216.01,High,5
AGRI-12980,2025,11,Perambalur,Black Cotton Soil,Sugarcane,Early (Dec-Jan),23.68,28.7,53.6,133.7,8206.9,11520.4,4247.1,4447.5,112.05,High,2
AGRI-12981,2022,8,Nagapattinam,Coastal Alluvium & Saline,Cotton,Summer Irrigated (Feb-Jul),87.64,30.4,77.1,108.9,273.9,15121.6,8911.4,6024.9,505.26,High,4
AGRI-12982,2021,8,Perambalur,Black Cotton Soil,Maize,Rabi (Oct-Jan),11.18,29.3,54.8,12.6,205.8,2691.6,1504.3,793.8,25.77,Low,7
AGRI-12983,2026,2,Madurai,Clayey Red Loam,Cotton,Winter Irrigated (Aug-Feb),74.34,32.7,62.1,19.1,230.6,12614.9,6748.8,4629.2,315.42,Normal,5
AGRI-12984,2026,10,Perambalur,Black Cotton Soil,Maize,Kharif (Jun-Sep),21.85,23.4,91.3,176.4,394.1,5932.3,3154.2,1751.8,79.86,High,4
AGRI-12985,2026,2,Pudukkottai,Red Laterite & Gravelly,Maize,Rabi (Oct-Jan),85.54,34.4,79.1,0.0,1488.9,21732.6,10644.7,6769.8,174.24,Low,7
AGRI-12986,2024,7,Pudukkottai,Red Laterite & Gravelly,Pulses (Blackgram/Greengram),Rainfed (Oct-Nov),70.66,26.9,67.3,56.9,1372.3,1679.0,3437.0,1883.6,94.76,Low,5
AGRI-12987,2024,6,Karur,Red Sandy & Black Clay,Paddy (Rice),Navarai (Dec-Mar),37.71,29.6,91.8,21.7,1479.4,8909.7,3978.7,3425.6,108.65,Low,3
AGRI-12988,2021,10,Nagapattinam,Coastal Alluvium & Saline,Pulses (Blackgram/Greengram),Rainfed (Oct-Nov),60.09,26.9,88.5,218.4,1257.4,1765.7,3435.1,1572.4,131.96,High,6
AGRI-12989,2024,8,Nagapattinam,Coastal Alluvium & Saline,Pulses (Blackgram/Greengram),Rice Fallow (Jan-Feb),42.18,26.5,90.0,76.6,868.6,1059.6,2163.7,1079.8,95.64,Normal,2
AGRI-12990,2021,1,Thanjavur,Cauvery Delta Alluvium,Paddy (Rice),Navarai (Dec-Mar),90.91,30.6,52.0,26.5,3506.3,20356.4,10328.2,8150.6,275.24,Low,5
AGRI-12991,2022,9,Pudukkottai,Red Laterite & Gravelly,Paddy (Rice),Kuruvai (Jun-Sep),80.37,26.4,76.6,165.9,3252.2,19467.4,10268.9,6455.6,407.71,High,3
AGRI-12992,2024,7,Karur,Red Sandy & Black Clay,Cotton,Winter Irrigated (Aug-Feb),57.87,32.4,69.4,50.9,170.0,9100.6,5258.4,3553.3,226.82,Normal,4
AGRI-12993,2026,5,Nagapattinam,Coastal Alluvium & Saline,Paddy (Rice),Kuruvai (Jun-Sep),34.18,25.1,74.4,127.1,1320.6,8141.1,4122.3,2894.8,106.71,High,5
AGRI-12994,2022,3,Thanjavur,Cauvery Delta Alluvium,Groundnut,Chithirai Pattam (Apr-May),22.25,33.0,76.6,64.7,2867.5,1031.4,1962.9,1611.3,37.0,Normal,7
AGRI-12995,2021,12,Karur,Red Sandy & Black Clay,Cotton,Summer Irrigated (Feb-Jul),26.78,26.4,55.9,130.7,78.1,5113.2,2766.1,1658.7,109.98,High,2
AGRI-12996,2022,8,Karur,Red Sandy & Black Clay,Sugarcane,Late (Apr-May),39.8,29.8,89.6,23.9,14300.3,19211.5,6221.1,8393.4,179.19,Normal,2
AGRI-12997,2024,8,Madurai,Clayey Red Loam,Sugarcane,Early (Dec-Jan),43.33,34.8,89.6,78.8,14594.9,20628.3,6572.2,8250.7,288.99,Normal,5
AGRI-12998,2023,4,Tiruchirappalli,Alluvial Clay & Red Loam,Pulses (Blackgram/Greengram),Rainfed (Oct-Nov),54.59,30.1,77.7,43.0,1140.0,1384.8,2615.9,1427.6,65.87,Normal,7
AGRI-12999,2025,9,Tiruchirappalli,Alluvial Clay & Red Loam,Maize,Kharif (Jun-Sep),30.56,28.2,50.5,108.0,545.2,9073.3,4461.4,2154.4,72.29,High,4
AGRI-13000,2022,2,Perambalur,Black Cotton Soil,Pulses (Blackgram/Greengram),Rainfed (Oct-Nov),45.93,30.7,59.7,43.3,956.3,1114.2,2264.9,1206.0,65.41,Low,2
AGRI-13001,2024,6,Karur,Red Sandy & Black Clay,Groundnut,Thai Pattam (Dec-Jan),21.33,25.0,66.2,5.4,2636.7,933.5,1977.2,1493.2,37.86,Normal,3
AGRI-13002,2022,2,Karur,Red Sandy & Black Clay,Groundnut,Chithirai Pattam (Apr-May),14.35,24.8,75.5,0.0,1821.7,623.2,1355.7,1103.4,25.46,Normal,3
AGRI-13003,2023,2,Tiruchirappalli,Alluvial Clay & Red Loam,Sugarcane,Late (Apr-May),77.37,26.8,74.9,63.3,27289.2,36018.1,11209.6,14618.2,347.12,Normal,5
AGRI-13004,2026,1,Tiruchirappalli,Alluvial Clay & Red Loam,Pulses (Blackgram/Greengram),Rice Fallow (Jan-Feb),57.85,33.6,59.3,52.1,1179.3,1385.2,2940.4,1460.2,75.98,Normal,7
AGRI-13005,2023,6,Tiruvarur,Deltaic Alluvium,Paddy (Rice),Kuruvai (Jun-Sep),87.29,22.7,58.3,73.6,3534.7,19199.0,9531.0,7532.4,286.03,High,4
AGRI-13006,2026,2,Karur,Red Sandy & Black Clay,Paddy (Rice),Kuruvai (Jun-Sep),27.28,25.8,76.0,0.0,1141.1,6260.8,2998.9,2139.8,88.41,High,4
AGRI-13007,2021,7,Pudukkottai,Red Laterite & Gravelly,Sugarcane,Early (Dec-Jan),77.47,32.5,84.7,31.7,28040.2,35536.7,11967.3,14286.4,366.37,Low,3
AGRI-13008,2022,3,Perambalur,Black Cotton Soil,Paddy (Rice),Samba/Thaladi (Aug-Jan),93.64,28.1,74.2,56.1,3835.5,20414.3,10185.2,8013.3,251.61,High,2
AGRI-13009,2026,3,Perambalur,Black Cotton Soil,Pulses (Blackgram/Greengram),Rainfed (Oct-Nov),51.55,26.1,58.2,19.5,1059.1,1280.7,2693.1,1353.5,70.22,Normal,5
AGRI-13010,2026,3,Madurai,Clayey Red Loam,Paddy (Rice),Samba/Thaladi (Aug-Jan),48.44,26.3,51.2,89.1,2002.9,12968.0,5853.7,4189.4,139.01,High,2
AGRI-13011,2022,10,Madurai,Clayey Red Loam,Groundnut,Thai Pattam (Dec-Jan),86.65,28.6,85.5,127.7,10758.1,4237.7,8832.0,6561.4,248.71,High,4
AGRI-13012,2025,5,Tiruvarur,Deltaic Alluvium,Cotton,Summer Irrigated (Feb-Jul),61.05,25.0,71.0,59.7,188.7,9762.6,5667.5,4102.8,253.68,Normal,2
AGRI-13013,2022,3,Perambalur,Black Cotton Soil,Groundnut,Thai Pattam (Dec-Jan),57.22,32.3,76.5,52.5,7122.6,2596.9,5239.6,4146.5,97.77,Low,5
AGRI-13014,2025,12,Nagapattinam,Coastal Alluvium & Saline,Sugarcane,Early (Dec-Jan),92.94,32.9,76.9,259.7,33833.7,46908.3,15979.7,19734.7,617.06,High,5
AGRI-13015,2023,4,Karur,Red Sandy & Black Clay,Paddy (Rice),Samba/Thaladi (Aug-Jan),74.52,25.8,65.8,77.2,3083.5,15753.3,8150.7,6186.5,211.06,High,2
AGRI-13016,2025,6,Thanjavur,Cauvery Delta Alluvium,Paddy (Rice),Samba/Thaladi (Aug-Jan),56.86,21.6,63.0,48.4,2295.5,12223.7,6341.0,4644.3,179.77,High,3
AGRI-13017,2021,2,Pudukkottai,Red Laterite & Gravelly,Paddy (Rice),Kuruvai (Jun-Sep),5.0,32.8,73.4,26.6,196.8,1133.0,526.2,395.9,13.67,High,7
AGRI-13018,2026,8,Tiruvarur,Deltaic Alluvium,Paddy (Rice),Kuruvai (Jun-Sep),77.63,27.3,53.9,42.2,3102.9,18429.6,8855.1,6342.0,214.43,High,6
AGRI-13019,2021,3,Tiruchirappalli,Alluvial Clay & Red Loam,Sugarcane,Late (Apr-May),26.32,36.0,61.0,88.4,9265.5,12718.4,4539.3,5304.5,112.03,Normal,7
AGRI-13020,2024,12,Madurai,Clayey Red Loam,Cotton,Winter Irrigated (Aug-Feb),29.15,28.8,63.0,122.9,87.0,5694.5,3056.0,1977.3,116.58,High,5
AGRI-13021,2021,8,Perambalur,Black Cotton Soil,Maize,Kharif (Jun-Sep),74.2,23.4,55.5,57.2,1296.1,19844.9,9788.7,5934.8,159.56,Low,5
AGRI-13022,2026,5,Nagapattinam,Coastal Alluvium & Saline,Sugarcane,Mid (Feb-Mar),34.91,41.1,86.7,40.6,12826.5,15527.4,5423.4,6948.8,164.75,Normal,6
AGRI-13023,2024,9,Karur,Red Sandy & Black Clay,Paddy (Rice),Kuruvai (Jun-Sep),21.02,31.4,73.2,126.4,859.0,5487.1,2604.1,1905.0,64.53,High,4
AGRI-13024,2021,6,Karur,Red Sandy & Black Clay,Maize,Rabi (Oct-Jan),24.19,26.9,66.8,68.7,434.9,6436.9,3229.7,1904.3,49.08,Normal,6
AGRI-13025,2021,11,Tiruchirappalli,Alluvial Clay & Red Loam,Pulses (Blackgram/Greengram),Rice Fallow (Jan-Feb),61.37,29.2,67.7,144.7,1193.6,1711.8,3463.2,1483.7,70.5,High,3
AGRI-13026,2021,3,Tiruvarur,Deltaic Alluvium,Sugarcane,Early (Dec-Jan),50.05,25.7,58.6,118.0,18243.8,26873.0,8331.0,9459.1,198.16,High,4
AGRI-13027,2021,7,Karur,Red Sandy & Black Clay,Sugarcane,Mid (Feb-Mar),81.09,32.2,89.2,42.1,28634.0,37484.1,11885.0,17201.5,322.81,Normal,7
AGRI-13028,2022,3,Nagapattinam,Coastal Alluvium & Saline,Pulses (Blackgram/Greengram),Rice Fallow (Jan-Feb),48.95,30.4,86.0,55.7,989.8,1153.0,2449.5,1143.1,63.16,Normal,3
AGRI-13029,2022,8,Thanjavur,Cauvery Delta Alluvium,Sugarcane,Late (Apr-May),89.15,36.1,78.6,36.6,30802.3,39996.7,12910.3,16478.2,345.27,Low,4
AGRI-13030,2022,3,Madurai,Clayey Red Loam,Cotton,Summer Irrigated (Feb-Jul),63.33,34.9,58.4,25.8,197.1,9977.9,5444.5,3918.1,270.15,Normal,4
AGRI-13031,2021,7,Tiruvarur,Deltaic Alluvium,Pulses (Blackgram/Greengram),Rice Fallow (Jan-Feb),63.43,23.8,69.1,38.0,1293.7,1589.6,3128.2,1579.7,83.13,Normal,5
AGRI-13032,2024,4,Thanjavur,Cauvery Delta Alluvium,Pulses (Blackgram/Greengram),Rainfed (Oct-Nov),23.43,26.7,58.9,74.8,451.4,566.4,1197.7,626.1,30.78,Low,4
AGRI-13033,2025,12,Tiruchirappalli,Alluvial Clay & Red Loam,Cotton,Summer Irrigated (Feb-Jul),29.27,33.2,54.4,157.4,90.1,5432.4,2924.4,1943.4,101.84,High,6
AGRI-13034,2025,1,Perambalur,Black Cotton Soil,Sugarcane,Mid (Feb-Mar),83.83,34.8,56.7,70.4,29032.3,35738.3,12511.5,16042.0,396.96,Normal,3
AGRI-13035,2021,2,Thanjavur,Cauvery Delta Alluvium,Maize,Kharif (Jun-Sep),43.77,28.2,66.4,44.5,773.9,10360.2,5912.0,3243.3,89.92,Normal,4
AGRI-13036,2021,12,Tiruchirappalli,Alluvial Clay & Red Loam,Pulses (Blackgram/Greengram),Rainfed (Oct-Nov),39.37,29.6,85.4,158.1,757.2,1080.8,2215.4,1016.4,86.64,High,3
AGRI-13037,2022,4,Tiruchirappalli,Alluvial Clay & Red Loam,Paddy (Rice),Navarai (Dec-Mar),30.49,32.6,90.9,81.4,1257.5,7195.1,3976.1,2624.2,135.81,Low,3
AGRI-13038,2023,4,Tiruchirappalli,Alluvial Clay & Red Loam,Sugarcane,Mid (Feb-Mar),12.25,36.5,59.2,0.0,4258.4,5700.8,1891.7,2353.4,57.16,Low,7
AGRI-13039,2024,12,Thanjavur,Cauvery Delta Alluvium,Groundnut,Thai Pattam (Dec-Jan),36.26,33.8,59.6,195.6,4405.5,1979.7,3762.4,2755.6,57.42,High,6
AGRI-13040,2022,10,Nagapattinam,Coastal Alluvium & Saline,Pulses (Blackgram/Greengram),Rainfed (Oct-Nov),11.21,25.6,69.3,241.1,216.0,310.5,616.4,274.1,13.08,High,6
AGRI-13041,2024,1,Karur,Red Sandy & Black Clay,Groundnut,Adipattam (Jul-Aug),45.76,27.1,72.6,1.0,5623.2,2170.0,4154.1,3219.2,76.02,Normal,2
AGRI-13042,2024,3,Pudukkottai,Red Laterite & Gravelly,Cotton,Winter Irrigated (Aug-Feb),32.37,33.0,80.9,42.3,97.6,4952.9,2833.0,1977.1,128.88,Normal,5
AGRI-13043,2022,2,Madurai,Clayey Red Loam,Pulses (Blackgram/Greengram),Rainfed (Oct-Nov),66.07,30.5,82.7,51.4,1371.4,1709.8,3211.5,1536.4,82.97,Low,3
AGRI-13044,2024,6,Tiruvarur,Deltaic Alluvium,Maize,Rabi (Oct-Jan),76.0,26.3,69.6,70.9,1347.2,17745.7,9572.4,6034.7,179.2,Normal,7
AGRI-13045,2025,7,Madurai,Clayey Red Loam,Cotton,Winter Irrigated (Aug-Feb),75.8,24.8,72.4,34.7,228.6,11449.8,6955.1,5092.0,286.49,Low,3
AGRI-13046,2024,8,Tiruvarur,Deltaic Alluvium,Groundnut,Chithirai Pattam (Apr-May),72.05,28.3,60.1,96.9,8698.2,3905.0,7101.7,5362.2,129.18,Normal,6
AGRI-13047,2026,7,Thanjavur,Cauvery Delta Alluvium,Groundnut,Chithirai Pattam (Apr-May),21.31,29.9,72.7,55.1,2775.7,918.6,1832.9,1593.9,37.58,Low,3
AGRI-13048,2023,11,Tiruvarur,Deltaic Alluvium,Sugarcane,Mid (Feb-Mar),29.43,29.7,64.7,182.9,10545.8,16074.7,4970.1,6118.8,135.04,High,7
AGRI-13049,2023,1,Madurai,Clayey Red Loam,Paddy (Rice),Samba/Thaladi (Aug-Jan),40.24,26.9,73.9,46.5,1670.9,9137.5,4371.5,3259.0,119.04,High,6
AGRI-13050,2024,2,Tiruvarur,Deltaic Alluvium,Sugarcane,Mid (Feb-Mar),78.55,38.2,90.0,96.3,27674.0,42507.9,13636.2,15867.4,497.81,Normal,2
AGRI-13051,2022,6,Thanjavur,Cauvery Delta Alluvium,Sugarcane,Mid (Feb-Mar),76.32,27.9,53.1,0.0,27460.9,35732.1,11571.5,14482.5,321.84,Normal,6
AGRI-13052,2026,3,Karur,Red Sandy & Black Clay,Sugarcane,Mid (Feb-Mar),76.27,26.7,54.2,32.5,25995.5,34397.7,11575.3,15540.4,322.47,Normal,7
AGRI-13053,2021,8,Nagapattinam,Coastal Alluvium & Saline,Paddy (Rice),Kuruvai (Jun-Sep),18.18,29.6,75.6,97.7,703.4,4613.5,2388.7,1579.8,95.18,High,4
AGRI-13054,2026,10,Thanjavur,Cauvery Delta Alluvium,Cotton,Winter Irrigated (Aug-Feb),70.61,29.9,92.0,148.1,209.6,13298.2,6944.8,4719.4,411.71,High,6
AGRI-13055,2025,6,Perambalur,Black Cotton Soil,Cotton,Winter Irrigated (Aug-Feb),10.93,30.4,89.3,49.9,32.5,1837.9,991.8,676.4,39.95,Normal,2
AGRI-13056,2025,8,Madurai,Clayey Red Loam,Cotton,Winter Irrigated (Aug-Feb),67.97,34.4,80.6,51.3,212.4,10662.6,5963.4,4540.3,240.72,Normal,3
AGRI-13057,2023,5,Madurai,Clayey Red Loam,Sugarcane,Mid (Feb-Mar),65.16,32.7,63.2,39.0,22165.7,28375.0,9703.6,13879.3,258.28,Normal,6
AGRI-13058,2025,4,Madurai,Clayey Red Loam,Pulses (Blackgram/Greengram),Rainfed (Oct-Nov),54.63,32.1,53.4,36.7,1096.4,1459.0,2598.5,1398.8,75.5,Normal,2
AGRI-13059,2022,10,Nagapattinam,Coastal Alluvium & Saline,Maize,Kharif (Jun-Sep),91.56,23.2,72.4,232.7,1676.3,27519.4,13419.5,6343.8,205.83,High,6
AGRI-13060,2024,6,Thanjavur,Cauvery Delta Alluvium,Groundnut,Adipattam (Jul-Aug),4.29,36.8,61.8,35.0,520.9,186.0,379.5,315.4,7.7,Low,3
AGRI-13061,2021,11,Nagapattinam,Coastal Alluvium & Saline,Cotton,Winter Irrigated (Aug-Feb),47.6,30.1,67.5,221.7,137.7,8853.3,4873.2,2861.9,164.1,High,4
AGRI-13062,2024,6,Nagapattinam,Coastal Alluvium & Saline,Cotton,Winter Irrigated (Aug-Feb),58.58,36.1,84.6,57.7,178.9,9778.9,5140.9,3892.7,249.65,Normal,2
AGRI-13063,2025,9,Perambalur,Black Cotton Soil,Cotton,Winter Irrigated (Aug-Feb),68.31,31.0,64.1,174.4,205.5,12822.4,7053.7,4443.8,264.56,High,2
AGRI-13064,2025,11,Perambalur,Black Cotton Soil,Pulses (Blackgram/Greengram),Rainfed (Oct-Nov),6.49,27.4,74.1,160.9,128.1,186.8,384.0,151.3,8.61,High,6
AGRI-13065,2024,5,Pudukkottai,Red Laterite & Gravelly,Cotton,Summer Irrigated (Feb-Jul),85.32,34.7,66.7,43.5,253.6,13390.4,7849.0,5659.4,316.12,Normal,4
AGRI-13066,2022,8,Karur,Red Sandy & Black Clay,Pulses (Blackgram/Greengram),Rice Fallow (Jan-Feb),67.81,27.5,69.1,24.3,1410.3,1735.3,3403.3,1696.9,93.45,Normal,3
AGRI-13067,2025,6,Tiruvarur,Deltaic Alluvium,Paddy (Rice),Kuruvai (Jun-Sep),26.07,26.2,80.2,91.6,1030.1,6904.8,3417.3,2118.0,119.93,High,7
AGRI-13068,2022,12,Nagapattinam,Coastal Alluvium & Saline,Groundnut,Thai Pattam (Dec-Jan),76.69,27.2,74.4,255.7,9449.2,3884.2,7999.3,5433.6,140.31,High,7
AGRI-13069,2024,7,Tiruvarur,Deltaic Alluvium,Pulses (Blackgram/Greengram),Rice Fallow (Jan-Feb),42.72,24.5,68.8,66.8,863.9,996.7,2209.5,1132.0,49.02,Normal,2
AGRI-13070,2024,7,Tiruvarur,Deltaic Alluvium,Pulses (Blackgram/Greengram),Rainfed (Oct-Nov),81.04,27.8,80.1,35.6,1658.7,2155.5,4008.0,2159.9,114.67,Normal,7
AGRI-13071,2022,12,Perambalur,Black Cotton Soil,Cotton,Winter Irrigated (Aug-Feb),58.82,24.8,64.9,170.7,182.3,10997.0,6003.6,3632.9,212.52,High,4
AGRI-13072,2025,8,Tiruvarur,Deltaic Alluvium,Maize,Kharif (Jun-Sep),82.45,26.0,75.5,73.1,1428.1,21705.5,10234.5,6385.8,304.48,Normal,2
AGRI-13073,2023,7,Madurai,Clayey Red Loam,Maize,Rabi (Oct-Jan),4.32,30.4,54.9,56.2,76.1,1154.8,587.5,308.9,9.99,Normal,7
AGRI-13074,2024,3,Karur,Red Sandy & Black Clay,Groundnut,Adipattam (Jul-Aug),12.03,28.9,51.3,62.5,1504.8,511.9,1040.1,868.0,21.7,Low,5
AGRI-13075,2025,9,Perambalur,Black Cotton Soil,Groundnut,Thai Pattam (Dec-Jan),19.8,26.8,58.1,169.1,2463.6,977.4,2054.6,1521.2,37.25,High,5
AGRI-13076,2023,11,Nagapattinam,Coastal Alluvium & Saline,Cotton,Summer Irrigated (Feb-Jul),64.14,32.9,73.8,255.3,187.0,11314.3,6904.6,4196.2,233.57,High,2
AGRI-13077,2023,5,Thanjavur,Cauvery Delta Alluvium,Groundnut,Adipattam (Jul-Aug),55.16,28.9,90.4,29.3,6971.4,2405.2,4789.6,4383.0,84.49,Low,2
AGRI-13078,2026,8,Nagapattinam,Coastal Alluvium & Saline,Groundnut,Thai Pattam (Dec-Jan),2.65,28.6,81.3,47.2,346.1,112.1,249.4,185.8,4.92,Normal,2
AGRI-13079,2025,8,Perambalur,Black Cotton Soil,Groundnut,Adipattam (Jul-Aug),35.21,29.4,63.2,0.0,4356.4,1576.6,3233.7,2581.5,55.74,Low,3
AGRI-13080,2023,5,Tiruchirappalli,Alluvial Clay & Red Loam,Pulses (Blackgram/Greengram),Rainfed (Oct-Nov),77.09,27.8,90.5,34.1,1581.7,1971.6,3930.8,2006.8,97.36,Normal,6
AGRI-13081,2023,11,Madurai,Clayey Red Loam,Paddy (Rice),Samba/Thaladi (Aug-Jan),50.26,27.8,64.0,158.7,2070.8,13215.6,6642.1,4335.8,153.51,High,7
AGRI-13082,2023,11,Pudukkottai,Red Laterite & Gravelly,Paddy (Rice),Samba/Thaladi (Aug-Jan),15.33,25.7,51.7,153.3,626.6,3866.9,1867.4,1369.9,49.85,High,4
AGRI-13083,2022,8,Pudukkottai,Red Laterite & Gravelly,Sugarcane,Late (Apr-May),80.44,29.4,56.6,98.6,27436.5,39509.9,13263.1,16905.3,323.35,Normal,6
AGRI-13084,2026,12,Madurai,Clayey Red Loam,Sugarcane,Late (Apr-May),15.17,31.1,65.3,160.3,5564.4,8171.9,2721.3,2830.0,62.5,High,3
AGRI-13085,2024,2,Tiruchirappalli,Alluvial Clay & Red Loam,Sugarcane,Late (Apr-May),80.64,34.1,89.1,27.3,27648.3,35726.8,11543.5,16142.7,370.1,Normal,6
AGRI-13086,2025,7,Karur,Red Sandy & Black Clay,Paddy (Rice),Navarai (Dec-Mar),66.96,22.3,70.2,72.0,2732.0,14566.9,7238.4,5808.8,186.1,Normal,4
AGRI-13087,2025,6,Madurai,Clayey Red Loam,Maize,Rabi (Oct-Jan),45.75,25.6,82.3,48.9,815.9,10785.2,5775.1,3570.4,90.29,Normal,5
AGRI-13088,2022,3,Karur,Red Sandy & Black Clay,Groundnut,Adipattam (Jul-Aug),73.08,25.6,52.4,63.2,8926.5,3449.1,6890.0,5543.3,124.11,Normal,7
AGRI-13089,2026,12,Tiruvarur,Deltaic Alluvium,Pulses (Blackgram/Greengram),Rice Fallow (Jan-Feb),23.07,18.8,68.9,196.3,445.1,675.5,1328.8,592.1,27.85,High,3
AGRI-13090,2023,11,Nagapattinam,Coastal Alluvium & Saline,Paddy (Rice),Samba/Thaladi (Aug-Jan),34.99,24.8,76.5,253.9,1453.6,9185.0,4397.2,3171.8,161.74,High,3
AGRI-13091,2023,11,Madurai,Clayey Red Loam,Maize,Rabi (Oct-Jan),76.03,27.6,78.4,191.9,1340.8,20422.1,11076.5,5666.6,259.75,High,4
AGRI-13092,2026,3,Thanjavur,Cauvery Delta Alluvium,Cotton,Summer Irrigated (Feb-Jul),89.86,30.5,67.1,45.4,259.3,14046.7,7939.3,5442.5,379.64,Normal,4
AGRI-13093,2024,5,Pudukkottai,Red Laterite & Gravelly,Paddy (Rice),Kuruvai (Jun-Sep),77.11,28.9,71.9,73.1,3066.8,16042.4,8373.7,6548.9,207.85,High,5
AGRI-13094,2022,10,Thanjavur,Cauvery Delta Alluvium,Pulses (Blackgram/Greengram),Rainfed (Oct-Nov),44.7,24.8,59.0,150.3,888.4,1364.1,2459.5,1044.3,59.13,High,5
AGRI-13095,2023,5,Perambalur,Black Cotton Soil,Groundnut,Chithirai Pattam (Apr-May),25.33,35.3,75.4,67.7,3088.9,1180.8,2173.0,1980.2,43.24,Normal,3
AGRI-13096,2025,3,Pudukkottai,Red Laterite & Gravelly,Maize,Rabi (Oct-Jan),13.64,29.3,62.6,61.5,249.8,3337.3,1810.9,1087.7,27.39,Normal,2
AGRI-13097,2021,11,Tiruvarur,Deltaic Alluvium,Paddy (Rice),Navarai (Dec-Mar),63.0,31.4,82.4,245.4,2584.8,16907.0,8090.6,5381.5,300.32,High,3
AGRI-13098,2023,5,Pudukkottai,Red Laterite & Gravelly,Paddy (Rice),Navarai (Dec-Mar),87.79,27.0,73.0,27.8,3484.6,20575.2,9177.5,7907.0,268.39,Normal,3
AGRI-13099,2026,1,Thanjavur,Cauvery Delta Alluvium,Sugarcane,Mid (Feb-Mar),88.75,36.1,81.6,44.9,32157.5,39445.8,12819.8,17893.7,355.39,Low,6
AGRI-13100,2023,6,Thanjavur,Cauvery Delta Alluvium,Sugarcane,Early (Dec-Jan),86.18,28.3,82.7,71.4,30400.6,37521.8,13423.6,17580.1,589.84,Low,4
AGRI-13101,2022,3,Karur,Red Sandy & Black Clay,Paddy (Rice),Kuruvai (Jun-Sep),43.52,27.8,50.2,26.7,1747.1,9386.4,4762.7,3509.8,137.22,High,4
AGRI-13102,2021,12,Karur,Red Sandy & Black Clay,Cotton,Summer Irrigated (Feb-Jul),76.92,25.0,62.5,62.0,221.7,12845.4,6962.0,4611.0,278.3,Normal,4
AGRI-13103,2021,1,Nagapattinam,Coastal Alluvium & Saline,Pulses (Blackgram/Greengram),Rainfed (Oct-Nov),65.67,28.1,68.7,81.9,1292.7,1985.6,3761.0,1569.1,79.24,Low,4
AGRI-13104,2025,7,Madurai,Clayey Red Loam,Sugarcane,Mid (Feb-Mar),50.62,35.6,87.9,67.2,17639.0,23163.2,7359.5,10100.4,216.91,Normal,2
AGRI-13105,2025,8,Madurai,Clayey Red Loam,Paddy (Rice),Samba/Thaladi (Aug-Jan),83.88,32.7,55.9,63.0,3269.4,19164.9,8807.1,7344.3,225.26,High,3
AGRI-13106,2022,1,Nagapattinam,Coastal Alluvium & Saline,Pulses (Blackgram/Greengram),Rainfed (Oct-Nov),19.87,30.3,76.9,70.6,409.0,477.6,1026.8,516.2,37.32,Low,4
AGRI-13107,2022,7,Perambalur,Black Cotton Soil,Sugarcane,Late (Apr-May),37.43,33.1,57.9,75.4,13438.1,17989.5,5679.8,7567.3,159.96,Normal,7
AGRI-13108,2026,5,Thanjavur,Cauvery Delta Alluvium,Sugarcane,Late (Apr-May),29.67,30.4,79.2,55.2,10146.6,14126.1,4486.8,6235.2,117.82,Normal,3
AGRI-13109,2024,7,Perambalur,Black Cotton Soil,Paddy (Rice),Samba/Thaladi (Aug-Jan),23.74,30.3,71.5,17.3,944.0,4992.1,2639.0,1997.0,63.65,High,4
AGRI-13110,2021,11,Karur,Red Sandy & Black Clay,Pulses (Blackgram/Greengram),Rice Fallow (Jan-Feb),88.71,31.5,61.4,118.8,1859.3,2727.0,5062.1,2268.0,121.77,High,7
AGRI-13111,2024,6,Karur,Red Sandy & Black Clay,Groundnut,Chithirai Pattam (Apr-May),76.82,27.9,60.4,64.4,9928.4,3327.0,6776.9,5819.6,129.66,Normal,4
AGRI-13112,2022,12,Pudukkottai,Red Laterite & Gravelly,Pulses (Blackgram/Greengram),Rice Fallow (Jan-Feb),90.62,30.8,66.8,138.5,1806.5,2712.0,5139.8,2343.5,106.12,High,4
AGRI-13113,2023,2,Nagapattinam,Coastal Alluvium & Saline,Sugarcane,Mid (Feb-Mar),31.38,31.8,66.1,111.3,11047.1,15467.1,5506.3,6572.0,122.99,High,4
AGRI-13114,2023,11,Nagapattinam,Coastal Alluvium & Saline,Maize,Kharif (Jun-Sep),62.82,31.7,78.9,246.8,1112.4,19034.2,9653.3,4651.2,236.85,High,6
AGRI-13115,2021,8,Madurai,Clayey Red Loam,Sugarcane,Early (Dec-Jan),8.36,32.9,54.8,44.4,3007.2,3779.7,1310.6,1558.8,37.57,Low,5
AGRI-13116,2023,4,Tiruchirappalli,Alluvial Clay & Red Loam,Pulses (Blackgram/Greengram),Rice Fallow (Jan-Feb),69.11,28.6,90.0,95.6,1399.4,2061.8,4052.6,1728.0,135.76,Normal,2
AGRI-13117,2024,2,Madurai,Clayey Red Loam,Cotton,Winter Irrigated (Aug-Feb),31.31,26.1,51.2,72.1,93.0,5292.0,2903.0,2045.0,128.26,Low,3
AGRI-13118,2021,1,Madurai,Clayey Red Loam,Paddy (Rice),Navarai (Dec-Mar),71.25,25.1,59.4,1.2,2765.9,14647.3,7951.9,6100.8,199.14,Normal,5
AGRI-13119,2026,6,Thanjavur,Cauvery Delta Alluvium,Sugarcane,Late (Apr-May),26.51,34.2,83.5,107.6,9241.7,14552.8,4390.2,5144.2,181.2,High,2
AGRI-13120,2021,5,Perambalur,Black Cotton Soil,Maize,Rabi (Oct-Jan),88.38,33.3,65.1,63.0,1666.5,21616.2,11685.6,6923.7,185.03,Low,3
AGRI-13121,2025,9,Tiruvarur,Deltaic Alluvium,Sugarcane,Mid (Feb-Mar),28.39,34.2,66.7,216.6,10181.2,14586.1,5125.5,6033.8,127.01,High,4
AGRI-13122,2022,4,Thanjavur,Cauvery Delta Alluvium,Sugarcane,Early (Dec-Jan),28.56,30.9,87.6,21.6,10231.4,12234.2,4131.1,5541.3,119.69,Normal,7
AGRI-13123,2022,9,Perambalur,Black Cotton Soil,Paddy (Rice),Kuruvai (Jun-Sep),76.07,28.2,63.5,119.4,2997.8,20014.0,10023.4,6437.3,251.67,High,7
AGRI-13124,2023,7,Tiruchirappalli,Alluvial Clay & Red Loam,Groundnut,Adipattam (Jul-Aug),13.4,27.1,71.6,83.4,1669.0,649.5,1377.8,988.3,22.2,Normal,5
AGRI-13125,2023,4,Madurai,Clayey Red Loam,Groundnut,Thai Pattam (Dec-Jan),70.33,26.9,64.1,26.6,8619.2,3128.8,6061.2,5336.9,122.42,Normal,3
AGRI-13126,2026,12,Tiruchirappalli,Alluvial Clay & Red Loam,Sugarcane,Late (Apr-May),39.23,28.3,68.4,204.5,14250.2,20509.8,6732.9,7835.6,174.8,High,5
AGRI-13127,2025,7,Thanjavur,Cauvery Delta Alluvium,Maize,Kharif (Jun-Sep),32.28,24.8,54.9,26.8,579.4,7871.3,4145.1,2385.0,65.07,Low,5
AGRI-13128,2026,9,Nagapattinam,Coastal Alluvium & Saline,Maize,Kharif (Jun-Sep),64.23,20.7,55.9,244.3,1210.6,18694.1,9300.9,4454.0,142.14,High,5
AGRI-13129,2021,3,Nagapattinam,Coastal Alluvium & Saline,Maize,Kharif (Jun-Sep),23.94,25.2,79.5,119.4,442.4,7051.2,3653.6,1745.3,72.84,High,3
AGRI-13130,2025,3,Tiruvarur,Deltaic Alluvium,Groundnut,Thai Pattam (Dec-Jan),59.77,37.8,52.1,75.7,7371.9,2759.0,5608.0,4178.5,96.5,Low,3
AGRI-13131,2025,7,Tiruvarur,Deltaic Alluvium,Sugarcane,Mid (Feb-Mar),71.75,33.6,56.2,53.8,24647.2,30094.6,10245.1,14676.9,337.48,Normal,6
AGRI-13132,2026,4,Nagapattinam,Coastal Alluvium & Saline,Maize,Rabi (Oct-Jan),89.85,26.2,89.6,38.6,1563.7,21862.4,11522.6,7111.6,175.5,Low,7
AGRI-13133,2025,2,Pudukkottai,Red Laterite & Gravelly,Groundnut,Chithirai Pattam (Apr-May),62.18,29.9,87.7,45.0,7626.7,2913.9,5590.8,4643.4,111.69,Low,4
AGRI-13134,2021,2,Nagapattinam,Coastal Alluvium & Saline,Pulses (Blackgram/Greengram),Rice Fallow (Jan-Feb),86.37,29.2,53.2,122.9,1762.9,2613.7,4866.9,2226.3,111.68,High,2
AGRI-13135,2023,2,Thanjavur,Cauvery Delta Alluvium,Groundnut,Adipattam (Jul-Aug),3.04,31.2,56.4,31.8,373.9,142.8,262.4,226.7,5.03,Normal,4
AGRI-13136,2022,10,Madurai,Clayey Red Loam,Paddy (Rice),Kuruvai (Jun-Sep),14.58,29.3,52.3,120.8,563.5,3909.8,1754.1,1259.4,46.09,High,5
AGRI-13137,2021,1,Tiruvarur,Deltaic Alluvium,Sugarcane,Mid (Feb-Mar),64.43,30.2,63.5,67.6,21762.1,28601.6,9333.7,13477.9,264.12,Low,2
AGRI-13138,2026,9,Madurai,Clayey Red Loam,Maize,Rabi (Oct-Jan),59.02,22.3,68.0,158.8,1073.7,16841.9,9021.0,4085.6,117.57,High,6
AGRI-13139,2021,2,Madurai,Clayey Red Loam,Cotton,Winter Irrigated (Aug-Feb),66.19,32.8,89.8,25.6,193.8,9924.3,5864.5,4032.9,250.89,Normal,3
AGRI-13140,2025,9,Thanjavur,Cauvery Delta Alluvium,Cotton,Winter Irrigated (Aug-Feb),4.92,29.5,65.3,168.8,15.3,910.6,516.5,322.4,18.32,High,2
AGRI-13141,2023,3,Madurai,Clayey Red Loam,Pulses (Blackgram/Greengram),Rice Fallow (Jan-Feb),77.17,31.0,85.3,56.2,1527.7,1830.9,3752.1,1822.8,104.75,Normal,4
AGRI-13142,2026,4,Thanjavur,Cauvery Delta Alluvium,Sugarcane,Early (Dec-Jan),32.25,38.6,78.7,23.7,11596.1,13529.4,4664.3,6732.5,132.93,Normal,3
AGRI-13143,2022,8,Pudukkottai,Red Laterite & Gravelly,Paddy (Rice),Samba/Thaladi (Aug-Jan),31.19,31.2,52.2,43.4,1289.4,6589.1,3433.5,2595.4,84.24,High,2
AGRI-13144,2022,6,Perambalur,Black Cotton Soil,Paddy (Rice),Samba/Thaladi (Aug-Jan),80.13,22.1,74.6,63.6,3319.5,18575.3,8959.1,6728.6,229.57,High,5
AGRI-13145,2022,4,Karur,Red Sandy & Black Clay,Pulses (Blackgram/Greengram),Rice Fallow (Jan-Feb),7.72,30.4,87.0,77.8,158.0,195.3,369.8,181.0,16.35,Normal,4
AGRI-13146,2022,10,Pudukkottai,Red Laterite & Gravelly,Paddy (Rice),Samba/Thaladi (Aug-Jan),16.56,33.8,51.4,204.8,652.4,3936.0,2109.4,1475.0,47.06,High,3
AGRI-13147,2022,2,Madurai,Clayey Red Loam,Sugarcane,Early (Dec-Jan),18.8,28.2,81.1,65.0,6776.2,8300.6,2864.5,3941.7,87.58,Low,2
AGRI-13148,2025,12,Tiruchirappalli,Alluvial Clay & Red Loam,Cotton,Winter Irrigated (Aug-Feb),29.98,29.9,78.4,167.5,91.2,5184.2,3214.2,2072.1,193.69,High,5
AGRI-13149,2022,11,Pudukkottai,Red Laterite & Gravelly,Paddy (Rice),Navarai (Dec-Mar),36.7,26.9,51.9,129.4,1532.0,9017.5,4413.0,3254.4,117.2,High,7
AGRI-13150,2021,12,Perambalur,Black Cotton Soil,Pulses (Blackgram/Greengram),Rice Fallow (Jan-Feb),5.38,33.1,82.6,184.9,105.6,163.2,316.3,132.4,10.22,High,4
AGRI-13151,2022,10,Pudukkottai,Red Laterite & Gravelly,Sugarcane,Late (Apr-May),75.22,35.2,54.3,124.2,27490.1,37127.3,13623.1,15866.1,332.8,High,2
AGRI-13152,2025,4,Tiruchirappalli,Alluvial Clay & Red Loam,Sugarcane,Mid (Feb-Mar),48.2,40.7,53.5,35.9,16214.6,22354.7,7296.0,9406.7,213.44,Low,7
AGRI-13153,2023,2,Karur,Red Sandy & Black Clay,Sugarcane,Early (Dec-Jan),60.62,30.7,62.7,0.0,21343.2,25666.7,9294.8,12863.6,272.08,Normal,4
AGRI-13154,2024,11,Madurai,Clayey Red Loam,Pulses (Blackgram/Greengram),Rice Fallow (Jan-Feb),59.99,32.2,81.2,114.6,1240.3,1605.5,3404.1,1397.9,135.39,High,4
AGRI-13155,2023,12,Madurai,Clayey Red Loam,Paddy (Rice),Samba/Thaladi (Aug-Jan),19.96,23.5,73.3,140.3,832.4,5324.9,2573.1,1692.3,57.27,High,3
AGRI-13156,2022,2,Nagapattinam,Coastal Alluvium & Saline,Pulses (Blackgram/Greengram),Rainfed (Oct-Nov),92.66,28.8,50.8,76.2,1911.9,2231.5,4443.4,2171.5,114.12,Normal,5
AGRI-13157,2025,7,Pudukkottai,Red Laterite & Gravelly,Groundnut,Adipattam (Jul-Aug),18.06,26.9,80.9,30.8,2220.2,847.6,1691.0,1443.7,33.66,Low,2
AGRI-13158,2022,9,Tiruvarur,Deltaic Alluvium,Sugarcane,Late (Apr-May),61.26,36.6,53.4,216.0,21577.9,33556.0,10069.5,11686.7,281.88,High,3
AGRI-13159,2024,4,Madurai,Clayey Red Loam,Paddy (Rice),Samba/Thaladi (Aug-Jan),34.75,25.3,68.3,43.4,1429.6,7834.3,3978.7,3084.0,103.14,High,2
AGRI-13160,2025,4,Nagapattinam,Coastal Alluvium & Saline,Sugarcane,Early (Dec-Jan),73.2,34.9,63.1,56.4,25408.2,33350.0,11108.6,14044.8,318.3,Normal,2
AGRI-13161,2021,1,Nagapattinam,Coastal Alluvium & Saline,Pulses (Blackgram/Greengram),Rice Fallow (Jan-Feb),49.46,28.1,80.3,121.1,1016.1,1490.3,2773.7,1259.9,101.64,High,3
AGRI-13162,2026,5,Madurai,Clayey Red Loam,Sugarcane,Mid (Feb-Mar),86.08,25.6,77.6,41.9,31275.1,41311.8,13269.7,18284.8,334.57,Normal,3
AGRI-13163,2022,2,Karur,Red Sandy & Black Clay,Paddy (Rice),Samba/Thaladi (Aug-Jan),69.31,25.7,57.9,50.7,2703.6,15936.5,7488.4,6087.2,219.61,High,5
AGRI-13164,2023,2,Nagapattinam,Coastal Alluvium & Saline,Cotton,Winter Irrigated (Aug-Feb),81.56,31.6,69.1,29.2,251.3,13927.7,7387.8,4991.8,326.19,Low,3
AGRI-13165,2022,9,Perambalur,Black Cotton Soil,Maize,Rabi (Oct-Jan),61.17,30.4,54.5,154.4,1101.9,17339.7,9006.8,4833.1,135.59,High,6
AGRI-13166,2024,7,Tiruvarur,Deltaic Alluvium,Cotton,Winter Irrigated (Aug-Feb),83.04,35.5,79.0,41.3,256.5,13101.3,7808.4,5366.9,298.5,Normal,4
AGRI-13167,2021,11,Nagapattinam,Coastal Alluvium & Saline,Paddy (Rice),Samba/Thaladi (Aug-Jan),82.42,29.0,58.7,269.0,3428.8,20071.2,10154.8,6497.5,242.45,High,7
AGRI-13168,2024,5,Pudukkottai,Red Laterite & Gravelly,Maize,Rabi (Oct-Jan),65.68,28.0,70.6,32.3,1177.5,16552.1,8365.8,4655.3,151.19,Normal,6
AGRI-13169,2022,11,Karur,Red Sandy & Black Clay,Paddy (Rice),Navarai (Dec-Mar),56.63,31.7,61.7,151.8,2214.6,13795.1,7314.7,5054.6,183.79,High,3
AGRI-13170,2023,3,Thanjavur,Cauvery Delta Alluvium,Pulses (Blackgram/Greengram),Rainfed (Oct-Nov),67.71,25.0,69.1,9.1,1373.5,1737.4,3269.7,1661.3,86.77,Normal,2
AGRI-13171,2021,7,Perambalur,Black Cotton Soil,Paddy (Rice),Navarai (Dec-Mar),38.34,19.9,55.1,61.7,1578.5,8411.0,4153.6,3133.6,104.34,Normal,4
AGRI-13172,2021,5,Madurai,Clayey Red Loam,Pulses (Blackgram/Greengram),Rice Fallow (Jan-Feb),34.1,26.4,74.7,51.7,679.2,894.1,1666.3,857.9,45.43,Normal,2
AGRI-13173,2024,10,Nagapattinam,Coastal Alluvium & Saline,Paddy (Rice),Kuruvai (Jun-Sep),51.58,20.5,80.5,249.5,2073.5,13613.7,6632.1,4273.6,241.8,High,6
AGRI-13174,2025,8,Tiruvarur,Deltaic Alluvium,Paddy (Rice),Kuruvai (Jun-Sep),53.76,33.9,56.0,101.5,2166.2,13542.4,6683.9,4664.8,176.62,High,4
AGRI-13175,2023,7,Madurai,Clayey Red Loam,Sugarcane,Mid (Feb-Mar),50.91,33.3,78.4,36.4,18501.8,21868.4,7433.4,10356.3,231.65,Normal,7
AGRI-13176,2026,12,Perambalur,Black Cotton Soil,Maize,Kharif (Jun-Sep),92.23,32.9,74.1,195.4,1674.4,28167.4,13419.3,7200.8,194.8,High,7
AGRI-13177,2022,10,Madurai,Clayey Red Loam,Maize,Rabi (Oct-Jan),37.2,24.4,70.0,149.8,691.1,10525.9,5289.5,2570.6,80.86,High,2
AGRI-13178,2025,10,Nagapattinam,Coastal Alluvium & Saline,Groundnut,Chithirai Pattam (Apr-May),7.21,25.2,56.3,247.8,930.9,397.0,743.9,498.5,12.37,High,7
AGRI-13179,2022,6,Perambalur,Black Cotton Soil,Paddy (Rice),Navarai (Dec-Mar),40.82,23.5,51.7,3.7,1586.8,9595.1,4277.4,3281.1,135.05,Normal,7
AGRI-13180,2021,12,Karur,Red Sandy & Black Clay,Maize,Rabi (Oct-Jan),40.72,25.5,67.2,96.4,767.9,12317.6,5965.1,2909.7,93.34,Normal,3
AGRI-13181,2026,9,Tiruvarur,Deltaic Alluvium,Sugarcane,Late (Apr-May),27.02,34.6,57.9,199.7,9466.1,14611.1,4696.4,5267.8,114.58,High,4
AGRI-13182,2023,10,Tiruvarur,Deltaic Alluvium,Maize,Kharif (Jun-Sep),53.64,25.5,78.6,241.6,989.7,16489.7,7858.8,3794.3,192.91,High,3
AGRI-13183,2026,6,Perambalur,Black Cotton Soil,Cotton,Summer Irrigated (Feb-Jul),77.1,30.9,80.1,0.8,241.6,12770.8,6876.4,4643.3,280.49,Normal,7
AGRI-13184,2024,10,Tiruchirappalli,Alluvial Clay & Red Loam,Paddy (Rice),Kuruvai (Jun-Sep),46.07,17.9,52.0,157.0,1885.2,11378.2,5612.7,3903.2,127.47,High,4
AGRI-13185,2021,10,Pudukkottai,Red Laterite & Gravelly,Sugarcane,Early (Dec-Jan),31.25,29.3,64.1,161.1,11115.9,15398.5,5596.8,5771.7,130.08,High,7
AGRI-13186,2021,2,Tiruchirappalli,Alluvial Clay & Red Loam,Groundnut,Adipattam (Jul-Aug),84.27,29.7,61.0,0.0,10204.9,3968.3,7447.4,6493.8,146.6,Normal,5
AGRI-13187,2026,3,Pudukkottai,Red Laterite & Gravelly,Paddy (Rice),Navarai (Dec-Mar),40.2,28.2,70.2,55.9,1552.3,9192.4,4522.1,3508.4,110.25,Normal,7
AGRI-13188,2023,4,Tiruchirappalli,Alluvial Clay & Red Loam,Maize,Kharif (Jun-Sep),77.58,28.2,89.5,45.2,1345.5,19954.4,10401.4,5371.6,170.05,Low,7
AGRI-13189,2022,4,Thanjavur,Cauvery Delta Alluvium,Groundnut,Thai Pattam (Dec-Jan),75.41,28.8,62.7,0.0,9264.6,3431.0,6864.5,5947.0,126.24,Low,6
AGRI-13190,2025,1,Madurai,Clayey Red Loam,Groundnut,Adipattam (Jul-Aug),20.02,22.3,69.3,81.0,2410.8,993.2,2107.6,1548.7,33.12,Low,7
AGRI-13191,2023,3,Pudukkottai,Red Laterite & Gravelly,Sugarcane,Late (Apr-May),94.06,33.3,52.3,70.9,33772.9,44349.9,13690.1,19968.1,360.06,Normal,2
AGRI-13192,2022,11,Thanjavur,Cauvery Delta Alluvium,Cotton,Winter Irrigated (Aug-Feb),86.46,32.8,78.8,179.0,249.2,15425.1,8620.5,5343.3,489.02,High,2
AGRI-13193,2023,9,Tiruchirappalli,Alluvial Clay & Red Loam,Pulses (Blackgram/Greengram),Rainfed (Oct-Nov),37.2,31.9,89.4,128.4,718.7,1031.4,2215.8,980.8,68.85,High,4
AGRI-13194,2024,8,Madurai,Clayey Red Loam,Pulses (Blackgram/Greengram),Rainfed (Oct-Nov),31.62,31.1,79.5,0.0,613.3,839.8,1513.0,837.4,43.95,Normal,3
AGRI-13195,2026,10,Nagapattinam,Coastal Alluvium & Saline,Sugarcane,Early (Dec-Jan),44.88,35.7,69.9,259.6,15241.1,22553.8,7531.6,9115.1,180.24,High,2
AGRI-13196,2025,5,Tiruchirappalli,Alluvial Clay & Red Loam,Cotton,Summer Irrigated (Feb-Jul),13.95,29.4,61.4,11.9,42.0,2186.1,1207.4,968.7,50.16,Low,3
AGRI-13197,2023,1,Tiruchirappalli,Alluvial Clay & Red Loam,Pulses (Blackgram/Greengram),Rice Fallow (Jan-Feb),86.75,28.9,74.3,8.6,1672.6,2066.3,4153.4,2068.3,120.92,Normal,2
AGRI-13198,2022,11,Pudukkottai,Red Laterite & Gravelly,Pulses (Blackgram/Greengram),Rice Fallow (Jan-Feb),94.81,27.4,56.9,141.4,1844.2,2722.0,5599.6,2299.7,112.47,High,4
AGRI-13199,2026,11,Thanjavur,Cauvery Delta Alluvium,Groundnut,Adipattam (Jul-Aug),94.62,29.3,72.8,172.2,11481.6,5217.9,9342.3,7534.3,161.5,High,5
AGRI-13200,2025,8,Nagapattinam,Coastal Alluvium & Saline,Pulses (Blackgram/Greengram),Rainfed (Oct-Nov),77.9,30.6,66.5,68.4,1634.2,1930.4,4027.2,1893.5,96.34,Normal,3
AGRI-13201,2025,6,Thanjavur,Cauvery Delta Alluvium,Paddy (Rice),Navarai (Dec-Mar),22.11,27.3,66.1,30.4,903.5,4971.2,2494.0,1788.5,60.25,Low,3
AGRI-13202,2021,5,Tiruvarur,Deltaic Alluvium,Pulses (Blackgram/Greengram),Rice Fallow (Jan-Feb),18.09,23.3,63.6,32.6,360.4,467.3,891.6,481.5,20.98,Normal,6
AGRI-13203,2025,9,Pudukkottai,Red Laterite & Gravelly,Cotton,Summer Irrigated (Feb-Jul),81.66,29.3,60.1,173.6,246.8,16137.5,8518.2,5113.0,325.13,High,6
AGRI-13204,2024,1,Karur,Red Sandy & Black Clay,Cotton,Winter Irrigated (Aug-Feb),16.01,27.2,51.5,46.9,46.3,2643.4,1388.0,1109.7,62.21,Normal,6
AGRI-13205,2024,8,Tiruvarur,Deltaic Alluvium,Paddy (Rice),Samba/Thaladi (Aug-Jan),20.44,29.9,86.9,36.7,851.6,4484.8,2213.7,1745.5,62.46,High,4
AGRI-13206,2021,12,Nagapattinam,Coastal Alluvium & Saline,Groundnut,Adipattam (Jul-Aug),74.49,29.6,59.4,176.9,9056.0,3791.7,7908.0,5566.6,121.21,High,7
AGRI-13207,2024,3,Tiruchirappalli,Alluvial Clay & Red Loam,Cotton,Winter Irrigated (Aug-Feb),47.48,27.9,78.2,28.8,145.0,7651.0,4209.3,2906.8,175.38,Low,5
AGRI-13208,2026,2,Thanjavur,Cauvery Delta Alluvium,Paddy (Rice),Navarai (Dec-Mar),38.47,29.7,70.8,26.0,1571.2,8945.0,4227.4,3015.6,118.61,Normal,7
AGRI-13209,2026,7,Thanjavur,Cauvery Delta Alluvium,Pulses (Blackgram/Greengram),Rainfed (Oct-Nov),3.46,24.3,52.4,43.4,69.1,89.6,175.4,90.9,4.84,Normal,4
AGRI-13210,2023,6,Perambalur,Black Cotton Soil,Paddy (Rice),Samba/Thaladi (Aug-Jan),78.74,21.8,60.6,37.1,3121.5,16872.7,9003.8,7128.3,252.88,High,7
AGRI-13211,2022,3,Nagapattinam,Coastal Alluvium & Saline,Maize,Kharif (Jun-Sep),5.72,21.9,67.1,85.0,107.0,1751.1,868.8,394.8,12.34,Normal,2
AGRI-13212,2025,8,Karur,Red Sandy & Black Clay,Maize,Kharif (Jun-Sep),84.16,20.3,59.6,39.6,1507.4,21265.6,10646.7,6095.7,188.1,Normal,5
AGRI-13213,2025,9,Tiruvarur,Deltaic Alluvium,Cotton,Winter Irrigated (Aug-Feb),70.39,23.0,76.6,243.0,210.9,13262.8,7143.4,4702.5,426.98,High,5
AGRI-13214,2024,3,Nagapattinam,Coastal Alluvium & Saline,Sugarcane,Early (Dec-Jan),26.15,29.6,53.6,50.4,8790.8,11638.2,3929.2,5349.1,115.81,Normal,5
AGRI-13215,2024,5,Pudukkottai,Red Laterite & Gravelly,Maize,Kharif (Jun-Sep),87.86,22.5,79.5,56.1,1542.1,20702.5,11828.4,6486.9,191.98,Normal,3
AGRI-13216,2022,6,Nagapattinam,Coastal Alluvium & Saline,Pulses (Blackgram/Greengram),Rice Fallow (Jan-Feb),54.34,24.0,66.5,35.0,1089.8,1273.1,2780.2,1261.7,64.6,Normal,2
AGRI-13217,2023,7,Tiruvarur,Deltaic Alluvium,Pulses (Blackgram/Greengram),Rainfed (Oct-Nov),16.84,23.7,60.8,74.2,332.6,448.4,875.1,448.7,19.37,Low,4
AGRI-13218,2025,12,Nagapattinam,Coastal Alluvium & Saline,Paddy (Rice),Kuruvai (Jun-Sep),46.96,28.3,70.1,227.1,1935.5,11927.7,6075.8,4217.7,131.43,High,7
AGRI-13219,2024,9,Tiruvarur,Deltaic Alluvium,Cotton,Winter Irrigated (Aug-Feb),31.35,31.4,72.6,210.2,98.1,6043.8,3125.8,2099.7,111.74,High,2
AGRI-13220,2024,10,Tiruvarur,Deltaic Alluvium,Cotton,Summer Irrigated (Feb-Jul),54.97,36.0,84.9,211.3,168.6,9462.9,5807.1,3352.5,362.77,High,4
AGRI-13221,2021,5,Perambalur,Black Cotton Soil,Paddy (Rice),Navarai (Dec-Mar),86.95,28.7,91.3,80.7,3422.2,20695.1,10865.5,6976.6,411.34,Normal,5
AGRI-13222,2026,12,Perambalur,Black Cotton Soil,Groundnut,Chithirai Pattam (Apr-May),75.09,29.4,63.3,141.9,9119.6,3629.2,7759.0,5536.9,135.98,High,5
AGRI-13223,2024,10,Madurai,Clayey Red Loam,Paddy (Rice),Kuruvai (Jun-Sep),37.22,32.4,58.1,135.5,1519.5,8859.4,4855.4,3166.9,107.72,High,5
AGRI-13224,2023,4,Tiruvarur,Deltaic Alluvium,Sugarcane,Mid (Feb-Mar),36.3,36.2,72.9,62.3,13006.2,16059.0,5501.1,7075.5,148.69,Normal,2
AGRI-13225,2023,2,Tiruchirappalli,Alluvial Clay & Red Loam,Paddy (Rice),Samba/Thaladi (Aug-Jan),71.56,31.6,50.5,43.0,2829.2,15010.5,7683.5,6124.4,236.5,High,6
AGRI-13226,2022,3,Thanjavur,Cauvery Delta Alluvium,Cotton,Winter Irrigated (Aug-Feb),90.09,26.0,81.5,34.5,260.5,15174.1,8196.7,6213.4,323.93,Normal,2
AGRI-13227,2026,10,Perambalur,Black Cotton Soil,Cotton,Summer Irrigated (Feb-Jul),63.72,36.9,89.3,174.5,186.7,11579.0,6322.5,4295.7,375.29,High,6
AGRI-13228,2024,11,Nagapattinam,Coastal Alluvium & Saline,Sugarcane,Mid (Feb-Mar),80.98,29.2,61.9,256.8,27803.1,43015.4,13871.6,17190.9,351.18,High,4
AGRI-13229,2026,2,Pudukkottai,Red Laterite & Gravelly,Maize,Rabi (Oct-Jan),12.58,25.4,73.6,10.3,217.5,3387.2,1603.9,876.2,26.64,Normal,5
AGRI-13230,2021,8,Perambalur,Black Cotton Soil,Paddy (Rice),Navarai (Dec-Mar),88.77,27.2,86.0,63.2,3414.2,19018.8,9805.0,6974.1,264.2,Low,5
AGRI-13231,2021,2,Tiruvarur,Deltaic Alluvium,Maize,Kharif (Jun-Sep),78.7,31.2,83.2,63.5,1407.5,20606.5,9875.5,5851.0,182.7,Normal,7
AGRI-13232,2026,9,Pudukkottai,Red Laterite & Gravelly,Groundnut,Thai Pattam (Dec-Jan),52.04,24.9,73.6,140.6,6307.1,2627.2,5368.0,3927.7,99.06,High,7
AGRI-13233,2021,6,Madurai,Clayey Red Loam,Sugarcane,Late (Apr-May),61.08,35.1,75.0,40.5,20677.6,29395.4,8780.7,12427.8,240.78,Normal,7
AGRI-13234,2022,10,Tiruvarur,Deltaic Alluvium,Maize,Rabi (Oct-Jan),85.29,25.3,76.0,234.7,1608.1,25828.5,12688.2,6387.2,302.12,High,5
AGRI-13235,2023,8,Pudukkottai,Red Laterite & Gravelly,Groundnut,Adipattam (Jul-Aug),12.62,30.9,89.3,33.0,1519.9,565.0,1190.9,952.3,22.32,Low,5
AGRI-13236,2024,6,Pudukkottai,Red Laterite & Gravelly,Paddy (Rice),Kuruvai (Jun-Sep),41.27,19.5,84.5,1.2,1716.5,9551.7,4706.0,3455.3,121.72,High,5
AGRI-13237,2025,12,Madurai,Clayey Red Loam,Sugarcane,Mid (Feb-Mar),79.67,34.3,88.7,167.6,27206.6,39539.6,13855.2,16919.6,573.25,High,2
AGRI-13238,2025,12,Tiruchirappalli,Alluvial Clay & Red Loam,Maize,Rabi (Oct-Jan),59.4,23.2,91.6,170.0,1071.5,18359.1,8501.0,4512.0,222.19,High,3
AGRI-13239,2023,2,Karur,Red Sandy & Black Clay,Pulses (Blackgram/Greengram),Rainfed (Oct-Nov),83.76,26.8,70.5,22.9,1667.5,2234.4,4208.4,2210.6,97.29,Normal,4
AGRI-13240,2025,6,Pudukkottai,Red Laterite & Gravelly,Maize,Rabi (Oct-Jan),59.72,22.3,83.4,66.2,1078.2,14896.7,7873.6,4320.2,118.0,Normal,2
AGRI-13241,2022,1,Tiruchirappalli,Alluvial Clay & Red Loam,Sugarcane,Mid (Feb-Mar),68.86,29.5,52.8,40.5,24708.3,30759.7,10839.6,13996.5,265.16,Low,7
AGRI-13242,2022,2,Thanjavur,Cauvery Delta Alluvium,Maize,Rabi (Oct-Jan),9.95,26.6,59.9,13.8,180.1,2679.0,1280.2,727.4,21.86,Low,2
AGRI-13243,2023,9,Thanjavur,Cauvery Delta Alluvium,Maize,Rabi (Oct-Jan),78.01,23.9,83.5,182.8,1469.3,24085.5,12082.3,5416.5,258.74,High,2
AGRI-13244,2022,1,Tiruchirappalli,Alluvial Clay & Red Loam,Sugarcane,Early (Dec-Jan),68.09,25.5,88.9,76.1,23436.4,31026.5,10614.8,13610.5,420.91,Normal,4
AGRI-13245,2023,12,Tiruchirappalli,Alluvial Clay & Red Loam,Pulses (Blackgram/Greengram),Rice Fallow (Jan-Feb),43.56,30.8,88.9,137.1,845.2,1347.1,2585.5,1063.4,95.84,High,2
AGRI-13246,2022,3,Perambalur,Black Cotton Soil,Sugarcane,Early (Dec-Jan),93.88,34.8,53.4,56.1,31846.4,41441.3,14511.6,19263.4,444.55,Normal,5
AGRI-13247,2026,1,Perambalur,Black Cotton Soil,Pulses (Blackgram/Greengram),Rainfed (Oct-Nov),83.22,26.9,54.8,18.2,1629.9,2146.9,4203.7,1998.5,110.12,Normal,2
AGRI-13248,2021,10,Madurai,Clayey Red Loam,Sugarcane,Late (Apr-May),89.63,32.9,82.4,135.1,30336.5,46962.3,16044.5,17435.9,599.22,High,3
AGRI-13249,2022,9,Tiruvarur,Deltaic Alluvium,Cotton,Winter Irrigated (Aug-Feb),38.54,29.0,60.4,232.4,111.6,7594.1,4015.6,2607.2,151.52,High,6
AGRI-13250,2023,10,Tiruvarur,Deltaic Alluvium,Sugarcane,Early (Dec-Jan),18.98,35.0,86.0,180.4,6428.5,9643.8,3316.5,3887.2,119.09,High,6
AGRI-13251,2025,7,Madurai,Clayey Red Loam,Maize,Rabi (Oct-Jan),8.59,24.6,62.4,10.0,152.3,2118.8,1067.6,626.0,18.48,Low,2
AGRI-13252,2021,8,Tiruchirappalli,Alluvial Clay & Red Loam,Groundnut,Adipattam (Jul-Aug),89.43,25.5,90.4,57.3,10929.0,4335.8,7771.0,6230.5,166.63,Normal,4
AGRI-13253,2024,6,Tiruchirappalli,Alluvial Clay & Red Loam,Pulses (Blackgram/Greengram),Rice Fallow (Jan-Feb),55.11,27.1,70.1,40.1,1145.9,1455.3,2822.4,1300.0,63.27,Low,4
AGRI-13254,2021,12,Perambalur,Black Cotton Soil,Pulses (Blackgram/Greengram),Rice Fallow (Jan-Feb),42.97,35.1,59.6,173.2,832.2,1317.8,2464.6,1120.0,49.95,High,3
AGRI-13255,2022,7,Karur,Red Sandy & Black Clay,Paddy (Rice),Kuruvai (Jun-Sep),17.49,29.8,50.8,68.7,686.6,4044.6,2000.5,1555.8,55.78,High,3
AGRI-13256,2026,9,Thanjavur,Cauvery Delta Alluvium,Pulses (Blackgram/Greengram),Rice Fallow (Jan-Feb),57.45,24.9,59.7,150.8,1161.8,1664.8,3407.9,1435.3,80.91,High,2
AGRI-13257,2023,3,Nagapattinam,Coastal Alluvium & Saline,Pulses (Blackgram/Greengram),Rice Fallow (Jan-Feb),81.44,28.1,71.2,118.4,1654.0,2276.4,4784.9,2140.7,110.29,High,6
AGRI-13258,2022,6,Madurai,Clayey Red Loam,Groundnut,Adipattam (Jul-Aug),25.24,29.9,89.8,37.2,3099.9,1170.9,2234.1,1939.9,46.12,Normal,4
AGRI-13259,2022,4,Karur,Red Sandy & Black Clay,Sugarcane,Late (Apr-May),26.57,27.6,73.4,32.9,9204.8,11233.5,3995.7,5372.2,117.37,Normal,2
AGRI-13260,2026,8,Thanjavur,Cauvery Delta Alluvium,Paddy (Rice),Navarai (Dec-Mar),27.79,26.9,75.3,73.3,1142.1,6083.3,3110.2,2313.8,118.5,Normal,7
AGRI-13261,2024,8,Tiruvarur,Deltaic Alluvium,Cotton,Summer Irrigated (Feb-Jul),92.53,33.4,81.3,84.7,275.7,16164.1,9549.6,5605.2,610.24,Normal,2
AGRI-13262,2021,10,Thanjavur,Cauvery Delta Alluvium,Maize,Kharif (Jun-Sep),50.62,31.3,82.8,150.3,955.6,13731.0,7612.9,3543.4,190.17,High,7
AGRI-13263,2024,5,Pudukkottai,Red Laterite & Gravelly,Pulses (Blackgram/Greengram),Rice Fallow (Jan-Feb),59.47,24.3,61.7,0.0,1172.7,1511.1,2878.6,1535.0,74.59,Normal,5
AGRI-13264,2026,5,Tiruchirappalli,Alluvial Clay & Red Loam,Paddy (Rice),Samba/Thaladi (Aug-Jan),74.81,25.1,66.1,91.3,2952.5,20436.7,9853.7,6505.9,201.5,High,6
AGRI-13265,2023,9,Madurai,Clayey Red Loam,Cotton,Winter Irrigated (Aug-Feb),62.99,30.4,61.5,116.5,197.2,12036.2,6845.1,4329.2,268.55,High,2
AGRI-13266,2021,12,Nagapattinam,Coastal Alluvium & Saline,Sugarcane,Early (Dec-Jan),88.8,34.3,61.3,226.4,30998.5,44249.5,15097.4,17453.9,380.87,High,6
AGRI-13267,2024,8,Nagapattinam,Coastal Alluvium & Saline,Pulses (Blackgram/Greengram),Rainfed (Oct-Nov),76.19,30.3,88.8,67.2,1500.3,1904.4,3661.4,1859.8,100.78,Normal,4
AGRI-13268,2026,4,Karur,Red Sandy & Black Clay,Cotton,Summer Irrigated (Feb-Jul),75.55,32.6,61.0,23.8,225.8,12585.7,6931.2,5203.1,279.55,Normal,5
AGRI-13269,2022,3,Karur,Red Sandy & Black Clay,Sugarcane,Mid (Feb-Mar),50.16,31.2,86.5,0.0,17708.4,21584.0,7637.5,10083.7,225.95,Normal,7
AGRI-13270,2021,6,Tiruvarur,Deltaic Alluvium,Paddy (Rice),Navarai (Dec-Mar),91.88,29.2,87.2,39.4,3670.0,19171.9,10343.0,7274.3,295.41,Low,2
AGRI-13271,2024,11,Thanjavur,Cauvery Delta Alluvium,Sugarcane,Late (Apr-May),27.54,27.5,64.0,180.4,9566.8,15202.8,4756.4,5323.8,112.97,High,5
AGRI-13272,2021,4,Madurai,Clayey Red Loam,Sugarcane,Mid (Feb-Mar),77.19,32.2,74.7,27.8,27215.7,34151.7,11992.2,16313.3,354.54,Normal,3
AGRI-13273,2022,4,Perambalur,Black Cotton Soil,Pulses (Blackgram/Greengram),Rice Fallow (Jan-Feb),33.54,21.4,77.6,61.3,676.2,788.5,1597.7,859.5,39.19,Normal,3
AGRI-13274,2023,11,Thanjavur,Cauvery Delta Alluvium,Groundnut,Chithirai Pattam (Apr-May),50.69,30.3,52.2,164.0,6639.9,2524.9,5294.0,3759.2,91.6,High,7
AGRI-13275,2026,5,Madurai,Clayey Red Loam,Maize,Rabi (Oct-Jan),20.77,29.8,86.1,22.4,379.4,5030.5,2791.8,1658.9,47.95,Normal,3
AGRI-13276,2022,12,Nagapattinam,Coastal Alluvium & Saline,Paddy (Rice),Kuruvai (Jun-Sep),3.14,27.6,67.0,267.1,131.9,759.9,387.2,271.4,8.5,High,2
AGRI-13277,2025,5,Tiruvarur,Deltaic Alluvium,Pulses (Blackgram/Greengram),Rice Fallow (Jan-Feb),3.6,28.6,70.5,68.1,72.3,92.6,172.8,88.0,4.55,Low,5
AGRI-13278,2024,1,Nagapattinam,Coastal Alluvium & Saline,Maize,Kharif (Jun-Sep),60.93,29.1,77.7,76.5,1076.2,16361.0,8206.1,4445.1,196.96,Normal,7
AGRI-13279,2025,12,Tiruvarur,Deltaic Alluvium,Sugarcane,Late (Apr-May),30.3,34.7,51.5,217.7,11046.4,16408.1,4966.2,6438.5,141.9,High,7
AGRI-13280,2025,4,Tiruvarur,Deltaic Alluvium,Maize,Kharif (Jun-Sep),37.05,22.6,62.5,33.0,656.5,8992.2,4989.2,2934.1,83.75,Normal,6
AGRI-13281,2024,2,Madurai,Clayey Red Loam,Cotton,Summer Irrigated (Feb-Jul),17.34,28.7,53.4,51.8,52.8,2947.4,1486.5,1052.1,60.07,Normal,5
AGRI-13282,2021,3,Karur,Red Sandy & Black Clay,Sugarcane,Early (Dec-Jan),71.45,30.9,51.8,21.0,24429.0,32399.1,10328.9,15215.2,339.89,Low,7
AGRI-13283,2026,9,Pudukkottai,Red Laterite & Gravelly,Maize,Rabi (Oct-Jan),46.4,23.2,60.1,147.4,855.7,13320.6,6808.7,3253.6,93.34,High,7
AGRI-13284,2024,5,Thanjavur,Cauvery Delta Alluvium,Groundnut,Adipattam (Jul-Aug),55.95,29.5,65.1,35.7,6869.4,2461.7,5103.7,4249.8,92.73,Normal,4
AGRI-13285,2024,1,Thanjavur,Cauvery Delta Alluvium,Cotton,Winter Irrigated (Aug-Feb),29.23,30.3,62.1,10.7,89.9,4648.4,2568.4,1781.8,123.8,Low,4
AGRI-13286,2025,11,Tiruvarur,Deltaic Alluvium,Cotton,Winter Irrigated (Aug-Feb),37.81,21.6,63.9,208.9,109.9,7468.1,4092.2,2456.1,130.19,High,5
AGRI-13287,2025,5,Nagapattinam,Coastal Alluvium & Saline,Groundnut,Adipattam (Jul-Aug),33.24,26.5,87.7,75.4,4330.7,1478.4,2913.5,2310.7,97.88,Normal,4
AGRI-13288,2025,9,Perambalur,Black Cotton Soil,Pulses (Blackgram/Greengram),Rice Fallow (Jan-Feb),35.25,32.8,88.2,159.2,740.2,970.2,1999.0,845.4,71.94,High,2
AGRI-13289,2025,6,Thanjavur,Cauvery Delta Alluvium,Cotton,Winter Irrigated (Aug-Feb),4.4,31.4,60.3,49.7,12.9,665.6,377.3,278.0,17.93,Normal,6
AGRI-13290,2024,6,Karur,Red Sandy & Black Clay,Maize,Kharif (Jun-Sep),19.85,24.2,50.9,7.7,372.3,4762.0,2607.2,1462.4,46.0,Low,4
AGRI-13291,2022,12,Pudukkottai,Red Laterite & Gravelly,Maize,Rabi (Oct-Jan),55.69,24.8,62.4,145.9,982.4,15083.7,8731.5,4462.2,112.02,High,7
AGRI-13292,2026,1,Tiruvarur,Deltaic Alluvium,Pulses (Blackgram/Greengram),Rice Fallow (Jan-Feb),53.87,22.0,69.8,21.4,1082.7,1445.8,2720.8,1405.0,63.24,Low,6
AGRI-13293,2021,12,Perambalur,Black Cotton Soil,Groundnut,Adipattam (Jul-Aug),88.07,29.1,89.1,154.7,11106.3,4392.5,9144.8,6734.5,239.66,High,4
AGRI-13294,2021,6,Tiruchirappalli,Alluvial Clay & Red Loam,Paddy (Rice),Samba/Thaladi (Aug-Jan),30.7,26.0,75.3,11.2,1235.8,6566.8,3408.3,2720.1,99.43,High,3
AGRI-13295,2021,6,Pudukkottai,Red Laterite & Gravelly,Pulses (Blackgram/Greengram),Rice Fallow (Jan-Feb),73.78,29.6,61.8,13.4,1421.3,1765.9,3587.4,1741.9,86.97,Low,7
AGRI-13296,2021,2,Tiruvarur,Deltaic Alluvium,Maize,Rabi (Oct-Jan),47.94,27.1,65.3,47.9,877.0,11311.4,6359.4,3792.6,110.7,Normal,5
AGRI-13297,2024,3,Karur,Red Sandy & Black Clay,Sugarcane,Mid (Feb-Mar),29.87,28.8,82.0,45.1,10051.3,12581.8,4539.5,5656.2,138.47,Low,4
AGRI-13298,2026,10,Thanjavur,Cauvery Delta Alluvium,Sugarcane,Mid (Feb-Mar),46.58,41.9,61.2,161.5,16743.4,22744.0,8025.7,9387.0,181.22,High,4
AGRI-13299,2023,7,Nagapattinam,Coastal Alluvium & Saline,Maize,Kharif (Jun-Sep),34.33,24.9,58.3,0.0,623.6,8764.3,4515.4,2378.5,78.99,Normal,2
AGRI-13300,2021,2,Tiruvarur,Deltaic Alluvium,Cotton,Winter Irrigated (Aug-Feb),76.83,29.5,51.2,9.8,229.0,12831.6,6945.2,4816.0,271.68,Low,3
AGRI-13301,2022,2,Karur,Red Sandy & Black Clay,Groundnut,Adipattam (Jul-Aug),47.28,28.6,91.9,38.0,6068.1,2070.3,4408.4,3558.6,82.3,Normal,7
AGRI-13302,2021,7,Nagapattinam,Coastal Alluvium & Saline,Maize,Rabi (Oct-Jan),8.98,31.7,71.2,91.7,164.5,2646.1,1326.9,643.4,19.4,Normal,3
AGRI-13303,2023,11,Karur,Red Sandy & Black Clay,Paddy (Rice),Samba/Thaladi (Aug-Jan),87.17,25.7,60.0,133.3,3361.8,23561.4,11001.2,7063.2,285.95,High,3
AGRI-13304,2025,6,Karur,Red Sandy & Black Clay,Sugarcane,Late (Apr-May),71.82,32.0,68.7,42.3,26189.3,34633.1,10654.4,13666.4,318.96,Normal,5
AGRI-13305,2023,10,Madurai,Clayey Red Loam,Cotton,Summer Irrigated (Feb-Jul),13.71,34.3,85.2,159.9,42.8,2567.4,1481.1,891.0,77.96,High,5
AGRI-13306,2025,11,Perambalur,Black Cotton Soil,Maize,Kharif (Jun-Sep),53.62,24.7,89.4,135.0,977.4,15979.1,7753.8,4134.2,185.78,High,4
AGRI-13307,2022,2,Pudukkottai,Red Laterite & Gravelly,Maize,Kharif (Jun-Sep),45.94,27.3,84.4,79.9,814.5,10773.8,5960.8,3199.1,142.92,Normal,2
AGRI-13308,2023,8,Tiruvarur,Deltaic Alluvium,Sugarcane,Mid (Feb-Mar),90.37,35.9,91.7,72.0,32190.0,37850.7,13428.7,18520.1,584.19,Normal,6
AGRI-13309,2025,2,Perambalur,Black Cotton Soil,Cotton,Summer Irrigated (Feb-Jul),91.15,28.2,67.7,61.2,279.1,13766.5,8153.1,6146.8,343.46,Normal,3
AGRI-13310,2021,8,Nagapattinam,Coastal Alluvium & Saline,Maize,Kharif (Jun-Sep),82.81,24.7,85.3,86.7,1521.5,24310.2,12980.4,6357.6,269.0,Normal,3
AGRI-13311,2021,7,Perambalur,Black Cotton Soil,Pulses (Blackgram/Greengram),Rainfed (Oct-Nov),28.59,20.7,73.0,11.8,593.0,667.7,1404.5,681.7,38.71,Low,2
AGRI-13312,2024,10,Karur,Red Sandy & Black Clay,Sugarcane,Early (Dec-Jan),39.3,25.9,51.6,129.5,13875.7,20718.8,6663.4,7910.5,153.25,High,2
AGRI-13313,2021,11,Thanjavur,Cauvery Delta Alluvium,Groundnut,Adipattam (Jul-Aug),87.9,28.1,64.0,201.2,10596.6,4622.9,9461.0,6490.7,161.18,High,6
AGRI-13314,2024,9,Pudukkottai,Red Laterite & Gravelly,Paddy (Rice),Navarai (Dec-Mar),18.96,24.0,89.1,133.9,753.0,4901.4,2472.4,1498.6,97.6,High,4
AGRI-13315,2021,7,Thanjavur,Cauvery Delta Alluvium,Pulses (Blackgram/Greengram),Rainfed (Oct-Nov),50.06,28.8,54.4,49.5,995.4,1311.0,2590.0,1336.1,64.96,Normal,3
AGRI-13316,2021,12,Tiruchirappalli,Alluvial Clay & Red Loam,Groundnut,Adipattam (Jul-Aug),25.85,28.5,54.2,193.7,3186.5,1272.3,2566.8,2011.0,41.49,High,7
AGRI-13317,2024,9,Karur,Red Sandy & Black Clay,Sugarcane,Late (Apr-May),20.66,34.8,74.7,111.8,7084.8,11382.0,3611.7,4309.1,87.99,High,2
AGRI-13318,2023,2,Thanjavur,Cauvery Delta Alluvium,Maize,Rabi (Oct-Jan),60.37,24.3,76.5,22.9,1117.5,15866.5,7876.4,4625.3,120.79,Low,3
AGRI-13319,2024,1,Thanjavur,Cauvery Delta Alluvium,Cotton,Summer Irrigated (Feb-Jul),27.93,33.5,86.8,64.6,87.3,4800.4,2425.9,1882.8,109.49,Normal,7
AGRI-13320,2022,2,Nagapattinam,Coastal Alluvium & Saline,Maize,Rabi (Oct-Jan),81.8,30.0,65.1,42.4,1471.7,19435.1,11135.0,6042.2,174.15,Low,4
AGRI-13321,2022,1,Tiruchirappalli,Alluvial Clay & Red Loam,Cotton,Summer Irrigated (Feb-Jul),24.75,28.6,82.6,15.1,75.9,3718.9,2229.0,1649.8,89.45,Normal,7
AGRI-13322,2025,2,Tiruvarur,Deltaic Alluvium,Groundnut,Adipattam (Jul-Aug),81.62,28.8,55.7,97.6,10630.1,4521.8,8387.7,6501.7,154.22,Low,5
AGRI-13323,2024,3,Tiruchirappalli,Alluvial Clay & Red Loam,Paddy (Rice),Samba/Thaladi (Aug-Jan),2.64,30.5,72.6,48.2,109.6,582.7,298.2,238.1,7.83,High,2
AGRI-13324,2026,5,Thanjavur,Cauvery Delta Alluvium,Cotton,Winter Irrigated (Aug-Feb),65.97,24.7,84.1,102.7,201.9,11768.6,6825.8,4455.3,406.09,High,2
AGRI-13325,2022,5,Thanjavur,Cauvery Delta Alluvium,Groundnut,Chithirai Pattam (Apr-May),19.9,36.2,89.2,62.3,2393.6,948.9,1799.8,1580.1,35.19,Low,7
AGRI-13326,2025,2,Perambalur,Black Cotton Soil,Groundnut,Adipattam (Jul-Aug),57.53,28.9,78.6,64.3,7187.9,2620.0,4999.7,4092.5,105.04,Normal,5
AGRI-13327,2023,7,Tiruvarur,Deltaic Alluvium,Cotton,Winter Irrigated (Aug-Feb),28.28,26.6,91.8,104.3,83.7,5141.2,3019.2,1841.2,188.56,High,4
AGRI-13328,2021,3,Tiruchirappalli,Alluvial Clay & Red Loam,Maize,Rabi (Oct-Jan),27.46,32.3,56.6,60.3,518.6,7243.1,3428.8,2108.1,53.19,Normal,5
AGRI-13329,2024,10,Thanjavur,Cauvery Delta Alluvium,Paddy (Rice),Navarai (Dec-Mar),62.56,30.2,57.6,165.1,2443.0,14763.8,7555.5,5047.7,199.59,High,2
AGRI-13330,2023,5,Tiruchirappalli,Alluvial Clay & Red Loam,Groundnut,Chithirai Pattam (Apr-May),22.33,31.0,91.7,8.1,2789.0,1014.6,1987.7,1578.0,38.95,Low,5
AGRI-13331,2022,5,Thanjavur,Cauvery Delta Alluvium,Pulses (Blackgram/Greengram),Rainfed (Oct-Nov),75.7,23.7,58.8,49.4,1520.3,1883.3,3613.8,1817.0,89.88,Normal,3
AGRI-13332,2024,2,Karur,Red Sandy & Black Clay,Cotton,Summer Irrigated (Feb-Jul),55.85,25.5,70.0,21.5,170.3,8651.3,5253.8,3393.9,193.43,Low,7
AGRI-13333,2026,7,Thanjavur,Cauvery Delta Alluvium,Sugarcane,Mid (Feb-Mar),78.47,35.4,50.4,7.6,26913.9,35825.6,11385.5,14708.1,354.93,Normal,7
AGRI-13334,2021,7,Tiruvarur,Deltaic Alluvium,Cotton,Summer Irrigated (Feb-Jul),64.24,26.3,55.6,78.2,192.7,10814.0,5548.8,4295.2,236.87,Normal,2
AGRI-13335,2021,5,Pudukkottai,Red Laterite & Gravelly,Sugarcane,Mid (Feb-Mar),23.04,24.1,79.5,55.5,8037.7,10255.9,3491.8,4294.3,98.91,Normal,2
AGRI-13336,2022,6,Tiruchirappalli,Alluvial Clay & Red Loam,Maize,Kharif (Jun-Sep),88.9,26.9,75.7,39.2,1603.5,23651.7,11511.4,6552.7,185.76,Normal,5
AGRI-13337,2023,10,Perambalur,Black Cotton Soil,Maize,Rabi (Oct-Jan),68.58,21.3,54.3,180.0,1218.6,18756.0,9853.5,5498.7,139.36,High,4
AGRI-13338,2026,5,Nagapattinam,Coastal Alluvium & Saline,Pulses (Blackgram/Greengram),Rice Fallow (Jan-Feb),69.24,24.5,55.0,62.6,1364.8,1743.2,3398.1,1753.7,95.7,Low,4
AGRI-13339,2022,7,Thanjavur,Cauvery Delta Alluvium,Groundnut,Thai Pattam (Dec-Jan),36.33,31.6,52.4,51.5,4730.2,1638.4,3221.8,2759.9,63.42,Normal,2
AGRI-13340,2023,2,Pudukkottai,Red Laterite & Gravelly,Maize,Kharif (Jun-Sep),4.07,22.8,90.7,45.1,76.5,978.6,519.8,322.2,8.49,Normal,3
AGRI-13341,2026,12,Karur,Red Sandy & Black Clay,Paddy (Rice),Kuruvai (Jun-Sep),58.7,30.3,74.6,133.8,2414.1,15674.7,7321.5,5271.7,170.88,High,6
AGRI-13342,2023,2,Pudukkottai,Red Laterite & Gravelly,Groundnut,Chithirai Pattam (Apr-May),58.7,28.4,64.2,63.4,7579.0,2503.4,5064.4,4476.8,106.65,Normal,3
AGRI-13343,2022,12,Tiruchirappalli,Alluvial Clay & Red Loam,Pulses (Blackgram/Greengram),Rice Fallow (Jan-Feb),35.35,28.4,86.8,91.0,723.8,963.6,2048.8,922.2,74.73,Normal,4
AGRI-13344,2021,2,Karur,Red Sandy & Black Clay,Groundnut,Chithirai Pattam (Apr-May),82.46,27.9,57.5,0.0,10338.8,3547.2,7328.6,6195.4,149.73,Normal,4
AGRI-13345,2023,11,Tiruchirappalli,Alluvial Clay & Red Loam,Sugarcane,Mid (Feb-Mar),56.52,30.9,53.7,156.8,19352.0,30983.0,10021.2,12044.8,263.62,High,3
AGRI-13346,2026,11,Karur,Red Sandy & Black Clay,Sugarcane,Mid (Feb-Mar),37.76,33.4,75.4,95.8,13015.6,20693.9,6197.3,7382.9,233.7,Normal,4
AGRI-13347,2021,6,Thanjavur,Cauvery Delta Alluvium,Pulses (Blackgram/Greengram),Rice Fallow (Jan-Feb),68.98,28.8,61.8,76.7,1401.3,1713.9,3297.8,1710.6,89.13,Low,3
AGRI-13348,2022,12,Nagapattinam,Coastal Alluvium & Saline,Cotton,Winter Irrigated (Aug-Feb),25.12,28.9,52.6,242.9,72.5,4300.8,2642.3,1596.8,97.79,High,4
AGRI-13349,2025,7,Pudukkottai,Red Laterite & Gravelly,Cotton,Winter Irrigated (Aug-Feb),54.17,32.0,58.3,43.3,169.5,8066.4,5027.4,3261.5,220.1,Normal,2
AGRI-13350,2026,11,Tiruvarur,Deltaic Alluvium,Groundnut,Adipattam (Jul-Aug),51.42,25.7,66.2,205.7,6698.4,2560.0,5376.2,3781.9,82.11,High,6
AGRI-13351,2025,10,Perambalur,Black Cotton Soil,Sugarcane,Early (Dec-Jan),44.95,33.2,62.1,180.9,16271.3,24224.0,8060.6,8577.4,182.84,High,5
AGRI-13352,2022,9,Tiruvarur,Deltaic Alluvium,Groundnut,Thai Pattam (Dec-Jan),84.54,25.5,67.5,254.2,10508.0,4261.6,8466.1,6458.8,138.25,High,5
AGRI-13353,2023,9,Madurai,Clayey Red Loam,Paddy (Rice),Samba/Thaladi (Aug-Jan),9.78,24.9,91.0,171.2,401.8,2646.2,1204.0,805.3,42.04,High,6
AGRI-13354,2022,10,Karur,Red Sandy & Black Clay,Sugarcane,Late (Apr-May),76.45,37.4,83.5,111.4,26036.3,39299.4,13244.1,14405.4,534.84,High,6
AGRI-13355,2024,12,Tiruvarur,Deltaic Alluvium,Groundnut,Adipattam (Jul-Aug),71.42,31.1,64.9,194.5,9146.2,3830.8,7033.4,5082.3,112.53,High,7
AGRI-13356,2023,10,Perambalur,Black Cotton Soil,Groundnut,Adipattam (Jul-Aug),19.43,30.5,63.0,161.5,2370.2,1031.8,1969.7,1552.9,31.8,High,3
AGRI-13357,2025,12,Madurai,Clayey Red Loam,Maize,Kharif (Jun-Sep),69.75,18.7,59.5,126.9,1258.5,20389.4,10030.7,5207.0,142.64,High,4
AGRI-13358,2023,8,Tiruchirappalli,Alluvial Clay & Red Loam,Pulses (Blackgram/Greengram),Rice Fallow (Jan-Feb),74.59,22.3,83.0,0.0,1479.5,1973.6,3592.8,1900.9,91.0,Low,4
AGRI-13359,2026,9,Tiruvarur,Deltaic Alluvium,Maize,Kharif (Jun-Sep),80.77,24.9,89.3,251.0,1444.5,22157.3,12239.3,6185.8,273.97,High,4
AGRI-13360,2024,12,Karur,Red Sandy & Black Clay,Maize,Rabi (Oct-Jan),71.29,26.3,71.2,142.1,1266.9,19191.0,10299.8,5611.5,161.79,High,7
AGRI-13361,2024,9,Tiruvarur,Deltaic Alluvium,Cotton,Winter Irrigated (Aug-Feb),19.63,31.6,89.0,204.4,57.8,3776.6,2055.5,1299.9,133.21,High,6
AGRI-13362,2026,7,Pudukkottai,Red Laterite & Gravelly,Paddy (Rice),Navarai (Dec-Mar),61.14,29.9,61.1,29.4,2450.3,12979.3,6903.9,5245.2,195.32,Low,6
AGRI-13363,2022,10,Pudukkottai,Red Laterite & Gravelly,Cotton,Winter Irrigated (Aug-Feb),16.92,28.3,57.6,177.4,50.0,3157.0,1719.6,1063.7,62.3,High,3
AGRI-13364,2026,9,Tiruchirappalli,Alluvial Clay & Red Loam,Cotton,Summer Irrigated (Feb-Jul),69.57,29.7,83.0,162.8,211.6,13166.1,7474.4,4542.3,422.02,High,3
AGRI-13365,2024,1,Pudukkottai,Red Laterite & Gravelly,Pulses (Blackgram/Greengram),Rice Fallow (Jan-Feb),80.55,27.5,58.7,4.8,1661.8,1929.9,4065.9,1965.7,111.19,Normal,5
AGRI-13366,2026,7,Tiruvarur,Deltaic Alluvium,Paddy (Rice),Samba/Thaladi (Aug-Jan),61.27,30.8,73.4,47.0,2532.9,12638.8,6836.0,4957.4,179.82,High,6
AGRI-13367,2022,7,Perambalur,Black Cotton Soil,Pulses (Blackgram/Greengram),Rice Fallow (Jan-Feb),60.45,27.7,69.2,68.1,1265.4,1481.1,3163.7,1405.5,79.99,Normal,5
AGRI-13368,2025,9,Pudukkottai,Red Laterite & Gravelly,Sugarcane,Early (Dec-Jan),61.58,31.2,56.6,133.6,20711.1,33832.0,10186.9,12739.5,285.38,High,6
AGRI-13369,2021,4,Tiruvarur,Deltaic Alluvium,Groundnut,Adipattam (Jul-Aug),37.0,28.7,61.3,82.1,4547.4,1785.1,4007.2,2561.4,63.21,Normal,5
AGRI-13370,2024,11,Karur,Red Sandy & Black Clay,Paddy (Rice),Navarai (Dec-Mar),94.5,30.6,59.6,103.5,3661.8,25268.0,11749.4,7792.8,304.64,High,4
AGRI-13371,2025,11,Tiruchirappalli,Alluvial Clay & Red Loam,Sugarcane,Mid (Feb-Mar),69.77,27.8,52.7,150.2,23944.6,35478.2,11567.4,14446.1,308.47,High,4
AGRI-13372,2022,4,Thanjavur,Cauvery Delta Alluvium,Cotton,Winter Irrigated (Aug-Feb),26.82,34.3,51.2,71.6,77.8,4468.3,2345.5,1828.2,109.64,Normal,5
AGRI-13373,2024,1,Tiruchirappalli,Alluvial Clay & Red Loam,Pulses (Blackgram/Greengram),Rice Fallow (Jan-Feb),42.09,23.4,51.2,2.8,821.6,1093.8,2003.9,1078.2,49.45,Low,4
AGRI-13374,2025,1,Karur,Red Sandy & Black Clay,Paddy (Rice),Samba/Thaladi (Aug-Jan),27.79,26.8,58.0,11.1,1078.1,6513.3,3013.6,2228.1,86.25,High,2
AGRI-13375,2021,5,Thanjavur,Cauvery Delta Alluvium,Sugarcane,Mid (Feb-Mar),83.76,34.2,67.4,49.4,30312.0,37145.0,12809.8,16235.9,370.19,Normal,5
AGRI-13376,2025,9,Nagapattinam,Coastal Alluvium & Saline,Pulses (Blackgram/Greengram),Rainfed (Oct-Nov),32.46,22.3,71.5,272.3,679.4,987.2,1937.0,822.0,41.72,High,7
AGRI-13377,2022,11,Perambalur,Black Cotton Soil,Cotton,Winter Irrigated (Aug-Feb),25.08,34.2,75.9,161.1,78.0,4639.3,2531.0,1659.0,139.2,High,3
AGRI-13378,2024,2,Nagapattinam,Coastal Alluvium & Saline,Paddy (Rice),Samba/Thaladi (Aug-Jan),83.76,33.0,84.6,69.4,3239.0,17348.1,8983.2,6986.4,258.04,High,2
AGRI-13379,2025,12,Tiruchirappalli,Alluvial Clay & Red Loam,Groundnut,Chithirai Pattam (Apr-May),58.05,22.1,59.2,149.9,6994.7,3000.7,6013.4,4425.6,94.83,High,4
AGRI-13380,2026,3,Karur,Red Sandy & Black Clay,Cotton,Winter Irrigated (Aug-Feb),34.79,29.8,84.8,51.6,107.6,5240.1,3250.4,2083.0,127.74,Low,7
AGRI-13381,2025,11,Tiruvarur,Deltaic Alluvium,Maize,Rabi (Oct-Jan),89.07,23.1,53.7,226.7,1665.8,23857.1,12650.4,6680.0,191.68,High,7
AGRI-13382,2023,12,Madurai,Clayey Red Loam,Pulses (Blackgram/Greengram),Rainfed (Oct-Nov),75.32,25.9,68.7,124.4,1490.3,2322.9,4456.1,2004.8,100.9,High,2
AGRI-13383,2023,5,Karur,Red Sandy & Black Clay,Groundnut,Chithirai Pattam (Apr-May),52.11,32.2,69.5,69.3,6828.3,2434.9,4566.5,4156.9,88.52,Normal,2
AGRI-13384,2026,4,Tiruchirappalli,Alluvial Clay & Red Loam,Sugarcane,Mid (Feb-Mar),74.89,36.3,88.3,22.5,26445.9,31919.3,11786.9,15278.7,330.27,Normal,6
AGRI-13385,2024,5,Tiruchirappalli,Alluvial Clay & Red Loam,Pulses (Blackgram/Greengram),Rice Fallow (Jan-Feb),87.86,25.3,55.6,57.0,1815.4,2351.2,4402.5,2341.3,103.38,Normal,6
AGRI-13386,2024,7,Thanjavur,Cauvery Delta Alluvium,Pulses (Blackgram/Greengram),Rice Fallow (Jan-Feb),81.61,32.3,88.7,83.2,1660.0,2422.7,4924.4,1890.8,153.97,Low,3
AGRI-13387,2025,12,Madurai,Clayey Red Loam,Maize,Rabi (Oct-Jan),94.81,26.8,85.3,194.4,1697.0,29027.7,14777.0,7379.0,300.38,High,7
AGRI-13388,2022,4,Madurai,Clayey Red Loam,Sugarcane,Mid (Feb-Mar),53.36,31.1,56.5,15.7,19560.7,25572.6,7952.7,10783.5,237.63,Low,5
AGRI-13389,2023,3,Tiruvarur,Deltaic Alluvium,Maize,Kharif (Jun-Sep),50.93,33.4,61.2,51.0,936.7,12396.2,6835.3,3875.4,112.4,Normal,7
AGRI-13390,2025,4,Pudukkottai,Red Laterite & Gravelly,Groundnut,Thai Pattam (Dec-Jan),93.52,36.6,57.9,13.2,11355.5,4215.8,8269.8,6674.1,176.58,Normal,6
AGRI-13391,2026,1,Perambalur,Black Cotton Soil,Cotton,Summer Irrigated (Feb-Jul),28.7,29.3,86.0,8.1,90.0,4471.1,2686.0,1829.5,104.01,Low,5
AGRI-13392,2024,1,Perambalur,Black Cotton Soil,Cotton,Winter Irrigated (Aug-Feb),7.42,27.0,50.7,31.5,21.6,1266.1,662.8,506.9,28.01,Low,4
AGRI-13393,2024,10,Tiruchirappalli,Alluvial Clay & Red Loam,Pulses (Blackgram/Greengram),Rainfed (Oct-Nov),88.05,33.5,78.0,114.1,1769.9,2546.7,4815.6,2292.6,171.28,High,2
AGRI-13394,2021,9,Madurai,Clayey Red Loam,Cotton,Winter Irrigated (Aug-Feb),89.49,29.4,56.4,178.9,281.7,16280.6,9211.3,5594.8,331.8,High,6
AGRI-13395,2026,6,Perambalur,Black Cotton Soil,Paddy (Rice),Kuruvai (Jun-Sep),68.59,23.7,73.3,69.1,2809.6,15594.8,7431.8,5745.6,205.93,High,6
AGRI-13396,2024,2,Tiruvarur,Deltaic Alluvium,Paddy (Rice),Kuruvai (Jun-Sep),69.05,32.0,67.0,56.0,2768.4,15645.0,7542.6,5611.3,216.46,High,7
AGRI-13397,2021,7,Madurai,Clayey Red Loam,Sugarcane,Early (Dec-Jan),26.11,33.3,60.9,18.8,9320.6,11903.3,3995.2,5356.2,104.97,Normal,6
AGRI-13398,2023,11,Nagapattinam,Coastal Alluvium & Saline,Paddy (Rice),Kuruvai (Jun-Sep),92.07,25.5,56.0,176.9,3723.5,23997.9,11350.7,8077.3,290.36,High,7
AGRI-13399,2025,2,Nagapattinam,Coastal Alluvium & Saline,Paddy (Rice),Samba/Thaladi (Aug-Jan),89.05,28.0,88.6,61.6,3439.9,19497.2,9978.1,8028.1,242.22,High,4
AGRI-13400,2025,10,Thanjavur,Cauvery Delta Alluvium,Maize,Kharif (Jun-Sep),21.25,20.1,68.1,149.3,380.5,5785.1,3131.3,1626.4,46.14,High,6
AGRI-13401,2021,4,Madurai,Clayey Red Loam,Groundnut,Adipattam (Jul-Aug),77.84,24.8,66.2,14.4,9590.3,3655.8,7117.7,5998.6,144.57,Low,6
AGRI-13402,2021,6,Thanjavur,Cauvery Delta Alluvium,Sugarcane,Mid (Feb-Mar),77.84,29.6,83.4,80.2,28092.3,38745.4,13366.5,14362.7,551.81,Normal,2
AGRI-13403,2024,10,Tiruvarur,Deltaic Alluvium,Groundnut,Thai Pattam (Dec-Jan),74.87,22.6,69.4,200.1,9565.9,3969.7,7591.6,5252.7,129.95,High,4
AGRI-13404,2024,3,Pudukkottai,Red Laterite & Gravelly,Sugarcane,Early (Dec-Jan),92.08,33.8,66.2,52.8,31499.6,40006.3,13153.6,18581.4,426.63,Low,4
AGRI-13405,2026,3,Pudukkottai,Red Laterite & Gravelly,Cotton,Winter Irrigated (Aug-Feb),78.61,31.0,55.3,65.4,245.3,13116.6,7242.2,4814.2,328.89,Normal,6
AGRI-13406,2026,4,Thanjavur,Cauvery Delta Alluvium,Sugarcane,Early (Dec-Jan),88.31,29.4,54.2,55.9,30060.7,38189.5,13889.3,18450.2,376.54,Low,7
AGRI-13407,2026,2,Tiruchirappalli,Alluvial Clay & Red Loam,Groundnut,Chithirai Pattam (Apr-May),89.94,31.3,76.5,52.6,11616.0,3810.5,8108.0,6236.2,156.86,Low,3
AGRI-13408,2025,10,Tiruchirappalli,Alluvial Clay & Red Loam,Groundnut,Adipattam (Jul-Aug),22.23,30.0,71.7,155.5,2828.9,1166.9,2414.0,1639.6,41.73,High,3
AGRI-13409,2025,10,Tiruchirappalli,Alluvial Clay & Red Loam,Groundnut,Chithirai Pattam (Apr-May),40.15,30.8,61.2,129.9,5268.3,2184.0,4324.5,2960.8,76.21,High,3
AGRI-13410,2025,1,Pudukkottai,Red Laterite & Gravelly,Groundnut,Thai Pattam (Dec-Jan),36.02,28.2,84.4,38.1,4487.7,1627.8,3096.4,2598.6,60.75,Normal,4
AGRI-13411,2025,9,Nagapattinam,Coastal Alluvium & Saline,Pulses (Blackgram/Greengram),Rainfed (Oct-Nov),69.31,29.3,71.6,260.4,1427.1,1861.9,3843.9,1604.6,88.95,High,4
AGRI-13412,2026,5,Karur,Red Sandy & Black Clay,Sugarcane,Early (Dec-Jan),53.78,32.3,69.5,36.4,19510.0,23258.9,7987.7,10940.1,236.22,Normal,2
AGRI-13413,2024,11,Perambalur,Black Cotton Soil,Cotton,Summer Irrigated (Feb-Jul),51.05,33.7,82.8,188.8,150.5,9215.3,5166.0,3173.1,310.14,High,3
AGRI-13414,2022,5,Tiruvarur,Deltaic Alluvium,Maize,Kharif (Jun-Sep),34.37,26.3,53.0,85.7,640.3,10068.8,5091.0,2405.1,77.04,Low,4
AGRI-13415,2025,11,Perambalur,Black Cotton Soil,Maize,Rabi (Oct-Jan),27.3,28.1,75.5,185.8,477.2,7868.4,4034.1,1913.2,100.54,High,3
AGRI-13416,2026,6,Tiruvarur,Deltaic Alluvium,Pulses (Blackgram/Greengram),Rice Fallow (Jan-Feb),85.23,32.3,65.8,47.9,1690.4,2038.4,4372.5,2210.1,121.21,Low,2
AGRI-13417,2024,1,Karur,Red Sandy & Black Clay,Cotton,Winter Irrigated (Aug-Feb),76.68,27.2,91.3,37.4,234.9,12734.8,6601.9,4667.2,282.31,Low,5
AGRI-13418,2025,3,Pudukkottai,Red Laterite & Gravelly,Maize,Rabi (Oct-Jan),42.48,24.0,79.3,41.9,799.0,11393.1,5604.3,2953.7,89.66,Low,6
AGRI-13419,2023,7,Tiruchirappalli,Alluvial Clay & Red Loam,Maize,Rabi (Oct-Jan),42.98,30.4,62.5,37.8,766.2,10040.8,5696.3,3290.6,86.21,Normal,3
AGRI-13420,2024,12,Nagapattinam,Coastal Alluvium & Saline,Pulses (Blackgram/Greengram),Rice Fallow (Jan-Feb),14.9,31.7,76.1,241.4,299.5,430.9,834.0,357.1,32.22,High,5
AGRI-13421,2021,6,Thanjavur,Cauvery Delta Alluvium,Pulses (Blackgram/Greengram),Rice Fallow (Jan-Feb),71.44,25.4,57.1,88.5,1480.7,2103.3,4040.6,1770.0,95.76,Normal,4
AGRI-13422,2023,3,Tiruvarur,Deltaic Alluvium,Paddy (Rice),Samba/Thaladi (Aug-Jan),4.21,29.3,67.6,76.9,164.2,892.9,454.0,333.5,12.68,High,2
AGRI-13423,2026,8,Karur,Red Sandy & Black Clay,Groundnut,Adipattam (Jul-Aug),69.37,35.2,55.3,4.5,9028.0,3253.5,5995.6,4937.6,108.99,Low,4
AGRI-13424,2024,7,Tiruvarur,Deltaic Alluvium,Pulses (Blackgram/Greengram),Rice Fallow (Jan-Feb),67.12,21.3,61.1,36.8,1301.3,1761.4,3458.8,1644.9,87.14,Normal,3
AGRI-13425,2024,5,Karur,Red Sandy & Black Clay,Maize,Kharif (Jun-Sep),33.29,32.2,68.8,37.6,622.5,8552.0,4371.0,2306.7,64.82,Normal,3
AGRI-13426,2026,3,Perambalur,Black Cotton Soil,Maize,Kharif (Jun-Sep),69.47,25.6,83.5,24.3,1228.0,17932.1,8987.6,5312.3,163.38,Low,4
AGRI-13427,2025,9,Thanjavur,Cauvery Delta Alluvium,Cotton,Summer Irrigated (Feb-Jul),86.08,25.9,58.2,147.1,268.4,17030.7,8818.8,5254.7,332.96,High,5
AGRI-13428,2026,9,Pudukkottai,Red Laterite & Gravelly,Cotton,Summer Irrigated (Feb-Jul),28.96,32.9,52.8,169.1,88.0,5371.1,2947.5,1846.8,99.81,High,7
AGRI-13429,2026,7,Perambalur,Black Cotton Soil,Pulses (Blackgram/Greengram),Rainfed (Oct-Nov),66.06,30.4,73.8,52.2,1344.2,1543.8,3394.9,1730.4,84.96,Low,6
AGRI-13430,2026,11,Tiruchirappalli,Alluvial Clay & Red Loam,Pulses (Blackgram/Greengram),Rainfed (Oct-Nov),89.06,31.8,88.0,155.8,1727.3,2672.0,5071.7,2091.9,162.53,High,7
AGRI-13431,2023,11,Nagapattinam,Coastal Alluvium & Saline,Paddy (Rice),Navarai (Dec-Mar),16.37,32.5,82.6,239.4,683.2,4107.1,2150.6,1431.9,83.9,High,3
AGRI-13432,2023,11,Pudukkottai,Red Laterite & Gravelly,Paddy (Rice),Samba/Thaladi (Aug-Jan),37.83,30.8,86.7,154.9,1491.7,8911.6,4607.3,3438.1,189.8,High,3
AGRI-13433,2024,2,Karur,Red Sandy & Black Clay,Sugarcane,Late (Apr-May),92.1,28.0,77.7,65.2,33611.3,42646.9,13963.6,18425.8,426.9,Low,2
AGRI-13434,2023,8,Perambalur,Black Cotton Soil,Groundnut,Adipattam (Jul-Aug),23.12,30.7,76.3,26.6,2900.5,981.0,2154.7,1802.5,41.25,Normal,7
AGRI-13435,2022,3,Pudukkottai,Red Laterite & Gravelly,Maize,Kharif (Jun-Sep),16.39,27.0,57.1,69.6,306.5,3821.0,2106.9,1187.8,36.07,Normal,5
AGRI-13436,2025,6,Tiruvarur,Deltaic Alluvium,Groundnut,Chithirai Pattam (Apr-May),32.71,20.5,86.4,68.9,3972.3,1564.0,2875.4,2546.3,57.29,Normal,3
AGRI-13437,2025,6,Perambalur,Black Cotton Soil,Paddy (Rice),Kuruvai (Jun-Sep),31.89,25.2,60.7,32.3,1321.0,7543.7,3376.0,2549.3,88.94,High,2
AGRI-13438,2026,12,Nagapattinam,Coastal Alluvium & Saline,Pulses (Blackgram/Greengram),Rice Fallow (Jan-Feb),55.88,26.1,81.1,284.2,1085.1,1631.2,3257.3,1313.7,119.68,High,4
AGRI-13439,2024,4,Thanjavur,Cauvery Delta Alluvium,Cotton,Winter Irrigated (Aug-Feb),31.82,27.8,61.3,96.0,95.0,5526.8,3356.1,1929.0,131.57,Normal,6
AGRI-13440,2021,1,Nagapattinam,Coastal Alluvium & Saline,Pulses (Blackgram/Greengram),Rice Fallow (Jan-Feb),32.9,27.7,92.0,112.2,636.9,921.3,1920.7,787.2,64.7,High,2
AGRI-13441,2025,10,Karur,Red Sandy & Black Clay,Pulses (Blackgram/Greengram),Rice Fallow (Jan-Feb),45.82,29.4,53.6,115.1,888.5,1386.2,2699.8,1197.9,53.9,High,4
AGRI-13442,2021,7,Karur,Red Sandy & Black Clay,Sugarcane,Late (Apr-May),66.4,35.9,84.2,20.5,23106.1,28441.2,10085.1,13472.1,292.23,Low,3
AGRI-13443,2022,7,Tiruvarur,Deltaic Alluvium,Pulses (Blackgram/Greengram),Rainfed (Oct-Nov),73.42,21.1,73.7,34.2,1459.0,1882.7,3745.5,1702.8,104.82,Normal,4
AGRI-13444,2025,12,Pudukkottai,Red Laterite & Gravelly,Maize,Rabi (Oct-Jan),11.25,29.8,85.3,175.8,207.3,3055.0,1601.4,899.9,37.94,High,4
AGRI-13445,2026,3,Nagapattinam,Coastal Alluvium & Saline,Sugarcane,Late (Apr-May),31.13,33.4,51.8,85.1,10959.4,17311.8,5552.4,6500.7,135.79,Low,2
AGRI-13446,2025,12,Tiruvarur,Deltaic Alluvium,Pulses (Blackgram/Greengram),Rice Fallow (Jan-Feb),34.38,27.4,86.3,236.3,675.9,1020.9,1897.8,893.5,74.12,High,3
AGRI-13447,2025,2,Tiruvarur,Deltaic Alluvium,Cotton,Summer Irrigated (Feb-Jul),60.12,27.2,75.6,33.5,174.2,10244.9,5668.3,3795.4,244.52,Low,4
AGRI-13448,2024,3,Madurai,Clayey Red Loam,Pulses (Blackgram/Greengram),Rice Fallow (Jan-Feb),56.3,23.5,54.0,59.9,1177.7,1384.8,2728.3,1357.8,67.9,Low,6
AGRI-13449,2025,9,Tiruvarur,Deltaic Alluvium,Maize,Rabi (Oct-Jan),62.79,32.4,78.9,180.1,1111.3,18452.1,8926.9,4466.1,202.63,High,4
AGRI-13450,2026,10,Pudukkottai,Red Laterite & Gravelly,Maize,Rabi (Oct-Jan),77.82,31.9,82.6,158.7,1454.5,24102.2,11707.7,6146.8,244.47,High,7
AGRI-13451,2023,6,Tiruchirappalli,Alluvial Clay & Red Loam,Groundnut,Adipattam (Jul-Aug),36.29,30.9,85.1,44.7,4718.6,1590.7,3190.9,2557.6,66.92,Normal,3
AGRI-13452,2023,3,Pudukkottai,Red Laterite & Gravelly,Pulses (Blackgram/Greengram),Rainfed (Oct-Nov),43.04,34.9,81.1,25.2,887.7,1049.8,2139.4,1095.2,53.97,Normal,4
AGRI-13453,2025,3,Perambalur,Black Cotton Soil,Sugarcane,Late (Apr-May),49.33,34.0,85.1,60.0,16830.0,21044.9,7702.8,9951.4,229.07,Normal,5
AGRI-13454,2024,7,Nagapattinam,Coastal Alluvium & Saline,Paddy (Rice),Kuruvai (Jun-Sep),36.65,31.8,59.4,108.8,1407.4,9923.6,4541.4,3183.4,102.77,High,4
AGRI-13455,2024,5,Tiruchirappalli,Alluvial Clay & Red Loam,Paddy (Rice),Samba/Thaladi (Aug-Jan),3.67,30.7,85.2,79.6,148.4,853.7,394.2,305.2,18.38,High,5
AGRI-13456,2026,9,Nagapattinam,Coastal Alluvium & Saline,Cotton,Winter Irrigated (Aug-Feb),20.55,32.8,84.1,234.9,61.7,3913.6,2160.3,1253.4,134.86,High,5
AGRI-13457,2023,8,Pudukkottai,Red Laterite & Gravelly,Maize,Rabi (Oct-Jan),39.68,25.9,66.5,38.5,712.8,10451.1,5137.6,2912.1,80.07,Normal,3
AGRI-13458,2023,5,Perambalur,Black Cotton Soil,Sugarcane,Early (Dec-Jan),21.08,32.7,88.2,12.4,7556.5,9115.4,3160.9,4365.7,89.38,Normal,7
AGRI-13459,2022,12,Thanjavur,Cauvery Delta Alluvium,Maize,Kharif (Jun-Sep),25.37,28.5,52.2,169.5,455.9,7202.4,3862.4,1855.5,51.87,High,4
AGRI-13460,2025,12,Tiruchirappalli,Alluvial Clay & Red Loam,Sugarcane,Mid (Feb-Mar),74.64,24.7,83.9,190.4,26554.8,39616.1,13039.8,14613.2,510.11,High,4
AGRI-13461,2024,1,Perambalur,Black Cotton Soil,Cotton,Summer Irrigated (Feb-Jul),91.81,31.6,69.0,34.8,285.2,14110.2,8160.3,6277.1,367.14,Normal,4
AGRI-13462,2022,8,Perambalur,Black Cotton Soil,Maize,Kharif (Jun-Sep),11.61,29.0,53.7,23.7,218.4,3125.9,1497.0,831.3,25.5,Low,5
AGRI-13463,2024,11,Tiruchirappalli,Alluvial Clay & Red Loam,Maize,Kharif (Jun-Sep),48.27,24.1,68.7,123.9,888.7,13762.2,7355.6,3734.3,113.91,High,7
AGRI-13464,2021,3,Thanjavur,Cauvery Delta Alluvium,Maize,Rabi (Oct-Jan),17.1,28.7,58.2,84.1,302.6,5256.0,2614.5,1213.4,38.21,Normal,6
AGRI-13465,2025,12,Madurai,Clayey Red Loam,Maize,Rabi (Oct-Jan),86.53,26.3,72.1,110.6,1622.1,24405.4,13124.2,6469.8,168.36,High,6
AGRI-13466,2026,1,Nagapattinam,Coastal Alluvium & Saline,Sugarcane,Late (Apr-May),47.93,34.3,82.1,49.5,17586.7,22224.7,7213.1,9291.0,210.19,Low,3
AGRI-13467,2025,7,Perambalur,Black Cotton Soil,Paddy (Rice),Samba/Thaladi (Aug-Jan),66.3,25.0,89.9,20.5,2566.6,13658.9,7070.1,5982.5,213.59,High,6
AGRI-13468,2022,9,Madurai,Clayey Red Loam,Cotton,Summer Irrigated (Feb-Jul),66.57,26.2,61.3,142.7,203.9,11761.1,6548.0,4111.3,245.08,High,4
AGRI-13469,2021,11,Nagapattinam,Coastal Alluvium & Saline,Groundnut,Adipattam (Jul-Aug),77.33,26.4,50.8,248.3,10014.8,4008.9,7813.2,6092.1,135.17,High,7
AGRI-13470,2026,1,Madurai,Clayey Red Loam,Cotton,Summer Irrigated (Feb-Jul),18.16,32.1,69.3,72.4,55.2,2764.2,1645.5,1126.7,72.75,Low,4
AGRI-13471,2023,12,Karur,Red Sandy & Black Clay,Cotton,Winter Irrigated (Aug-Feb),42.98,35.4,90.4,129.0,125.3,7443.6,4349.3,2717.9,274.03,High,7
AGRI-13472,2026,11,Tiruvarur,Deltaic Alluvium,Cotton,Summer Irrigated (Feb-Jul),39.67,27.9,65.1,188.3,120.9,7265.1,4261.5,2748.8,144.65,High,3
AGRI-13473,2024,10,Pudukkottai,Red Laterite & Gravelly,Maize,Kharif (Jun-Sep),73.18,26.0,80.6,142.8,1348.2,20420.1,10524.1,5748.2,230.63,High,3
AGRI-13474,2024,3,Nagapattinam,Coastal Alluvium & Saline,Pulses (Blackgram/Greengram),Rainfed (Oct-Nov),13.95,19.5,60.1,107.6,283.3,422.3,779.6,348.8,16.02,High,6
AGRI-13475,2024,3,Tiruvarur,Deltaic Alluvium,Groundnut,Thai Pattam (Dec-Jan),75.39,30.8,56.0,39.8,9723.9,3321.6,6963.8,5957.3,134.4,Normal,2
AGRI-13476,2024,1,Perambalur,Black Cotton Soil,Pulses (Blackgram/Greengram),Rice Fallow (Jan-Feb),3.89,27.7,77.1,3.3,80.1,94.5,203.3,103.1,5.47,Low,5
AGRI-13477,2022,4,Thanjavur,Cauvery Delta Alluvium,Cotton,Summer Irrigated (Feb-Jul),38.51,26.7,56.9,24.2,113.3,6099.1,3347.9,2492.0,146.87,Low,2
AGRI-13478,2022,6,Thanjavur,Cauvery Delta Alluvium,Maize,Kharif (Jun-Sep),5.15,28.9,55.4,38.3,94.1,1338.4,686.0,371.3,10.55,Normal,6
AGRI-13479,2026,7,Thanjavur,Cauvery Delta Alluvium,Pulses (Blackgram/Greengram),Rice Fallow (Jan-Feb),51.1,28.5,56.7,80.9,1026.7,1442.6,2924.0,1212.5,70.14,Normal,7
AGRI-13480,2024,12,Perambalur,Black Cotton Soil,Maize,Rabi (Oct-Jan),39.43,24.2,91.7,170.7,682.3,12074.0,6164.4,3073.3,128.28,High,5
AGRI-13481,2026,6,Karur,Red Sandy & Black Clay,Sugarcane,Late (Apr-May),4.06,32.1,78.2,5.1,1458.2,1791.5,599.8,767.0,16.46,Low,7
AGRI-13482,2022,2,Madurai,Clayey Red Loam,Pulses (Blackgram/Greengram),Rainfed (Oct-Nov),6.85,30.1,83.6,50.7,137.8,172.4,325.6,160.6,9.32,Normal,5
AGRI-13483,2023,12,Tiruchirappalli,Alluvial Clay & Red Loam,Pulses (Blackgram/Greengram),Rainfed (Oct-Nov),89.41,31.0,86.6,169.3,1839.4,2554.0,4888.6,2066.1,193.11,High,4
AGRI-13484,2025,9,Tiruvarur,Deltaic Alluvium,Maize,Kharif (Jun-Sep),24.67,23.3,85.9,249.8,463.3,7268.4,3755.2,1762.2,88.93,High,7
AGRI-13485,2022,7,Tiruchirappalli,Alluvial Clay & Red Loam,Pulses (Blackgram/Greengram),Rainfed (Oct-Nov),23.9,24.0,53.3,75.4,480.5,578.8,1232.6,633.4,30.4,Low,7
AGRI-13486,2023,6,Tiruchirappalli,Alluvial Clay & Red Loam,Cotton,Summer Irrigated (Feb-Jul),75.32,30.8,57.8,29.1,228.0,12217.1,6615.4,4924.1,265.42,Low,6
AGRI-13487,2021,6,Nagapattinam,Coastal Alluvium & Saline,Paddy (Rice),Navarai (Dec-Mar),50.72,27.5,66.8,72.9,2017.0,11297.5,5456.2,4019.8,146.5,Normal,5
AGRI-13488,2024,9,Karur,Red Sandy & Black Clay,Paddy (Rice),Navarai (Dec-Mar),65.0,33.7,51.3,113.9,2526.4,17524.7,8505.3,5433.4,213.68,High,2
AGRI-13489,2025,12,Tiruvarur,Deltaic Alluvium,Cotton,Summer Irrigated (Feb-Jul),40.85,33.1,73.2,204.4,120.0,7935.9,4028.5,2809.6,170.37,High,2
AGRI-13490,2025,7,Tiruvarur,Deltaic Alluvium,Cotton,Summer Irrigated (Feb-Jul),10.09,34.4,74.3,60.2,31.5,1668.3,871.9,670.1,35.3,Normal,6
AGRI-13491,2024,12,Nagapattinam,Coastal Alluvium & Saline,Pulses (Blackgram/Greengram),Rice Fallow (Jan-Feb),41.25,32.8,76.5,251.3,828.0,1107.8,2393.7,950.5,78.2,High,3
AGRI-13492,2026,4,Tiruchirappalli,Alluvial Clay & Red Loam,Cotton,Summer Irrigated (Feb-Jul),16.59,28.6,55.4,39.8,50.2,2752.6,1433.1,1061.0,61.91,Low,5
AGRI-13493,2023,2,Madurai,Clayey Red Loam,Paddy (Rice),Navarai (Dec-Mar),13.51,25.9,66.1,17.9,566.0,2997.6,1500.1,1125.7,41.93,Low,5
AGRI-13494,2025,12,Perambalur,Black Cotton Soil,Paddy (Rice),Kuruvai (Jun-Sep),55.57,28.9,78.8,116.7,2276.3,13641.3,7266.7,4652.9,277.53,High,2
AGRI-13495,2023,11,Nagapattinam,Coastal Alluvium & Saline,Cotton,Summer Irrigated (Feb-Jul),61.7,28.9,85.8,283.2,182.9,12145.1,6252.0,4199.3,362.05,High,4
AGRI-13496,2025,8,Karur,Red Sandy & Black Clay,Groundnut,Chithirai Pattam (Apr-May),38.45,28.7,69.0,8.1,4790.9,1743.3,3395.4,2801.2,68.11,Normal,6
AGRI-13497,2026,4,Karur,Red Sandy & Black Clay,Paddy (Rice),Kuruvai (Jun-Sep),47.68,25.7,66.6,23.6,1847.5,10755.4,5145.2,4070.2,157.68,High,3
AGRI-13498,2022,8,Tiruchirappalli,Alluvial Clay & Red Loam,Groundnut,Adipattam (Jul-Aug),24.11,29.7,90.1,7.2,3074.4,1078.7,2262.3,1854.7,43.3,Low,3
AGRI-13499,2021,6,Perambalur,Black Cotton Soil,Paddy (Rice),Kuruvai (Jun-Sep),16.21,32.2,51.5,48.2,680.2,3544.8,1828.2,1299.1,53.92,High,7
AGRI-13500,2024,3,Tiruvarur,Deltaic Alluvium,Sugarcane,Mid (Feb-Mar),25.85,29.1,56.4,63.1,9492.7,10884.6,3846.0,5028.1,107.75,Low,5
AGRI-13501,2022,8,Perambalur,Black Cotton Soil,Maize,Kharif (Jun-Sep),92.34,26.6,52.1,74.5,1740.9,22278.1,12013.4,6920.5,207.96,Low,4
AGRI-13502,2026,4,Madurai,Clayey Red Loam,Groundnut,Adipattam (Jul-Aug),44.95,34.4,82.4,89.2,5876.7,2285.6,4853.8,3426.4,125.72,Normal,7
AGRI-13503,2025,9,Madurai,Clayey Red Loam,Groundnut,Chithirai Pattam (Apr-May),47.61,23.9,82.0,139.3,5777.2,2524.4,4892.8,3411.4,121.5,High,6
AGRI-13504,2026,8,Karur,Red Sandy & Black Clay,Paddy (Rice),Navarai (Dec-Mar),8.76,27.1,86.0,0.0,345.6,1917.8,947.1,733.4,25.4,Normal,6
AGRI-13505,2021,9,Tiruchirappalli,Alluvial Clay & Red Loam,Sugarcane,Mid (Feb-Mar),88.85,35.7,85.6,152.5,32065.4,45933.1,15010.0,16927.4,644.81,High,6
AGRI-13506,2022,4,Nagapattinam,Coastal Alluvium & Saline,Maize,Rabi (Oct-Jan),12.74,30.0,50.2,98.5,238.4,3903.0,1943.0,1019.8,30.31,Normal,3
AGRI-13507,2022,7,Perambalur,Black Cotton Soil,Groundnut,Chithirai Pattam (Apr-May),14.9,27.1,54.3,94.1,1861.3,720.7,1573.7,1112.0,28.37,Normal,6
AGRI-13508,2022,2,Thanjavur,Cauvery Delta Alluvium,Groundnut,Chithirai Pattam (Apr-May),56.9,31.5,58.1,51.8,7051.5,2575.1,5209.9,4085.9,106.39,Normal,7
AGRI-13509,2026,9,Madurai,Clayey Red Loam,Groundnut,Thai Pattam (Dec-Jan),85.87,25.1,87.5,163.2,10413.4,4277.1,8948.0,6686.4,216.24,High,3
AGRI-13510,2025,3,Tiruvarur,Deltaic Alluvium,Pulses (Blackgram/Greengram),Rice Fallow (Jan-Feb),67.58,31.0,53.9,30.4,1303.6,1805.1,3306.6,1625.7,92.66,Low,4
AGRI-13511,2023,4,Karur,Red Sandy & Black Clay,Maize,Rabi (Oct-Jan),19.42,24.1,51.7,27.6,340.6,4981.9,2545.8,1547.3,39.66,Normal,2
AGRI-13512,2025,8,Madurai,Clayey Red Loam,Paddy (Rice),Samba/Thaladi (Aug-Jan),50.06,26.1,81.1,25.2,1973.1,11062.1,5434.9,4212.1,148.94,High,3
AGRI-13513,2022,8,Perambalur,Black Cotton Soil,Pulses (Blackgram/Greengram),Rainfed (Oct-Nov),16.12,25.4,70.0,34.4,328.3,413.3,785.2,406.9,22.68,Normal,2
AGRI-13514,2026,9,Thanjavur,Cauvery Delta Alluvium,Sugarcane,Mid (Feb-Mar),37.07,37.0,74.2,189.1,13551.9,19750.1,6097.3,7049.2,171.66,High,4
AGRI-13515,2024,4,Perambalur,Black Cotton Soil,Maize,Kharif (Jun-Sep),86.23,26.2,66.7,50.7,1524.1,21813.3,10675.2,6597.1,196.23,Normal,6
AGRI-13516,2026,12,Tiruchirappalli,Alluvial Clay & Red Loam,Cotton,Winter Irrigated (Aug-Feb),32.85,24.3,75.4,144.4,102.9,6001.9,3496.4,2016.1,222.54,High,5
AGRI-13517,2023,1,Thanjavur,Cauvery Delta Alluvium,Paddy (Rice),Navarai (Dec-Mar),7.88,29.8,83.9,36.5,318.4,1637.2,865.3,691.2,21.13,Low,6
AGRI-13518,2023,11,Karur,Red Sandy & Black Clay,Maize,Rabi (Oct-Jan),22.13,33.1,65.2,141.9,417.8,5978.2,3241.9,1712.6,49.46,High,6
AGRI-13519,2022,7,Tiruvarur,Deltaic Alluvium,Groundnut,Thai Pattam (Dec-Jan),80.59,23.9,85.6,91.0,10047.2,4369.7,8565.7,6183.8,229.84,Low,5
AGRI-13520,2025,11,Pudukkottai,Red Laterite & Gravelly,Maize,Kharif (Jun-Sep),94.88,28.6,76.6,158.7,1707.0,28206.7,13967.6,7052.0,326.89,High,7
AGRI-13521,2025,5,Thanjavur,Cauvery Delta Alluvium,Maize,Rabi (Oct-Jan),11.78,24.9,50.9,36.2,211.6,2928.0,1481.2,941.7,23.85,Low,2
AGRI-13522,2026,1,Karur,Red Sandy & Black Clay,Pulses (Blackgram/Greengram),Rice Fallow (Jan-Feb),19.3,28.1,88.8,37.7,396.6,498.5,933.8,466.5,25.37,Low,7
AGRI-13523,2022,2,Tiruvarur,Deltaic Alluvium,Groundnut,Chithirai Pattam (Apr-May),34.55,29.9,81.2,21.0,4179.1,1628.7,3097.9,2610.0,61.2,Normal,3
AGRI-13524,2024,4,Madurai,Clayey Red Loam,Groundnut,Chithirai Pattam (Apr-May),93.07,29.2,50.7,51.6,11511.1,4162.4,7991.6,7086.8,161.17,Normal,2
AGRI-13525,2022,9,Nagapattinam,Coastal Alluvium & Saline,Paddy (Rice),Samba/Thaladi (Aug-Jan),51.18,32.4,52.6,283.3,1996.0,12306.7,6555.6,4489.3,162.42,High,5
AGRI-13526,2021,2,Pudukkottai,Red Laterite & Gravelly,Sugarcane,Early (Dec-Jan),5.44,34.5,57.5,97.8,1948.5,2632.7,977.7,1014.0,23.9,Normal,7
AGRI-13527,2025,6,Thanjavur,Cauvery Delta Alluvium,Cotton,Winter Irrigated (Aug-Feb),60.57,31.3,84.7,61.7,188.2,9177.9,5269.5,3919.5,248.13,Normal,4
AGRI-13528,2021,4,Tiruvarur,Deltaic Alluvium,Maize,Rabi (Oct-Jan),54.87,27.7,50.3,63.0,1001.9,13252.4,7426.4,4386.1,120.34,Normal,2
AGRI-13529,2021,5,Pudukkottai,Red Laterite & Gravelly,Paddy (Rice),Samba/Thaladi (Aug-Jan),37.78,29.1,55.1,40.1,1459.5,8435.5,4178.9,3336.8,108.47,High,7
AGRI-13530,2022,8,Nagapattinam,Coastal Alluvium & Saline,Cotton,Winter Irrigated (Aug-Feb),33.55,27.2,57.8,101.5,105.5,6429.4,3421.7,2256.5,134.77,High,7
AGRI-13531,2021,10,Karur,Red Sandy & Black Clay,Maize,Rabi (Oct-Jan),81.18,32.3,65.0,77.8,1452.4,21435.2,10916.0,6501.5,190.76,Normal,7
AGRI-13532,2021,2,Pudukkottai,Red Laterite & Gravelly,Groundnut,Thai Pattam (Dec-Jan),52.94,27.3,69.8,30.6,6887.0,2540.5,4996.4,3927.9,82.15,Normal,7
AGRI-13533,2022,1,Thanjavur,Cauvery Delta Alluvium,Paddy (Rice),Samba/Thaladi (Aug-Jan),25.61,25.9,80.8,28.3,996.7,5662.9,2766.9,2273.6,76.4,High,2
AGRI-13534,2026,9,Tiruchirappalli,Alluvial Clay & Red Loam,Pulses (Blackgram/Greengram),Rainfed (Oct-Nov),38.03,28.7,71.9,110.3,752.6,1026.8,2173.3,1012.3,44.7,High,4
AGRI-13535,2023,5,Karur,Red Sandy & Black Clay,Sugarcane,Late (Apr-May),40.49,33.0,57.3,61.4,14043.2,18544.2,6192.9,7580.8,186.09,Normal,6
AGRI-13536,2021,6,Nagapattinam,Coastal Alluvium & Saline,Cotton,Summer Irrigated (Feb-Jul),87.23,35.7,85.5,76.3,262.3,14399.3,7528.0,5530.6,548.91,Normal,7
AGRI-13537,2021,2,Thanjavur,Cauvery Delta Alluvium,Maize,Kharif (Jun-Sep),21.47,28.5,52.8,83.0,392.1,6167.6,3276.6,1636.3,46.87,Normal,6
AGRI-13538,2024,8,Tiruchirappalli,Alluvial Clay & Red Loam,Groundnut,Chithirai Pattam (Apr-May),15.52,27.5,84.3,46.4,2036.5,678.0,1425.4,1187.3,23.77,Normal,2
AGRI-13539,2026,6,Tiruchirappalli,Alluvial Clay & Red Loam,Sugarcane,Mid (Feb-Mar),70.41,36.5,81.5,36.9,24896.9,29588.0,10729.4,13511.2,276.89,Normal,2
AGRI-13540,2026,2,Karur,Red Sandy & Black Clay,Paddy (Rice),Samba/Thaladi (Aug-Jan),48.36,28.0,82.0,23.0,2003.4,11107.5,5115.3,4146.1,139.92,High,6
AGRI-13541,2021,5,Perambalur,Black Cotton Soil,Cotton,Summer Irrigated (Feb-Jul),51.36,32.1,57.2,76.9,159.5,7790.6,4550.5,3260.8,179.04,Normal,5
AGRI-13542,2021,8,Pudukkottai,Red Laterite & Gravelly,Pulses (Blackgram/Greengram),Rice Fallow (Jan-Feb),26.24,28.8,56.3,50.4,507.7,613.5,1340.5,681.1,30.9,Normal,4
AGRI-13543,2024,11,Perambalur,Black Cotton Soil,Sugarcane,Early (Dec-Jan),87.85,37.3,74.0,175.6,31397.4,42989.1,15542.7,17306.3,385.29,High,5
AGRI-13544,2021,7,Tiruvarur,Deltaic Alluvium,Cotton,Winter Irrigated (Aug-Feb),81.08,29.6,89.4,60.7,247.6,13198.8,7362.5,4965.6,339.76,Normal,3
AGRI-13545,2021,11,Pudukkottai,Red Laterite & Gravelly,Paddy (Rice),Kuruvai (Jun-Sep),54.09,31.8,53.3,102.1,2192.1,13131.4,7027.7,4523.1,148.74,High,5
AGRI-13546,2021,9,Pudukkottai,Red Laterite & Gravelly,Groundnut,Thai Pattam (Dec-Jan),74.89,34.0,77.3,147.9,9286.2,4004.8,8055.0,5457.4,193.8,High,3
AGRI-13547,2025,3,Thanjavur,Cauvery Delta Alluvium,Pulses (Blackgram/Greengram),Rainfed (Oct-Nov),79.83,31.2,52.4,49.5,1666.5,1937.8,3874.6,1854.5,111.45,Normal,6
AGRI-13548,2021,1,Pudukkottai,Red Laterite & Gravelly,Groundnut,Thai Pattam (Dec-Jan),49.79,28.4,84.8,24.5,6150.4,2279.3,4634.7,3899.4,85.63,Normal,6
AGRI-13549,2021,8,Nagapattinam,Coastal Alluvium & Saline,Sugarcane,Early (Dec-Jan),91.45,25.3,66.5,88.7,30736.8,44882.4,16507.4,19055.7,399.83,Low,6
AGRI-13550,2022,5,Madurai,Clayey Red Loam,Pulses (Blackgram/Greengram),Rice Fallow (Jan-Feb),55.42,27.6,75.7,53.1,1117.4,1387.1,2821.1,1283.7,67.04,Low,2
AGRI-13551,2023,4,Perambalur,Black Cotton Soil,Sugarcane,Mid (Feb-Mar),9.84,28.7,70.7,45.2,3427.3,4207.3,1530.1,1845.1,37.72,Normal,6
AGRI-13552,2023,7,Perambalur,Black Cotton Soil,Maize,Rabi (Oct-Jan),36.37,24.9,76.7,76.8,666.4,8749.3,4700.9,2748.1,122.66,Normal,5
AGRI-13553,2021,3,Pudukkottai,Red Laterite & Gravelly,Maize,Rabi (Oct-Jan),78.67,28.7,73.2,67.5,1473.1,18511.4,10075.5,6162.0,183.2,Normal,7
AGRI-13554,2021,12,Thanjavur,Cauvery Delta Alluvium,Pulses (Blackgram/Greengram),Rice Fallow (Jan-Feb),92.98,22.0,65.9,145.7,1866.5,2556.8,5493.0,2311.2,131.56,High,7
AGRI-13555,2021,11,Thanjavur,Cauvery Delta Alluvium,Sugarcane,Mid (Feb-Mar),68.34,28.8,81.6,193.8,23582.3,33637.1,11860.0,13448.7,464.01,High,4
AGRI-13556,2023,6,Madurai,Clayey Red Loam,Sugarcane,Early (Dec-Jan),44.27,38.3,63.9,63.1,15934.9,19827.4,6476.5,8354.6,188.23,Normal,5
AGRI-13557,2022,9,Karur,Red Sandy & Black Clay,Paddy (Rice),Navarai (Dec-Mar),11.08,28.0,66.2,138.8,432.9,3004.6,1357.9,919.9,36.48,High,3
AGRI-13558,2021,5,Karur,Red Sandy & Black Clay,Maize,Kharif (Jun-Sep),18.0,28.8,91.1,64.6,312.3,4214.5,2408.3,1278.7,35.61,Low,6
AGRI-13559,2024,12,Madurai,Clayey Red Loam,Pulses (Blackgram/Greengram),Rainfed (Oct-Nov),47.07,26.8,76.2,157.7,912.3,1356.1,2836.4,1189.8,86.86,High,6
AGRI-13560,2026,12,Karur,Red Sandy & Black Clay,Paddy (Rice),Navarai (Dec-Mar),31.16,24.7,62.4,79.7,1197.0,6614.2,3348.6,2616.2,97.75,Normal,5
AGRI-13561,2025,5,Perambalur,Black Cotton Soil,Groundnut,Chithirai Pattam (Apr-May),47.86,29.1,79.0,75.9,5781.2,2123.2,4333.7,3376.0,118.14,Normal,3
AGRI-13562,2024,5,Tiruchirappalli,Alluvial Clay & Red Loam,Cotton,Summer Irrigated (Feb-Jul),59.08,32.8,70.0,11.6,170.5,9630.6,5178.0,3792.1,209.11,Normal,2
AGRI-13563,2021,12,Madurai,Clayey Red Loam,Maize,Kharif (Jun-Sep),35.87,26.6,77.8,126.9,654.4,10995.9,5536.1,2677.7,112.25,High,2
AGRI-13564,2021,8,Madurai,Clayey Red Loam,Cotton,Winter Irrigated (Aug-Feb),25.81,32.5,72.5,55.0,75.5,3979.1,2319.7,1553.9,104.64,Normal,3
AGRI-13565,2025,5,Perambalur,Black Cotton Soil,Maize,Kharif (Jun-Sep),27.79,24.7,87.9,25.4,502.8,6719.0,3520.6,2012.8,56.22,Normal,7
AGRI-13566,2022,3,Tiruchirappalli,Alluvial Clay & Red Loam,Pulses (Blackgram/Greengram),Rice Fallow (Jan-Feb),16.37,27.5,71.0,32.5,334.4,421.8,783.4,404.5,18.9,Low,6
AGRI-13567,2026,12,Thanjavur,Cauvery Delta Alluvium,Pulses (Blackgram/Greengram),Rice Fallow (Jan-Feb),55.62,33.2,91.2,156.8,1105.0,1520.1,3260.8,1326.8,102.14,High,6
AGRI-13568,2023,10,Nagapattinam,Coastal Alluvium & Saline,Groundnut,Adipattam (Jul-Aug),53.12,30.6,67.1,241.5,6424.0,2943.9,5411.9,4125.5,93.08,High,4
AGRI-13569,2022,10,Karur,Red Sandy & Black Clay,Pulses (Blackgram/Greengram),Rainfed (Oct-Nov),86.1,27.7,56.2,122.4,1688.9,2664.1,4828.8,2049.1,110.52,High,4
AGRI-13570,2026,11,Pudukkottai,Red Laterite & Gravelly,Pulses (Blackgram/Greengram),Rainfed (Oct-Nov),81.08,32.3,64.3,122.0,1699.5,2194.6,4832.3,2161.2,100.54,High,2
AGRI-13571,2023,7,Tiruvarur,Deltaic Alluvium,Maize,Rabi (Oct-Jan),66.76,28.2,64.8,53.7,1165.2,17693.6,8326.1,5073.7,130.39,Normal,6
AGRI-13572,2023,7,Nagapattinam,Coastal Alluvium & Saline,Sugarcane,Early (Dec-Jan),17.94,35.9,64.1,42.6,6339.2,7645.0,2764.9,3681.5,72.69,Normal,4
AGRI-13573,2022,11,Thanjavur,Cauvery Delta Alluvium,Sugarcane,Mid (Feb-Mar),15.35,37.2,90.5,174.4,5218.6,7900.1,2772.3,3267.3,102.3,High,5
AGRI-13574,2021,8,Perambalur,Black Cotton Soil,Maize,Kharif (Jun-Sep),4.03,28.3,61.9,76.4,71.1,1026.9,529.7,316.8,8.3,Low,5
AGRI-13575,2025,10,Thanjavur,Cauvery Delta Alluvium,Groundnut,Chithirai Pattam (Apr-May),72.91,40.6,53.6,174.9,8919.5,3995.9,7410.2,5699.7,118.23,High,5
AGRI-13576,2025,12,Pudukkottai,Red Laterite & Gravelly,Sugarcane,Early (Dec-Jan),38.44,29.5,66.6,197.4,12982.7,21263.1,6858.9,7909.9,174.2,High,5
AGRI-13577,2022,4,Pudukkottai,Red Laterite & Gravelly,Sugarcane,Early (Dec-Jan),58.05,26.5,66.0,72.2,21323.6,25803.9,8993.9,12031.2,266.66,Normal,5
AGRI-13578,2024,6,Tiruvarur,Deltaic Alluvium,Sugarcane,Late (Apr-May),88.26,33.3,68.2,42.1,29766.8,37013.2,13276.4,18284.6,381.44,Normal,7
AGRI-13579,2023,10,Thanjavur,Cauvery Delta Alluvium,Sugarcane,Late (Apr-May),45.01,27.5,73.6,176.0,15437.6,24326.4,7859.8,8292.9,208.92,High,7
AGRI-13580,2022,4,Karur,Red Sandy & Black Clay,Sugarcane,Late (Apr-May),70.73,33.4,81.3,71.4,25877.4,33001.8,10260.9,13282.5,508.14,Normal,7
AGRI-13581,2021,1,Tiruchirappalli,Alluvial Clay & Red Loam,Paddy (Rice),Samba/Thaladi (Aug-Jan),87.12,31.1,62.7,39.7,3639.7,19664.9,9774.5,7458.8,271.65,High,5
AGRI-13582,2021,1,Perambalur,Black Cotton Soil,Maize,Kharif (Jun-Sep),7.17,31.1,53.2,89.4,132.1,2003.2,1032.7,512.0,14.81,Normal,3
AGRI-13583,2024,12,Madurai,Clayey Red Loam,Paddy (Rice),Samba/Thaladi (Aug-Jan),19.02,33.3,90.5,191.1,736.1,5149.4,2473.3,1716.7,100.27,High,7
AGRI-13584,2021,7,Nagapattinam,Coastal Alluvium & Saline,Maize,Kharif (Jun-Sep),10.06,29.5,81.3,89.6,185.8,3091.7,1458.9,712.5,36.84,Normal,7
AGRI-13585,2025,4,Madurai,Clayey Red Loam,Cotton,Summer Irrigated (Feb-Jul),39.76,31.1,51.4,52.8,114.6,6459.2,3694.2,2592.9,141.11,Normal,7
AGRI-13586,2025,7,Nagapattinam,Coastal Alluvium & Saline,Pulses (Blackgram/Greengram),Rainfed (Oct-Nov),15.11,29.2,62.3,80.1,298.3,405.1,847.8,363.1,20.73,Normal,3
AGRI-13587,2023,8,Pudukkottai,Red Laterite & Gravelly,Maize,Rabi (Oct-Jan),44.31,20.5,65.0,19.3,787.3,10509.3,5784.2,3174.3,97.53,Low,6
AGRI-13588,2022,12,Nagapattinam,Coastal Alluvium & Saline,Pulses (Blackgram/Greengram),Rice Fallow (Jan-Feb),11.78,28.9,68.1,248.8,229.4,357.2,688.5,303.2,15.09,High,7
AGRI-13589,2026,2,Pudukkottai,Red Laterite & Gravelly,Paddy (Rice),Navarai (Dec-Mar),43.7,34.8,91.7,50.7,1722.2,10320.7,4950.0,3626.7,135.37,Normal,6
AGRI-13590,2023,7,Madurai,Clayey Red Loam,Maize,Rabi (Oct-Jan),54.63,31.0,78.5,48.2,992.7,13029.4,7344.6,4049.1,112.08,Normal,6
AGRI-13591,2023,8,Tiruvarur,Deltaic Alluvium,Cotton,Summer Irrigated (Feb-Jul),37.56,23.5,78.1,24.6,112.1,5811.7,3524.3,2562.3,159.98,Low,7
AGRI-13592,2022,11,Thanjavur,Cauvery Delta Alluvium,Sugarcane,Mid (Feb-Mar),26.92,26.9,59.5,191.5,9600.9,14285.4,4866.8,5607.3,123.75,High,3
AGRI-13593,2025,9,Perambalur,Black Cotton Soil,Maize,Rabi (Oct-Jan),20.34,24.5,58.4,192.7,370.1,5454.0,2897.3,1424.5,47.56,High,4
AGRI-13594,2025,9,Nagapattinam,Coastal Alluvium & Saline,Sugarcane,Early (Dec-Jan),31.07,37.5,65.6,273.5,10984.8,15075.7,5198.7,6272.2,129.48,High,4
AGRI-13595,2024,12,Tiruchirappalli,Alluvial Clay & Red Loam,Maize,Rabi (Oct-Jan),37.78,29.2,76.7,162.0,677.3,10240.5,5928.1,2742.5,139.11,High,5
AGRI-13596,2023,3,Nagapattinam,Coastal Alluvium & Saline,Maize,Kharif (Jun-Sep),75.1,23.2,65.3,46.4,1412.4,19575.6,9756.0,5232.1,144.57,Low,6
AGRI-13597,2021,7,Pudukkottai,Red Laterite & Gravelly,Cotton,Summer Irrigated (Feb-Jul),61.43,27.3,69.9,26.9,191.2,9313.5,5359.6,3867.6,226.83,Normal,7
AGRI-13598,2024,3,Nagapattinam,Coastal Alluvium & Saline,Maize,Kharif (Jun-Sep),3.03,26.9,55.4,102.1,52.5,842.4,441.1,222.6,6.97,High,2
AGRI-13599,2025,11,Nagapattinam,Coastal Alluvium & Saline,Paddy (Rice),Samba/Thaladi (Aug-Jan),43.41,28.9,64.1,250.8,1677.1,11168.3,5531.8,3498.8,124.01,High,6
AGRI-13600,2021,6,Thanjavur,Cauvery Delta Alluvium,Pulses (Blackgram/Greengram),Rainfed (Oct-Nov),59.63,23.7,75.6,50.1,1215.3,1417.6,2929.2,1576.9,75.88,Normal,4
AGRI-13601,2026,1,Karur,Red Sandy & Black Clay,Pulses (Blackgram/Greengram),Rainfed (Oct-Nov),50.72,27.1,59.8,47.0,1063.0,1352.5,2552.7,1190.0,71.42,Normal,3
AGRI-13602,2023,3,Perambalur,Black Cotton Soil,Sugarcane,Mid (Feb-Mar),51.9,30.2,57.5,58.0,17874.7,23032.1,7793.3,10180.5,226.91,Normal,4
AGRI-13603,2026,9,Thanjavur,Cauvery Delta Alluvium,Cotton,Winter Irrigated (Aug-Feb),40.43,31.1,69.6,179.0,121.8,7841.3,4080.9,2455.4,161.42,High,6
AGRI-13604,2026,12,Tiruchirappalli,Alluvial Clay & Red Loam,Maize,Kharif (Jun-Sep),94.32,20.5,66.5,109.9,1740.1,29086.2,13770.2,7091.7,219.73,High,5
AGRI-13605,2021,7,Thanjavur,Cauvery Delta Alluvium,Cotton,Summer Irrigated (Feb-Jul),47.66,33.5,51.4,92.7,146.8,8971.8,5139.1,3200.8,180.97,Normal,7
AGRI-13606,2026,9,Tiruchirappalli,Alluvial Clay & Red Loam,Pulses (Blackgram/Greengram),Rainfed (Oct-Nov),40.39,23.3,66.7,121.2,785.3,1151.7,2341.5,938.7,55.93,High,2
AGRI-13607,2026,11,Perambalur,Black Cotton Soil,Sugarcane,Late (Apr-May),5.22,31.2,83.8,176.7,1778.9,2725.3,942.0,1006.3,33.94,High,6
AGRI-13608,2021,4,Madurai,Clayey Red Loam,Groundnut,Adipattam (Jul-Aug),41.56,29.4,87.8,46.7,5111.8,1844.8,3893.1,3188.3,78.53,Low,2
AGRI-13609,2025,2,Tiruvarur,Deltaic Alluvium,Maize,Kharif (Jun-Sep),43.81,25.4,54.6,100.2,823.5,12664.7,6266.3,3514.8,103.38,High,7
AGRI-13610,2021,4,Tiruvarur,Deltaic Alluvium,Maize,Kharif (Jun-Sep),94.14,25.4,51.2,59.4,1651.2,23079.4,12721.1,6631.2,222.18,Normal,7
AGRI-13611,2022,10,Pudukkottai,Red Laterite & Gravelly,Sugarcane,Early (Dec-Jan),22.69,35.9,57.8,137.5,8247.4,11467.5,4038.4,4571.1,96.38,High,7
AGRI-13612,2021,12,Tiruchirappalli,Alluvial Clay & Red Loam,Cotton,Winter Irrigated (Aug-Feb),88.79,28.6,64.4,165.2,272.7,17410.5,8984.7,6038.3,311.38,High,3
AGRI-13613,2026,9,Nagapattinam,Coastal Alluvium & Saline,Groundnut,Adipattam (Jul-Aug),87.67,27.5,68.4,249.0,11470.1,4578.3,8996.3,6326.5,148.62,High,2
AGRI-13614,2021,2,Tiruchirappalli,Alluvial Clay & Red Loam,Groundnut,Chithirai Pattam (Apr-May),51.82,33.6,75.1,47.3,6656.1,2220.4,4557.3,3622.0,86.6,Normal,6
AGRI-13615,2024,4,Thanjavur,Cauvery Delta Alluvium,Maize,Kharif (Jun-Sep),91.55,30.8,76.3,53.3,1654.8,21540.0,12419.6,6890.2,217.38,Normal,5
AGRI-13616,2026,6,Pudukkottai,Red Laterite & Gravelly,Pulses (Blackgram/Greengram),Rice Fallow (Jan-Feb),41.88,31.0,91.0,0.0,841.3,1038.4,2084.5,1089.0,53.28,Low,3
AGRI-13617,2026,2,Pudukkottai,Red Laterite & Gravelly,Cotton,Winter Irrigated (Aug-Feb),67.12,31.4,85.1,45.2,195.3,10436.9,6170.4,4126.4,280.14,Normal,6
AGRI-13618,2021,1,Tiruvarur,Deltaic Alluvium,Groundnut,Chithirai Pattam (Apr-May),83.8,30.5,56.1,81.2,10807.6,4391.8,8645.7,6375.4,140.99,Normal,5
AGRI-13619,2024,1,Thanjavur,Cauvery Delta Alluvium,Groundnut,Adipattam (Jul-Aug),71.51,29.5,85.4,45.1,9316.6,3203.5,6321.1,5471.9,130.87,Low,2
AGRI-13620,2022,10,Pudukkottai,Red Laterite & Gravelly,Cotton,Summer Irrigated (Feb-Jul),6.46,25.9,72.9,140.5,19.8,1259.3,698.5,445.3,25.79,High,3
AGRI-13621,2022,6,Madurai,Clayey Red Loam,Sugarcane,Mid (Feb-Mar),79.89,36.1,79.2,51.2,29181.6,33597.5,12101.5,16146.7,318.63,Low,6
AGRI-13622,2025,7,Tiruvarur,Deltaic Alluvium,Pulses (Blackgram/Greengram),Rainfed (Oct-Nov),11.19,29.2,58.0,42.0,224.0,296.6,536.3,294.9,13.13,Low,2
AGRI-13623,2026,10,Karur,Red Sandy & Black Clay,Pulses (Blackgram/Greengram),Rainfed (Oct-Nov),23.73,27.8,88.3,108.1,468.5,660.1,1395.3,622.5,49.03,High,2
AGRI-13624,2022,12,Perambalur,Black Cotton Soil,Maize,Kharif (Jun-Sep),65.33,25.0,82.8,206.1,1179.5,19588.4,9313.5,4559.0,201.53,High,6
AGRI-13625,2024,9,Tiruchirappalli,Alluvial Clay & Red Loam,Pulses (Blackgram/Greengram),Rainfed (Oct-Nov),23.44,31.4,67.2,93.1,462.8,653.4,1384.9,570.4,29.29,Normal,4
AGRI-13626,2022,7,Thanjavur,Cauvery Delta Alluvium,Paddy (Rice),Kuruvai (Jun-Sep),82.62,25.8,57.7,23.0,3191.3,19628.5,8951.6,7113.8,257.95,High,4
AGRI-13627,2025,5,Nagapattinam,Coastal Alluvium & Saline,Groundnut,Adipattam (Jul-Aug),27.99,27.4,88.6,103.5,3488.8,1550.4,2904.6,2201.1,83.4,High,3
AGRI-13628,2023,6,Madurai,Clayey Red Loam,Sugarcane,Mid (Feb-Mar),80.92,27.8,85.3,93.7,27888.5,44053.0,13453.8,14967.8,554.25,Low,6
AGRI-13629,2026,10,Thanjavur,Cauvery Delta Alluvium,Sugarcane,Early (Dec-Jan),28.59,32.8,81.4,164.0,9649.2,15620.3,5016.5,5750.8,178.62,High,7
AGRI-13630,2021,10,Tiruvarur,Deltaic Alluvium,Pulses (Blackgram/Greengram),Rice Fallow (Jan-Feb),30.49,30.6,76.6,189.9,613.4,833.7,1764.8,794.8,57.09,High,6
AGRI-13631,2021,11,Perambalur,Black Cotton Soil,Pulses (Blackgram/Greengram),Rainfed (Oct-Nov),76.76,34.2,53.1,130.8,1504.6,2151.2,4394.8,1925.9,97.84,High,5
AGRI-13632,2023,12,Tiruvarur,Deltaic Alluvium,Groundnut,Adipattam (Jul-Aug),87.14,28.6,50.1,230.5,11373.2,4691.0,9006.0,6556.3,135.71,High,6
AGRI-13633,2026,1,Tiruvarur,Deltaic Alluvium,Maize,Kharif (Jun-Sep),39.9,27.1,85.6,38.3,750.9,9727.2,5270.7,3171.8,79.87,Low,4
AGRI-13634,2021,2,Madurai,Clayey Red Loam,Sugarcane,Early (Dec-Jan),83.03,29.0,57.6,47.0,28734.3,39194.4,12973.7,16055.4,335.01,Normal,3
AGRI-13635,2024,2,Thanjavur,Cauvery Delta Alluvium,Pulses (Blackgram/Greengram),Rainfed (Oct-Nov),21.27,28.0,59.9,55.1,435.6,551.0,1114.6,489.5,27.49,Normal,4
AGRI-13636,2024,3,Madurai,Clayey Red Loam,Cotton,Winter Irrigated (Aug-Feb),29.12,38.0,54.6,39.5,87.7,4879.1,2617.7,1913.1,100.79,Low,4
AGRI-13637,2024,8,Thanjavur,Cauvery Delta Alluvium,Cotton,Winter Irrigated (Aug-Feb),66.92,27.0,50.6,82.0,208.1,12978.6,6709.7,4200.0,275.44,Normal,5
AGRI-13638,2024,3,Tiruvarur,Deltaic Alluvium,Sugarcane,Early (Dec-Jan),61.95,35.4,76.2,73.2,21741.8,30068.9,9188.0,12882.0,447.6,Normal,7
AGRI-13639,2024,10,Madurai,Clayey Red Loam,Paddy (Rice),Navarai (Dec-Mar),90.93,27.6,57.3,148.3,3580.4,22891.0,11555.2,7582.6,284.5,High,6
AGRI-13640,2024,4,Madurai,Clayey Red Loam,Paddy (Rice),Kuruvai (Jun-Sep),88.7,22.0,68.7,48.6,3675.5,20356.8,9716.7,7059.9,262.39,High,3
AGRI-13641,2022,9,Karur,Red Sandy & Black Clay,Groundnut,Thai Pattam (Dec-Jan),80.09,24.8,67.4,87.5,10371.4,3860.3,8123.7,5840.3,151.91,Normal,2
AGRI-13642,2022,12,Tiruchirappalli,Alluvial Clay & Red Loam,Maize,Kharif (Jun-Sep),37.42,26.8,61.2,148.7,701.6,11119.5,5609.0,2943.3,82.2,High,3
AGRI-13643,2026,3,Madurai,Clayey Red Loam,Groundnut,Chithirai Pattam (Apr-May),66.08,29.8,80.2,48.2,8368.8,3161.3,6045.6,4718.6,113.5,Normal,4
AGRI-13644,2021,12,Thanjavur,Cauvery Delta Alluvium,Cotton,Winter Irrigated (Aug-Feb),14.86,32.8,56.3,171.4,46.5,2621.2,1548.3,969.8,53.82,High,5
AGRI-13645,2022,3,Perambalur,Black Cotton Soil,Pulses (Blackgram/Greengram),Rainfed (Oct-Nov),41.49,31.0,91.1,38.3,830.2,997.6,1988.8,1098.1,57.15,Low,4
AGRI-13646,2022,5,Tiruvarur,Deltaic Alluvium,Maize,Rabi (Oct-Jan),5.96,32.8,56.0,73.7,105.5,1503.8,802.8,431.9,12.61,Normal,7
AGRI-13647,2022,2,Perambalur,Black Cotton Soil,Cotton,Winter Irrigated (Aug-Feb),68.02,29.0,82.7,67.8,211.7,10355.7,6001.6,4145.6,290.35,Normal,4
AGRI-13648,2021,2,Tiruchirappalli,Alluvial Clay & Red Loam,Groundnut,Thai Pattam (Dec-Jan),63.29,29.3,68.0,23.5,8125.3,2942.0,5958.8,4823.8,116.66,Normal,7
AGRI-13649,2024,6,Perambalur,Black Cotton Soil,Sugarcane,Early (Dec-Jan),4.5,30.5,57.8,41.9,1567.2,2096.3,653.6,943.8,18.79,Low,7
AGRI-13650,2025,12,Nagapattinam,Coastal Alluvium & Saline,Maize,Rabi (Oct-Jan),93.55,29.7,85.6,266.1,1736.6,25186.7,13745.6,6776.7,335.63,High,5
AGRI-13651,2023,9,Madurai,Clayey Red Loam,Cotton,Winter Irrigated (Aug-Feb),38.11,32.0,62.1,206.9,113.0,7418.9,4129.8,2517.9,162.91,High,2
AGRI-13652,2024,5,Madurai,Clayey Red Loam,Cotton,Summer Irrigated (Feb-Jul),30.82,29.0,82.6,22.4,95.4,5007.7,2721.3,2097.9,124.66,Normal,2
AGRI-13653,2023,12,Nagapattinam,Coastal Alluvium & Saline,Maize,Rabi (Oct-Jan),32.41,27.6,89.5,242.3,569.3,8858.5,4809.9,2593.1,106.41,High,7
AGRI-13654,2024,7,Perambalur,Black Cotton Soil,Maize,Kharif (Jun-Sep),14.93,24.7,80.1,16.3,274.4,3495.0,1962.3,1189.2,31.07,Low,7
AGRI-13655,2024,10,Perambalur,Black Cotton Soil,Paddy (Rice),Samba/Thaladi (Aug-Jan),16.56,30.7,66.0,155.3,652.3,3953.1,2180.1,1445.8,49.47,High,5
AGRI-13656,2023,5,Tiruchirappalli,Alluvial Clay & Red Loam,Pulses (Blackgram/Greengram),Rainfed (Oct-Nov),88.24,31.9,73.7,49.4,1789.9,2135.6,4429.6,2197.5,111.35,Low,7
AGRI-13657,2026,8,Nagapattinam,Coastal Alluvium & Saline,Cotton,Summer Irrigated (Feb-Jul),11.84,28.2,53.5,20.9,34.6,1985.1,1074.4,746.7,50.22,Low,3
AGRI-13658,2021,3,Tiruvarur,Deltaic Alluvium,Pulses (Blackgram/Greengram),Rainfed (Oct-Nov),82.34,26.3,90.2,13.0,1629.3,2041.7,4223.4,2128.7,113.95,Normal,6
AGRI-13659,2023,5,Tiruvarur,Deltaic Alluvium,Groundnut,Thai Pattam (Dec-Jan),8.85,36.0,76.7,26.0,1077.4,392.8,763.8,695.6,14.76,Low,4
AGRI-13660,2026,2,Tiruvarur,Deltaic Alluvium,Maize,Rabi (Oct-Jan),62.22,27.2,62.2,7.7,1077.3,16679.8,8184.3,4788.6,126.33,Low,6
AGRI-13661,2021,6,Pudukkottai,Red Laterite & Gravelly,Sugarcane,Mid (Feb-Mar),67.58,32.0,62.3,55.2,22906.6,29203.4,9777.4,13988.3,265.28,Normal,3
AGRI-13662,2023,9,Nagapattinam,Coastal Alluvium & Saline,Paddy (Rice),Samba/Thaladi (Aug-Jan),51.82,32.6,71.2,225.3,2039.9,13263.8,6722.6,4688.3,162.62,High,7
AGRI-13663,2024,6,Madurai,Clayey Red Loam,Cotton,Winter Irrigated (Aug-Feb),83.4,25.5,72.0,0.0,244.5,13974.5,7240.3,5509.0,336.97,Normal,6
AGRI-13664,2026,10,Thanjavur,Cauvery Delta Alluvium,Maize,Kharif (Jun-Sep),92.04,20.9,73.7,138.0,1702.0,26330.4,13340.0,6447.1,210.15,High,2
AGRI-13665,2023,11,Tiruchirappalli,Alluvial Clay & Red Loam,Sugarcane,Mid (Feb-Mar),61.22,32.5,83.5,165.0,22197.6,31021.9,11009.9,11929.0,443.38,High,4
AGRI-13666,2022,10,Perambalur,Black Cotton Soil,Sugarcane,Late (Apr-May),65.75,32.0,67.2,219.1,23037.6,35702.9,11477.3,13477.2,312.61,High,7
AGRI-13667,2021,10,Tiruchirappalli,Alluvial Clay & Red Loam,Groundnut,Adipattam (Jul-Aug),69.7,26.1,91.5,142.3,8532.7,3423.8,7459.1,5467.5,201.01,High,3
AGRI-13668,2021,4,Pudukkottai,Red Laterite & Gravelly,Pulses (Blackgram/Greengram),Rice Fallow (Jan-Feb),11.47,27.8,59.5,58.8,228.7,306.5,568.8,290.7,14.51,Low,7
AGRI-13669,2024,5,Madurai,Clayey Red Loam,Pulses (Blackgram/Greengram),Rice Fallow (Jan-Feb),10.8,30.9,76.2,106.8,219.3,309.0,600.6,259.9,24.44,High,4
AGRI-13670,2026,8,Pudukkottai,Red Laterite & Gravelly,Paddy (Rice),Samba/Thaladi (Aug-Jan),5.82,25.8,61.9,46.6,242.0,1318.3,611.6,503.6,19.2,High,5
AGRI-13671,2026,4,Tiruchirappalli,Alluvial Clay & Red Loam,Cotton,Winter Irrigated (Aug-Feb),91.66,31.3,74.9,15.4,271.0,14463.7,8191.3,5840.7,358.62,Normal,4
AGRI-13672,2026,4,Tiruvarur,Deltaic Alluvium,Groundnut,Adipattam (Jul-Aug),37.26,30.6,88.9,24.8,4878.3,1762.4,3231.6,2746.4,68.03,Normal,7
AGRI-13673,2023,4,Pudukkottai,Red Laterite & Gravelly,Paddy (Rice),Samba/Thaladi (Aug-Jan),67.8,23.1,67.0,37.5,2728.3,14733.7,7735.0,5454.5,187.8,High,5
AGRI-13674,2021,1,Nagapattinam,Coastal Alluvium & Saline,Groundnut,Chithirai Pattam (Apr-May),56.27,36.4,56.5,65.7,6975.2,2427.8,5286.8,4035.9,100.99,Normal,4
AGRI-13675,2022,2,Thanjavur,Cauvery Delta Alluvium,Paddy (Rice),Samba/Thaladi (Aug-Jan),73.36,32.2,76.3,100.9,3050.9,18429.7,9352.2,6200.0,347.81,High,6
AGRI-13676,2022,2,Pudukkottai,Red Laterite & Gravelly,Cotton,Winter Irrigated (Aug-Feb),4.68,31.0,71.9,55.4,14.2,707.7,409.6,310.5,17.97,Normal,4
AGRI-13677,2022,8,Madurai,Clayey Red Loam,Cotton,Summer Irrigated (Feb-Jul),90.23,29.8,60.7,18.7,264.9,15105.9,7769.8,5420.9,325.68,Normal,3
AGRI-13678,2022,12,Thanjavur,Cauvery Delta Alluvium,Cotton,Summer Irrigated (Feb-Jul),20.24,33.7,85.3,182.6,59.7,3603.8,2022.6,1283.3,114.43,High,3
AGRI-13679,2022,11,Madurai,Clayey Red Loam,Paddy (Rice),Navarai (Dec-Mar),3.37,26.7,54.4,166.1,136.8,878.6,425.7,299.5,11.19,High,7
AGRI-13680,2025,2,Karur,Red Sandy & Black Clay,Cotton,Winter Irrigated (Aug-Feb),72.59,36.1,88.0,17.8,225.9,12014.7,6792.7,4955.4,299.1,Low,2
AGRI-13681,2025,12,Nagapattinam,Coastal Alluvium & Saline,Pulses (Blackgram/Greengram),Rainfed (Oct-Nov),44.04,28.3,83.4,277.9,905.4,1226.7,2416.2,1022.9,85.24,High,3
AGRI-13682,2022,3,Thanjavur,Cauvery Delta Alluvium,Pulses (Blackgram/Greengram),Rice Fallow (Jan-Feb),68.42,26.8,57.8,29.3,1391.8,1790.5,3466.6,1665.8,79.17,Low,3
AGRI-13683,2024,11,Nagapattinam,Coastal Alluvium & Saline,Cotton,Summer Irrigated (Feb-Jul),28.4,31.1,79.8,221.2,86.7,5467.8,2838.8,1812.2,172.06,High,5
AGRI-13684,2022,6,Karur,Red Sandy & Black Clay,Groundnut,Adipattam (Jul-Aug),13.77,27.8,78.3,18.9,1708.7,609.3,1244.4,1002.5,24.01,Low,2
AGRI-13685,2024,8,Tiruchirappalli,Alluvial Clay & Red Loam,Sugarcane,Mid (Feb-Mar),65.77,26.2,74.2,16.5,23670.9,31145.6,9494.2,13805.8,303.06,Normal,3
AGRI-13686,2021,3,Nagapattinam,Coastal Alluvium & Saline,Sugarcane,Late (Apr-May),12.18,35.5,87.5,78.6,4146.0,5874.8,1874.5,2451.1,77.74,Normal,7
AGRI-13687,2026,10,Tiruchirappalli,Alluvial Clay & Red Loam,Sugarcane,Late (Apr-May),50.35,34.4,54.0,108.8,17141.7,26188.8,8252.6,9347.8,213.52,High,6
AGRI-13688,2023,5,Madurai,Clayey Red Loam,Paddy (Rice),Kuruvai (Jun-Sep),50.87,32.4,63.9,81.5,2127.7,12699.0,6207.3,4546.1,161.86,High,6
AGRI-13689,2024,10,Nagapattinam,Coastal Alluvium & Saline,Maize,Rabi (Oct-Jan),34.83,27.6,88.9,233.3,631.4,9389.9,5416.3,2462.2,117.78,High,2
AGRI-13690,2026,10,Perambalur,Black Cotton Soil,Sugarcane,Late (Apr-May),65.58,26.9,65.3,143.4,23278.5,34875.4,11219.7,12956.2,305.57,High,3
AGRI-13691,2021,2,Pudukkottai,Red Laterite & Gravelly,Paddy (Rice),Samba/Thaladi (Aug-Jan),15.01,25.5,89.3,42.0,584.3,3134.0,1620.1,1235.2,46.25,High,2
AGRI-13692,2025,8,Madurai,Clayey Red Loam,Groundnut,Adipattam (Jul-Aug),49.22,30.9,61.5,33.4,6290.6,2205.8,4610.7,3770.4,91.41,Normal,7
AGRI-13693,2024,3,Madurai,Clayey Red Loam,Groundnut,Adipattam (Jul-Aug),53.88,24.3,87.0,63.1,6815.2,2346.1,4802.7,3941.5,83.1,Normal,3
AGRI-13694,2022,4,Pudukkottai,Red Laterite & Gravelly,Maize,Kharif (Jun-Sep),61.69,30.3,52.0,23.6,1102.8,14878.6,7869.3,4307.4,133.52,Normal,5
AGRI-13695,2023,10,Madurai,Clayey Red Loam,Pulses (Blackgram/Greengram),Rainfed (Oct-Nov),70.25,25.3,59.6,156.4,1417.3,2127.4,4209.6,1753.8,94.48,High,2
AGRI-13696,2024,10,Nagapattinam,Coastal Alluvium & Saline,Sugarcane,Early (Dec-Jan),38.58,29.4,86.4,244.1,13967.8,21444.5,6864.5,8065.1,247.56,High,2
AGRI-13697,2022,6,Tiruvarur,Deltaic Alluvium,Cotton,Summer Irrigated (Feb-Jul),5.11,23.6,83.4,55.7,15.6,818.1,460.7,308.4,18.45,Normal,3
AGRI-13698,2025,4,Thanjavur,Cauvery Delta Alluvium,Pulses (Blackgram/Greengram),Rainfed (Oct-Nov),60.72,25.8,86.4,54.9,1216.7,1473.5,3175.6,1484.1,74.65,Low,7
AGRI-13699,2022,12,Nagapattinam,Coastal Alluvium & Saline,Sugarcane,Mid (Feb-Mar),53.24,27.9,50.3,259.2,18668.0,29552.5,9215.5,10612.4,204.28,High,7
AGRI-13700,2021,4,Perambalur,Black Cotton Soil,Pulses (Blackgram/Greengram),Rainfed (Oct-Nov),10.29,24.6,91.9,64.6,204.8,270.4,526.2,265.2,13.36,Normal,5
AGRI-13701,2026,8,Perambalur,Black Cotton Soil,Paddy (Rice),Kuruvai (Jun-Sep),53.24,29.9,69.2,54.4,2134.7,11464.6,6071.6,4811.4,173.63,High,6
AGRI-13702,2021,7,Tiruvarur,Deltaic Alluvium,Sugarcane,Late (Apr-May),68.86,31.9,54.2,53.4,23650.8,29776.8,10681.9,14062.5,270.46,Normal,5
AGRI-13703,2024,3,Tiruchirappalli,Alluvial Clay & Red Loam,Paddy (Rice),Kuruvai (Jun-Sep),87.69,31.0,86.5,65.2,3447.5,20040.7,10111.7,7945.8,246.02,High,5
AGRI-13704,2022,10,Karur,Red Sandy & Black Clay,Cotton,Summer Irrigated (Feb-Jul),5.7,25.5,86.5,168.8,17.8,1109.7,572.0,378.8,37.46,High,3
AGRI-13705,2021,4,Perambalur,Black Cotton Soil,Sugarcane,Late (Apr-May),7.5,32.1,76.3,57.4,2663.3,3533.3,1114.1,1413.0,35.1,Normal,7
AGRI-13706,2022,4,Thanjavur,Cauvery Delta Alluvium,Pulses (Blackgram/Greengram),Rice Fallow (Jan-Feb),74.81,24.0,51.2,19.0,1518.8,1791.2,3835.6,1824.9,90.89,Normal,7
AGRI-13707,2022,12,Thanjavur,Cauvery Delta Alluvium,Cotton,Winter Irrigated (Aug-Feb),11.22,30.1,61.9,174.5,34.8,2210.2,1171.6,697.8,40.69,High,4
AGRI-13708,2022,12,Karur,Red Sandy & Black Clay,Sugarcane,Late (Apr-May),21.51,35.8,78.6,128.9,7347.8,10538.9,3626.7,4061.2,143.93,High,7
AGRI-13709,2021,8,Perambalur,Black Cotton Soil,Cotton,Summer Irrigated (Feb-Jul),41.73,26.5,55.1,25.4,127.8,6273.7,3638.2,2864.4,156.9,Normal,2
AGRI-13710,2026,7,Karur,Red Sandy & Black Clay,Paddy (Rice),Kuruvai (Jun-Sep),91.14,29.8,79.1,49.0,3540.6,18938.5,10122.1,8073.4,263.87,High,5
AGRI-13711,2022,12,Tiruchirappalli,Alluvial Clay & Red Loam,Groundnut,Chithirai Pattam (Apr-May),49.82,28.1,84.5,164.5,6103.4,2688.9,5331.6,3836.5,149.91,High,5
AGRI-13712,2025,6,Tiruchirappalli,Alluvial Clay & Red Loam,Groundnut,Thai Pattam (Dec-Jan),21.34,27.6,79.1,0.0,2681.0,1016.1,1954.9,1501.4,35.64,Normal,4
AGRI-13713,2025,4,Karur,Red Sandy & Black Clay,Groundnut,Thai Pattam (Dec-Jan),82.14,33.6,55.2,0.0,10741.4,3608.7,7720.0,6434.1,128.86,Normal,3
AGRI-13714,2021,10,Tiruvarur,Deltaic Alluvium,Maize,Kharif (Jun-Sep),64.52,28.4,55.0,221.1,1174.6,19788.3,9618.4,5134.4,149.34,High,6
AGRI-13715,2022,5,Madurai,Clayey Red Loam,Maize,Kharif (Jun-Sep),55.35,23.7,59.8,47.1,1031.7,13997.6,7099.4,4094.2,120.77,Normal,6
AGRI-13716,2021,8,Madurai,Clayey Red Loam,Cotton,Summer Irrigated (Feb-Jul),43.43,28.2,71.9,52.9,126.9,7205.9,4017.9,2845.8,158.01,Low,6
AGRI-13717,2021,10,Thanjavur,Cauvery Delta Alluvium,Cotton,Summer Irrigated (Feb-Jul),59.53,33.4,56.7,156.4,181.1,10894.4,5865.3,3724.0,211.7,High,2
AGRI-13718,2021,8,Thanjavur,Cauvery Delta Alluvium,Cotton,Winter Irrigated (Aug-Feb),73.46,30.3,77.7,32.9,224.0,11432.8,6596.4,4638.1,262.93,Low,6
AGRI-13719,2025,1,Perambalur,Black Cotton Soil,Maize,Kharif (Jun-Sep),20.07,30.6,82.7,59.2,364.3,5250.2,2575.1,1580.2,40.73,Normal,5
AGRI-13720,2025,1,Karur,Red Sandy & Black Clay,Sugarcane,Early (Dec-Jan),86.78,35.8,76.4,44.4,30849.3,41911.0,13585.1,17310.0,389.43,Normal,7
AGRI-13721,2021,2,Pudukkottai,Red Laterite & Gravelly,Pulses (Blackgram/Greengram),Rainfed (Oct-Nov),93.52,32.8,88.8,54.7,1900.0,2492.4,4842.6,2282.2,119.26,Normal,7
AGRI-13722,2023,12,Tiruchirappalli,Alluvial Clay & Red Loam,Paddy (Rice),Navarai (Dec-Mar),24.18,36.8,80.3,157.7,966.1,5891.8,3185.1,2122.8,109.01,High,6
AGRI-13723,2025,8,Tiruvarur,Deltaic Alluvium,Paddy (Rice),Kuruvai (Jun-Sep),47.74,27.7,86.7,97.9,2001.6,12554.5,6275.5,3958.6,234.36,High,6
AGRI-13724,2024,12,Thanjavur,Cauvery Delta Alluvium,Sugarcane,Late (Apr-May),7.72,28.8,66.8,199.3,2630.7,3790.4,1392.6,1485.0,36.25,High,6
AGRI-13725,2023,1,Perambalur,Black Cotton Soil,Maize,Rabi (Oct-Jan),44.45,26.5,56.5,66.2,794.3,11487.5,5746.2,3236.5,94.24,Low,7
AGRI-13726,2021,1,Thanjavur,Cauvery Delta Alluvium,Paddy (Rice),Kuruvai (Jun-Sep),82.99,27.3,63.3,64.7,3374.2,18610.8,9157.0,6656.9,258.15,High,2
AGRI-13727,2025,12,Madurai,Clayey Red Loam,Pulses (Blackgram/Greengram),Rainfed (Oct-Nov),22.35,25.4,57.4,121.7,439.2,684.5,1237.5,571.7,29.06,High,2
AGRI-13728,2021,1,Thanjavur,Cauvery Delta Alluvium,Pulses (Blackgram/Greengram),Rainfed (Oct-Nov),39.18,26.7,79.0,89.8,789.1,1146.9,2194.9,932.1,83.37,Normal,7
AGRI-13729,2026,6,Karur,Red Sandy & Black Clay,Sugarcane,Mid (Feb-Mar),89.57,32.0,55.6,35.2,30711.0,40551.9,13777.0,18815.0,388.89,Normal,6
AGRI-13730,2025,4,Tiruchirappalli,Alluvial Clay & Red Loam,Cotton,Winter Irrigated (Aug-Feb),77.53,30.5,55.5,55.8,235.2,12147.9,7058.2,5364.9,279.23,Normal,3
AGRI-13731,2023,12,Karur,Red Sandy & Black Clay,Paddy (Rice),Navarai (Dec-Mar),69.86,34.2,78.1,161.7,2837.4,17059.1,9249.9,5650.1,346.43,High,5
AGRI-13732,2023,12,Nagapattinam,Coastal Alluvium & Saline,Pulses (Blackgram/Greengram),Rice Fallow (Jan-Feb),51.0,22.5,84.0,292.5,1010.4,1528.1,2805.8,1355.5,105.13,High,4
AGRI-13733,2023,7,Pudukkottai,Red Laterite & Gravelly,Paddy (Rice),Samba/Thaladi (Aug-Jan),47.65,27.3,91.7,24.0,1836.1,10126.0,5133.0,3749.4,152.68,High,5
AGRI-13734,2025,11,Tiruchirappalli,Alluvial Clay & Red Loam,Cotton,Winter Irrigated (Aug-Feb),6.65,25.9,87.7,160.3,20.3,1303.8,672.5,425.0,38.1,High,7
AGRI-13735,2025,1,Madurai,Clayey Red Loam,Maize,Kharif (Jun-Sep),88.51,34.8,54.8,60.2,1594.5,23436.2,11985.4,6696.8,193.53,Low,2
AGRI-13736,2024,1,Madurai,Clayey Red Loam,Groundnut,Thai Pattam (Dec-Jan),75.2,26.4,78.3,30.2,9084.8,3433.3,6598.3,5297.4,117.14,Low,3
AGRI-13737,2026,2,Perambalur,Black Cotton Soil,Groundnut,Thai Pattam (Dec-Jan),53.83,28.6,69.8,50.2,6878.1,2464.1,5079.2,4014.6,97.83,Normal,2
AGRI-13738,2023,12,Pudukkottai,Red Laterite & Gravelly,Pulses (Blackgram/Greengram),Rainfed (Oct-Nov),76.07,31.1,71.4,168.8,1593.6,2148.5,4474.5,1837.8,95.05,High,4
AGRI-13739,2026,4,Madurai,Clayey Red Loam,Cotton,Winter Irrigated (Aug-Feb),6.35,31.0,69.8,95.4,19.7,1134.0,651.1,384.2,23.06,Normal,7
AGRI-13740,2024,8,Madurai,Clayey Red Loam,Pulses (Blackgram/Greengram),Rice Fallow (Jan-Feb),79.29,35.7,75.8,46.3,1646.7,2094.0,4025.3,2091.6,101.68,Normal,4
AGRI-13741,2024,12,Tiruvarur,Deltaic Alluvium,Maize,Kharif (Jun-Sep),17.42,23.3,87.9,172.7,306.5,5397.0,2691.3,1268.5,54.25,High,5
AGRI-13742,2022,5,Thanjavur,Cauvery Delta Alluvium,Paddy (Rice),Samba/Thaladi (Aug-Jan),62.06,26.7,69.1,54.8,2452.5,12843.9,6564.8,5410.6,174.29,High,7
AGRI-13743,2021,5,Pudukkottai,Red Laterite & Gravelly,Maize,Rabi (Oct-Jan),91.47,25.7,69.2,48.5,1625.5,21550.7,11702.0,6478.8,205.33,Normal,6
AGRI-13744,2024,5,Thanjavur,Cauvery Delta Alluvium,Paddy (Rice),Navarai (Dec-Mar),42.72,27.0,65.5,96.5,1644.4,10922.7,5352.8,3529.7,118.93,Normal,3
AGRI-13745,2026,5,Karur,Red Sandy & Black Clay,Sugarcane,Early (Dec-Jan),17.27,36.3,84.6,11.1,6336.5,7572.7,2715.3,3202.8,67.27,Normal,5
AGRI-13746,2021,9,Tiruvarur,Deltaic Alluvium,Cotton,Summer Irrigated (Feb-Jul),59.42,25.8,81.1,223.0,178.2,10405.5,6384.0,3684.4,355.31,High,4
AGRI-13747,2023,4,Karur,Red Sandy & Black Clay,Pulses (Blackgram/Greengram),Rainfed (Oct-Nov),11.66,30.7,73.7,28.3,234.8,298.7,582.6,296.3,16.38,Low,5
AGRI-13748,2025,12,Perambalur,Black Cotton Soil,Sugarcane,Early (Dec-Jan),57.51,31.4,75.9,144.1,20356.5,29997.9,9912.9,10824.5,392.31,High,2
AGRI-13749,2021,2,Thanjavur,Cauvery Delta Alluvium,Maize,Rabi (Oct-Jan),45.61,25.3,64.6,34.0,819.0,11686.4,6044.5,3533.1,89.84,Normal,5
AGRI-13750,2026,1,Perambalur,Black Cotton Soil,Maize,Rabi (Oct-Jan),64.42,28.1,50.3,117.2,1168.5,19830.0,9825.4,4778.8,124.94,High,4
AGRI-13751,2025,6,Madurai,Clayey Red Loam,Maize,Rabi (Oct-Jan),29.95,27.8,64.1,45.2,559.4,7587.0,3705.5,2286.7,65.09,Normal,6
AGRI-13752,2024,3,Tiruchirappalli,Alluvial Clay & Red Loam,Pulses (Blackgram/Greengram),Rainfed (Oct-Nov),7.66,31.4,85.8,30.8,148.4,200.1,372.7,204.2,10.71,Low,6
AGRI-13753,2026,6,Madurai,Clayey Red Loam,Maize,Kharif (Jun-Sep),14.37,25.3,82.2,28.5,264.7,3766.4,1888.0,1049.1,29.67,Normal,5
AGRI-13754,2022,6,Pudukkottai,Red Laterite & Gravelly,Sugarcane,Late (Apr-May),5.39,30.2,74.1,49.3,1853.7,2302.1,807.3,1013.1,24.51,Normal,3
AGRI-13755,2022,11,Tiruvarur,Deltaic Alluvium,Paddy (Rice),Kuruvai (Jun-Sep),71.38,23.6,77.3,179.7,2878.1,18759.6,9296.3,6199.1,377.41,High,7
AGRI-13756,2026,6,Perambalur,Black Cotton Soil,Paddy (Rice),Kuruvai (Jun-Sep),15.35,26.1,51.3,63.3,638.0,3550.7,1669.2,1314.5,47.71,High,5
AGRI-13757,2023,4,Madurai,Clayey Red Loam,Pulses (Blackgram/Greengram),Rainfed (Oct-Nov),85.17,25.5,77.9,41.2,1697.1,2074.6,4095.1,2133.4,114.76,Normal,7
AGRI-13758,2026,11,Tiruvarur,Deltaic Alluvium,Sugarcane,Late (Apr-May),89.54,34.6,79.2,205.9,32809.7,45142.1,15959.8,18457.8,617.67,High,2
AGRI-13759,2025,2,Perambalur,Black Cotton Soil,Groundnut,Chithirai Pattam (Apr-May),50.83,30.0,88.2,30.2,6174.5,2281.4,4492.4,3621.0,94.12,Normal,2
AGRI-13760,2026,4,Thanjavur,Cauvery Delta Alluvium,Paddy (Rice),Kuruvai (Jun-Sep),22.78,27.2,65.9,45.7,952.3,5107.8,2550.4,1802.0,64.33,High,7
AGRI-13761,2025,1,Perambalur,Black Cotton Soil,Pulses (Blackgram/Greengram),Rainfed (Oct-Nov),76.99,27.4,53.2,45.9,1498.7,1977.8,3684.8,1779.4,89.19,Low,2
AGRI-13762,2021,6,Pudukkottai,Red Laterite & Gravelly,Cotton,Summer Irrigated (Feb-Jul),72.59,32.1,70.4,48.8,218.8,11644.0,6381.3,4546.8,303.81,Normal,2
AGRI-13763,2025,6,Tiruvarur,Deltaic Alluvium,Sugarcane,Early (Dec-Jan),21.27,35.1,56.1,27.0,7444.7,9118.2,3326.2,4352.5,95.34,Normal,5
AGRI-13764,2021,9,Perambalur,Black Cotton Soil,Maize,Kharif (Jun-Sep),68.82,35.0,57.3,167.4,1247.3,18822.3,10002.3,5025.8,144.16,High,6
AGRI-13765,2023,3,Karur,Red Sandy & Black Clay,Pulses (Blackgram/Greengram),Rainfed (Oct-Nov),14.87,25.5,52.4,47.4,305.7,378.3,717.9,354.4,20.88,Normal,4
AGRI-13766,2021,1,Nagapattinam,Coastal Alluvium & Saline,Paddy (Rice),Samba/Thaladi (Aug-Jan),80.84,28.7,75.0,78.5,3359.2,18010.5,9326.8,6648.4,256.41,High,5
AGRI-13767,2023,6,Tiruchirappalli,Alluvial Clay & Red Loam,Maize,Kharif (Jun-Sep),66.95,29.7,55.2,37.7,1159.3,18066.3,8550.1,4647.8,141.42,Normal,5
AGRI-13768,2023,7,Tiruvarur,Deltaic Alluvium,Sugarcane,Early (Dec-Jan),65.48,26.7,65.0,56.6,22815.4,29415.1,9843.8,13405.3,268.79,Low,4
AGRI-13769,2026,7,Karur,Red Sandy & Black Clay,Maize,Rabi (Oct-Jan),71.58,21.5,73.9,27.2,1300.6,19241.3,8951.5,5715.8,137.07,Normal,4
AGRI-13770,2024,12,Madurai,Clayey Red Loam,Maize,Rabi (Oct-Jan),61.87,35.4,51.3,160.5,1077.6,19056.0,9654.5,4917.6,120.84,High,7
AGRI-13771,2022,10,Pudukkottai,Red Laterite & Gravelly,Maize,Rabi (Oct-Jan),82.05,26.4,76.5,144.9,1490.8,24670.0,11979.7,6105.7,305.23,High,3
AGRI-13772,2025,6,Nagapattinam,Coastal Alluvium & Saline,Groundnut,Chithirai Pattam (Apr-May),75.36,28.6,77.8,27.5,9134.9,3618.6,6598.3,5830.1,116.26,Low,7
AGRI-13773,2021,5,Madurai,Clayey Red Loam,Groundnut,Adipattam (Jul-Aug),78.17,23.4,70.4,77.3,9534.2,3395.7,7339.2,5958.3,128.67,Normal,5
AGRI-13774,2023,9,Thanjavur,Cauvery Delta Alluvium,Paddy (Rice),Samba/Thaladi (Aug-Jan),70.42,29.5,70.1,142.0,2825.4,18502.7,8892.0,5846.4,224.86,High,6
AGRI-13775,2023,4,Perambalur,Black Cotton Soil,Maize,Rabi (Oct-Jan),25.02,24.7,55.2,68.0,433.4,5998.3,3103.0,1851.2,50.08,Normal,4
AGRI-13776,2023,2,Nagapattinam,Coastal Alluvium & Saline,Groundnut,Adipattam (Jul-Aug),27.48,27.6,83.2,36.5,3473.4,1252.5,2392.9,2129.1,42.63,Low,6
AGRI-13777,2023,2,Nagapattinam,Coastal Alluvium & Saline,Cotton,Winter Irrigated (Aug-Feb),16.79,35.8,91.5,58.2,51.7,2699.3,1544.1,1005.8,64.51,Low,7
AGRI-13778,2022,12,Madurai,Clayey Red Loam,Paddy (Rice),Kuruvai (Jun-Sep),50.49,33.4,58.0,133.7,2014.9,11947.2,6073.3,4077.1,138.6,High,3
AGRI-13779,2024,9,Pudukkottai,Red Laterite & Gravelly,Pulses (Blackgram/Greengram),Rice Fallow (Jan-Feb),4.53,30.7,87.5,151.0,93.4,139.7,268.3,105.6,10.19,High,3
AGRI-13780,2023,5,Karur,Red Sandy & Black Clay,Paddy (Rice),Navarai (Dec-Mar),43.07,27.3,65.1,37.0,1756.6,8901.7,4757.8,3681.8,128.88,Low,7
AGRI-13781,2025,4,Pudukkottai,Red Laterite & Gravelly,Sugarcane,Late (Apr-May),20.04,29.5,54.7,28.7,7216.2,8930.1,2885.5,4078.3,93.94,Low,5
AGRI-13782,2026,6,Perambalur,Black Cotton Soil,Groundnut,Thai Pattam (Dec-Jan),40.65,27.7,66.1,70.9,5090.7,1864.9,3781.8,2970.6,70.32,Low,2
AGRI-13783,2024,6,Pudukkottai,Red Laterite & Gravelly,Pulses (Blackgram/Greengram),Rainfed (Oct-Nov),15.73,22.6,76.5,43.5,325.2,409.9,825.8,416.1,20.35,Normal,2
AGRI-13784,2021,9,Pudukkottai,Red Laterite & Gravelly,Paddy (Rice),Navarai (Dec-Mar),28.82,26.9,74.3,174.8,1178.9,7025.4,3512.3,2568.5,90.87,High,5
AGRI-13785,2024,7,Nagapattinam,Coastal Alluvium & Saline,Pulses (Blackgram/Greengram),Rice Fallow (Jan-Feb),92.34,27.6,65.4,97.4,1881.6,2535.7,5258.3,2157.9,121.97,Low,7
AGRI-13786,2024,12,Tiruchirappalli,Alluvial Clay & Red Loam,Groundnut,Adipattam (Jul-Aug),8.06,27.3,60.0,132.6,984.8,418.6,869.5,592.4,13.36,High,4
AGRI-13787,2026,8,Tiruchirappalli,Alluvial Clay & Red Loam,Paddy (Rice),Navarai (Dec-Mar),22.3,30.7,54.8,28.6,880.0,5060.7,2353.8,1912.8,62.96,Low,6
AGRI-13788,2022,4,Tiruvarur,Deltaic Alluvium,Pulses (Blackgram/Greengram),Rainfed (Oct-Nov),93.74,30.8,60.3,35.8,1841.9,2228.4,4818.7,2463.1,111.22,Low,3
AGRI-13789,2025,1,Perambalur,Black Cotton Soil,Maize,Kharif (Jun-Sep),82.83,26.6,66.2,17.5,1515.6,19519.3,10389.0,6532.9,159.46,Normal,3
AGRI-13790,2026,12,Madurai,Clayey Red Loam,Paddy (Rice),Navarai (Dec-Mar),82.64,25.4,69.2,148.4,3348.5,20077.4,10026.3,7085.2,239.84,High,7
AGRI-13791,2023,2,Karur,Red Sandy & Black Clay,Pulses (Blackgram/Greengram),Rainfed (Oct-Nov),66.17,29.6,60.1,34.5,1338.9,1575.9,3150.0,1718.3,92.46,Low,5
AGRI-13792,2022,11,Thanjavur,Cauvery Delta Alluvium,Sugarcane,Early (Dec-Jan),72.78,27.9,81.2,157.6,26583.7,36791.6,13074.8,14709.5,518.06,High,4
AGRI-13793,2023,9,Nagapattinam,Coastal Alluvium & Saline,Sugarcane,Late (Apr-May),23.26,25.4,65.2,216.1,8185.6,12371.9,4025.7,4434.7,97.4,High,4
AGRI-13794,2021,1,Tiruchirappalli,Alluvial Clay & Red Loam,Sugarcane,Late (Apr-May),38.34,32.5,86.8,19.0,13772.8,17033.0,5923.1,7496.2,160.83,Normal,3
AGRI-13795,2022,7,Madurai,Clayey Red Loam,Cotton,Summer Irrigated (Feb-Jul),47.36,34.5,56.3,59.8,149.0,7272.7,4227.3,3085.8,190.52,Normal,7
AGRI-13796,2023,11,Madurai,Clayey Red Loam,Sugarcane,Late (Apr-May),94.7,37.8,54.6,199.8,32221.3,52026.7,16797.3,19472.1,413.27,High,6
AGRI-13797,2023,3,Pudukkottai,Red Laterite & Gravelly,Sugarcane,Late (Apr-May),65.39,35.8,67.1,3.4,23850.9,30949.1,9486.6,12915.4,308.88,Normal,4
AGRI-13798,2026,1,Tiruchirappalli,Alluvial Clay & Red Loam,Cotton,Winter Irrigated (Aug-Feb),76.4,29.4,50.7,23.0,233.1,11405.4,7036.4,4649.9,323.48,Low,2
AGRI-13799,2025,9,Pudukkottai,Red Laterite & Gravelly,Paddy (Rice),Kuruvai (Jun-Sep),71.51,25.3,67.6,146.6,2863.3,18997.5,9360.7,5921.5,202.92,High,7
AGRI-13800,2023,8,Pudukkottai,Red Laterite & Gravelly,Cotton,Winter Irrigated (Aug-Feb),70.13,26.8,57.8,18.7,213.1,11486.1,6362.9,4409.8,293.98,Normal,5
AGRI-13801,2025,9,Perambalur,Black Cotton Soil,Cotton,Winter Irrigated (Aug-Feb),29.92,31.7,58.9,206.7,86.4,5288.1,3141.0,1982.2,115.88,High,4
AGRI-13802,2023,2,Madurai,Clayey Red Loam,Groundnut,Thai Pattam (Dec-Jan),66.69,34.2,65.0,42.9,8685.1,2795.7,6113.5,4722.1,107.39,Normal,4
AGRI-13803,2023,3,Tiruchirappalli,Alluvial Clay & Red Loam,Pulses (Blackgram/Greengram),Rice Fallow (Jan-Feb),6.17,32.1,74.2,57.5,118.8,147.2,305.9,158.0,7.16,Low,5
AGRI-13804,2023,7,Tiruvarur,Deltaic Alluvium,Cotton,Winter Irrigated (Aug-Feb),48.3,29.0,81.4,83.7,140.0,8354.9,4808.0,2959.6,271.9,Low,6
AGRI-13805,2024,7,Thanjavur,Cauvery Delta Alluvium,Maize,Kharif (Jun-Sep),89.19,28.3,81.8,85.3,1658.2,24952.2,13964.3,6555.2,276.95,Low,6
AGRI-13806,2026,8,Pudukkottai,Red Laterite & Gravelly,Cotton,Summer Irrigated (Feb-Jul),78.04,36.1,68.5,6.0,238.5,11745.5,7327.3,4960.6,276.64,Normal,4
AGRI-13807,2022,2,Nagapattinam,Coastal Alluvium & Saline,Paddy (Rice),Kuruvai (Jun-Sep),80.01,28.5,83.7,85.9,3240.4,21602.6,10013.1,6367.4,422.53,High,5
AGRI-13808,2024,7,Tiruvarur,Deltaic Alluvium,Maize,Kharif (Jun-Sep),49.91,30.2,81.2,107.7,896.8,13416.4,7743.6,3632.7,179.94,High,7
AGRI-13809,2021,12,Karur,Red Sandy & Black Clay,Cotton,Summer Irrigated (Feb-Jul),76.71,30.0,70.3,124.8,238.4,15117.8,7885.9,5157.7,316.43,High,6
AGRI-13810,2023,9,Madurai,Clayey Red Loam,Sugarcane,Late (Apr-May),71.6,34.6,75.2,153.3,24882.6,35062.6,12925.0,13644.6,532.27,High,4
AGRI-13811,2023,9,Nagapattinam,Coastal Alluvium & Saline,Sugarcane,Mid (Feb-Mar),19.8,27.2,66.7,204.0,7130.6,10193.8,3547.5,4007.5,89.66,High,6
AGRI-13812,2024,9,Tiruvarur,Deltaic Alluvium,Cotton,Summer Irrigated (Feb-Jul),5.46,25.9,74.0,194.1,16.0,983.1,552.6,336.5,21.09,High,5
AGRI-13813,2026,7,Tiruvarur,Deltaic Alluvium,Paddy (Rice),Kuruvai (Jun-Sep),78.03,27.0,84.5,117.0,3127.0,21174.6,10155.1,6236.4,360.58,High,7
AGRI-13814,2023,2,Madurai,Clayey Red Loam,Maize,Rabi (Oct-Jan),12.18,23.8,60.5,25.6,225.3,3228.4,1601.9,952.3,25.75,Normal,2
AGRI-13815,2021,6,Karur,Red Sandy & Black Clay,Cotton,Summer Irrigated (Feb-Jul),90.67,33.4,69.3,39.8,267.5,14861.1,8020.2,5743.7,365.26,Normal,5
AGRI-13816,2024,8,Karur,Red Sandy & Black Clay,Paddy (Rice),Navarai (Dec-Mar),78.15,22.9,54.3,52.4,3102.8,18515.6,8356.7,6285.0,260.1,Low,5
AGRI-13817,2026,1,Madurai,Clayey Red Loam,Sugarcane,Late (Apr-May),32.62,31.7,68.1,50.8,11407.8,15472.3,4950.7,6460.7,149.51,Low,6
AGRI-13818,2023,11,Nagapattinam,Coastal Alluvium & Saline,Pulses (Blackgram/Greengram),Rainfed (Oct-Nov),17.57,21.6,83.4,246.4,347.3,489.8,1009.4,407.8,38.76,High,6
AGRI-13819,2021,11,Madurai,Clayey Red Loam,Sugarcane,Late (Apr-May),15.5,33.1,51.0,142.8,5328.2,8566.5,2769.2,2874.3,67.67,High,5
AGRI-13820,2024,2,Tiruvarur,Deltaic Alluvium,Groundnut,Chithirai Pattam (Apr-May),88.17,33.0,84.8,53.1,11306.5,3931.5,7971.8,6984.2,147.23,Normal,4
AGRI-13821,2025,9,Madurai,Clayey Red Loam,Maize,Rabi (Oct-Jan),69.34,31.0,71.3,179.7,1216.5,20091.4,9988.0,5144.6,139.68,High,5
AGRI-13822,2026,8,Madurai,Clayey Red Loam,Cotton,Winter Irrigated (Aug-Feb),52.09,25.9,73.5,25.1,154.9,8727.9,4581.6,3467.2,193.68,Low,2
AGRI-13823,2026,10,Pudukkottai,Red Laterite & Gravelly,Groundnut,Chithirai Pattam (Apr-May),61.54,26.0,62.5,163.0,7769.2,3395.4,6266.4,4732.1,94.98,High,7
AGRI-13824,2026,5,Nagapattinam,Coastal Alluvium & Saline,Sugarcane,Late (Apr-May),34.4,36.0,74.1,69.9,12078.3,16340.2,5393.8,6895.8,136.18,Normal,6
AGRI-13825,2022,5,Karur,Red Sandy & Black Clay,Paddy (Rice),Kuruvai (Jun-Sep),55.1,27.8,76.8,74.1,2157.7,12078.4,6086.8,4559.7,265.87,High,4
AGRI-13826,2026,9,Pudukkottai,Red Laterite & Gravelly,Cotton,Winter Irrigated (Aug-Feb),40.44,31.7,58.8,220.0,124.7,7690.6,4020.0,2696.1,142.59,High,5
AGRI-13827,2026,5,Madurai,Clayey Red Loam,Pulses (Blackgram/Greengram),Rainfed (Oct-Nov),44.31,31.9,91.7,67.9,881.0,1116.4,2253.4,1165.1,52.91,Normal,6
AGRI-13828,2024,11,Tiruvarur,Deltaic Alluvium,Maize,Kharif (Jun-Sep),84.32,27.9,69.2,186.6,1499.7,23200.7,12965.4,6115.2,163.64,High,5
AGRI-13829,2022,7,Tiruchirappalli,Alluvial Clay & Red Loam,Pulses (Blackgram/Greengram),Rice Fallow (Jan-Feb),52.37,31.7,60.9,36.2,1068.4,1245.4,2492.6,1378.6,65.15,Normal,4
AGRI-13830,2023,12,Thanjavur,Cauvery Delta Alluvium,Sugarcane,Early (Dec-Jan),56.74,29.6,91.9,190.3,19402.9,30230.4,9552.9,10645.6,398.67,High,6
AGRI-13831,2026,7,Karur,Red Sandy & Black Clay,Groundnut,Chithirai Pattam (Apr-May),87.69,32.2,55.0,33.6,10529.0,4054.2,7570.2,6673.0,155.36,Low,2
AGRI-13832,2021,3,Tiruchirappalli,Alluvial Clay & Red Loam,Groundnut,Adipattam (Jul-Aug),31.22,29.7,54.7,55.9,3999.2,1406.6,2732.4,2425.4,53.85,Normal,5
AGRI-13833,2022,9,Madurai,Clayey Red Loam,Sugarcane,Mid (Feb-Mar),6.92,31.2,62.9,146.6,2474.0,3778.4,1168.4,1274.7,28.79,High,5
AGRI-13834,2024,9,Tiruchirappalli,Alluvial Clay & Red Loam,Maize,Rabi (Oct-Jan),11.77,24.1,84.9,152.5,216.4,3196.0,1795.4,836.2,43.15,High,5
AGRI-13835,2022,4,Tiruvarur,Deltaic Alluvium,Sugarcane,Late (Apr-May),69.33,25.8,70.2,59.8,23457.0,31074.3,10025.5,13375.8,266.83,Normal,5
AGRI-13836,2026,1,Perambalur,Black Cotton Soil,Maize,Rabi (Oct-Jan),89.48,22.0,89.3,0.3,1672.7,22235.3,11499.4,6776.3,202.33,Normal,3
AGRI-13837,2021,3,Perambalur,Black Cotton Soil,Paddy (Rice),Samba/Thaladi (Aug-Jan),27.82,28.4,69.9,35.8,1071.2,6312.2,3023.9,2240.9,79.91,High,5
AGRI-13838,2022,11,Thanjavur,Cauvery Delta Alluvium,Groundnut,Chithirai Pattam (Apr-May),93.92,29.5,83.9,212.0,11523.2,4595.4,10111.9,7237.9,245.91,High,6
AGRI-13839,2025,7,Tiruvarur,Deltaic Alluvium,Maize,Kharif (Jun-Sep),71.36,26.7,79.1,62.5,1333.7,16979.0,9567.3,5289.7,136.77,Normal,5
AGRI-13840,2025,10,Madurai,Clayey Red Loam,Cotton,Winter Irrigated (Aug-Feb),93.11,28.0,91.6,177.0,292.2,16630.9,9993.5,6401.5,618.51,High,3
AGRI-13841,2025,10,Nagapattinam,Coastal Alluvium & Saline,Maize,Kharif (Jun-Sep),11.26,24.6,75.0,265.0,202.9,3236.6,1691.8,881.9,22.13,High,7
AGRI-13842,2026,5,Karur,Red Sandy & Black Clay,Pulses (Blackgram/Greengram),Rice Fallow (Jan-Feb),81.62,24.3,78.3,33.0,1686.6,2047.1,4196.6,2059.1,102.98,Normal,6
AGRI-13843,2021,12,Madurai,Clayey Red Loam,Pulses (Blackgram/Greengram),Rainfed (Oct-Nov),40.16,29.7,55.2,204.4,812.9,1100.0,2346.4,957.1,56.17,High,3
AGRI-13844,2026,11,Tiruvarur,Deltaic Alluvium,Groundnut,Chithirai Pattam (Apr-May),17.98,27.4,50.2,232.7,2308.8,871.2,1873.0,1339.7,29.15,High,7
AGRI-13845,2023,2,Perambalur,Black Cotton Soil,Maize,Rabi (Oct-Jan),60.19,25.6,66.3,41.1,1125.2,15951.6,8154.3,4478.8,132.58,Normal,6
AGRI-13846,2022,10,Karur,Red Sandy & Black Clay,Sugarcane,Late (Apr-May),90.77,37.8,64.4,92.4,32286.1,45183.6,15463.4,19403.5,429.47,Normal,2
AGRI-13847,2023,2,Perambalur,Black Cotton Soil,Maize,Kharif (Jun-Sep),10.17,29.5,71.7,63.7,183.8,2456.4,1354.0,721.1,22.88,Normal,6
AGRI-13848,2023,4,Nagapattinam,Coastal Alluvium & Saline,Maize,Kharif (Jun-Sep),44.05,25.3,66.6,106.6,831.7,13271.6,6436.7,3297.6,87.48,High,5
AGRI-13849,2024,10,Pudukkottai,Red Laterite & Gravelly,Groundnut,Adipattam (Jul-Aug),19.7,23.0,83.7,106.6,2420.5,1005.5,2009.4,1429.0,57.64,High,7
AGRI-13850,2024,2,Perambalur,Black Cotton Soil,Sugarcane,Early (Dec-Jan),92.99,30.0,69.5,81.7,31569.3,47015.3,16086.2,19818.8,396.36,Low,3
AGRI-13851,2022,6,Madurai,Clayey Red Loam,Maize,Kharif (Jun-Sep),17.58,23.3,63.8,86.7,311.2,4960.7,2539.4,1338.2,38.93,Normal,3
AGRI-13852,2023,4,Karur,Red Sandy & Black Clay,Pulses (Blackgram/Greengram),Rainfed (Oct-Nov),75.75,32.5,76.5,46.3,1544.5,1786.7,3934.7,1889.4,108.09,Normal,6
AGRI-13853,2023,11,Nagapattinam,Coastal Alluvium & Saline,Maize,Kharif (Jun-Sep),55.47,32.6,72.4,275.5,992.6,14892.4,8587.4,3880.9,115.04,High,6
AGRI-13854,2021,6,Perambalur,Black Cotton Soil,Cotton,Winter Irrigated (Aug-Feb),92.72,25.8,65.5,66.3,284.2,15466.5,8274.7,6136.2,346.93,Normal,7
AGRI-13855,2026,2,Madurai,Clayey Red Loam,Pulses (Blackgram/Greengram),Rice Fallow (Jan-Feb),19.87,27.6,83.4,62.7,413.8,493.6,968.2,502.4,27.79,Low,5
AGRI-13856,2025,12,Tiruvarur,Deltaic Alluvium,Sugarcane,Mid (Feb-Mar),90.43,34.7,72.1,228.2,30948.3,43568.3,15849.1,18303.7,355.21,High,4
AGRI-13857,2021,5,Thanjavur,Cauvery Delta Alluvium,Maize,Kharif (Jun-Sep),78.84,24.2,63.9,54.2,1419.8,18568.1,10665.4,6238.0,151.15,Low,7
AGRI-13858,2021,11,Pudukkottai,Red Laterite & Gravelly,Cotton,Summer Irrigated (Feb-Jul),84.48,32.7,72.2,166.7,246.6,14761.9,8609.2,5270.0,347.89,High,7
AGRI-13859,2026,4,Nagapattinam,Coastal Alluvium & Saline,Cotton,Winter Irrigated (Aug-Feb),18.61,31.3,50.3,45.8,58.2,2879.1,1593.9,1185.4,65.21,Normal,3
AGRI-13860,2023,11,Madurai,Clayey Red Loam,Maize,Kharif (Jun-Sep),64.82,26.7,62.5,154.7,1123.3,19405.5,10087.3,4998.5,124.37,High,7
AGRI-13861,2024,9,Madurai,Clayey Red Loam,Maize,Rabi (Oct-Jan),30.71,23.4,80.6,125.4,556.2,8501.3,4379.7,2143.1,94.96,High,7
AGRI-13862,2026,7,Tiruchirappalli,Alluvial Clay & Red Loam,Sugarcane,Early (Dec-Jan),82.75,29.7,79.6,27.6,28619.5,35863.6,12979.9,17533.1,324.06,Normal,2
AGRI-13863,2025,5,Nagapattinam,Coastal Alluvium & Saline,Pulses (Blackgram/Greengram),Rainfed (Oct-Nov),93.19,17.1,76.3,6.4,1817.4,2476.9,4538.9,2229.0,124.24,Normal,3
AGRI-13864,2022,3,Tiruchirappalli,Alluvial Clay & Red Loam,Sugarcane,Mid (Feb-Mar),88.04,30.5,55.5,59.1,31016.8,36999.6,12789.3,16998.1,337.91,Low,6
AGRI-13865,2021,1,Madurai,Clayey Red Loam,Cotton,Winter Irrigated (Aug-Feb),74.55,31.0,85.6,70.1,221.8,11930.1,6937.1,4871.1,443.3,Normal,5
AGRI-13866,2025,11,Pudukkottai,Red Laterite & Gravelly,Groundnut,Thai Pattam (Dec-Jan),10.96,24.0,83.0,139.5,1335.8,545.5,1110.8,781.4,27.46,High,3
AGRI-13867,2026,1,Nagapattinam,Coastal Alluvium & Saline,Paddy (Rice),Kuruvai (Jun-Sep),29.26,34.6,65.8,13.4,1186.4,6645.6,3244.8,2613.0,87.73,High,3
AGRI-13868,2024,6,Tiruchirappalli,Alluvial Clay & Red Loam,Sugarcane,Early (Dec-Jan),16.67,30.3,58.9,41.4,5829.6,7158.8,2579.5,3461.4,67.9,Normal,6
AGRI-13869,2024,4,Karur,Red Sandy & Black Clay,Cotton,Winter Irrigated (Aug-Feb),3.15,27.5,67.6,65.0,9.1,524.3,297.3,203.4,12.87,Normal,7
AGRI-13870,2026,4,Pudukkottai,Red Laterite & Gravelly,Sugarcane,Mid (Feb-Mar),58.67,36.7,82.4,43.3,21466.3,24928.1,8489.2,10809.1,277.74,Normal,4
AGRI-13871,2022,2,Karur,Red Sandy & Black Clay,Paddy (Rice),Samba/Thaladi (Aug-Jan),79.83,28.3,73.6,0.0,3134.7,18390.6,8975.0,6712.9,240.62,High,6
AGRI-13872,2023,1,Karur,Red Sandy & Black Clay,Sugarcane,Late (Apr-May),75.77,34.5,82.6,58.4,27065.3,34275.8,11005.3,15180.7,313.6,Normal,2
AGRI-13873,2026,2,Tiruchirappalli,Alluvial Clay & Red Loam,Paddy (Rice),Samba/Thaladi (Aug-Jan),39.88,32.1,86.2,27.4,1589.6,8870.6,4376.7,3134.7,129.48,High,3
AGRI-13874,2021,4,Thanjavur,Cauvery Delta Alluvium,Groundnut,Adipattam (Jul-Aug),59.25,34.0,73.0,81.8,7296.3,3214.8,6235.1,4330.0,96.53,Low,3
AGRI-13875,2024,9,Thanjavur,Cauvery Delta Alluvium,Maize,Kharif (Jun-Sep),8.92,25.5,78.8,123.7,160.4,2455.6,1324.0,652.0,27.9,High,7
AGRI-13876,2022,4,Madurai,Clayey Red Loam,Pulses (Blackgram/Greengram),Rainfed (Oct-Nov),33.77,27.0,70.2,8.1,681.8,842.8,1704.6,800.2,39.16,Low,4
AGRI-13877,2021,8,Karur,Red Sandy & Black Clay,Cotton,Summer Irrigated (Feb-Jul),23.19,31.7,62.2,51.3,66.8,3862.8,2125.4,1474.0,82.83,Normal,6
AGRI-13878,2024,2,Tiruchirappalli,Alluvial Clay & Red Loam,Paddy (Rice),Navarai (Dec-Mar),12.45,27.4,52.2,91.1,484.6,3098.0,1615.0,1036.6,38.4,Low,7
AGRI-13879,2025,2,Tiruchirappalli,Alluvial Clay & Red Loam,Paddy (Rice),Navarai (Dec-Mar),28.83,24.7,63.1,87.8,1134.3,7548.9,3530.4,2620.4,80.49,Low,3
AGRI-13880,2025,2,Perambalur,Black Cotton Soil,Paddy (Rice),Samba/Thaladi (Aug-Jan),25.59,29.6,55.0,78.2,1040.2,5930.9,2867.7,2183.3,75.73,High,6
AGRI-13881,2025,7,Tiruvarur,Deltaic Alluvium,Sugarcane,Late (Apr-May),47.18,31.2,79.7,69.0,16679.7,20458.7,7117.4,9847.0,209.59,Normal,4
AGRI-13882,2025,10,Madurai,Clayey Red Loam,Paddy (Rice),Kuruvai (Jun-Sep),86.27,29.6,71.8,117.5,3380.4,22359.5,11282.6,7034.2,256.1,High,7
AGRI-13883,2022,7,Perambalur,Black Cotton Soil,Maize,Kharif (Jun-Sep),71.57,23.0,64.1,60.6,1283.0,16767.2,9482.7,5045.7,160.26,Normal,7
AGRI-13884,2024,5,Tiruvarur,Deltaic Alluvium,Pulses (Blackgram/Greengram),Rice Fallow (Jan-Feb),60.7,32.7,79.8,42.4,1195.9,1557.1,3162.9,1428.7,75.5,Normal,7
AGRI-13885,2021,5,Tiruvarur,Deltaic Alluvium,Sugarcane,Late (Apr-May),63.58,29.0,84.1,58.8,23074.8,30717.7,9386.2,13184.3,290.95,Normal,4
AGRI-13886,2022,6,Karur,Red Sandy & Black Clay,Sugarcane,Late (Apr-May),8.14,32.6,89.8,51.6,2767.6,3426.2,1168.4,1545.0,36.41,Normal,2
AGRI-13887,2022,12,Karur,Red Sandy & Black Clay,Groundnut,Thai Pattam (Dec-Jan),94.11,24.5,56.4,54.7,12322.5,4559.2,8421.2,6937.5,159.69,Low,7
AGRI-13888,2024,5,Thanjavur,Cauvery Delta Alluvium,Cotton,Summer Irrigated (Feb-Jul),15.71,28.4,70.7,60.9,46.0,2423.1,1353.0,1009.8,62.73,Low,6
AGRI-13889,2026,2,Tiruvarur,Deltaic Alluvium,Pulses (Blackgram/Greengram),Rice Fallow (Jan-Feb),44.86,25.1,50.6,56.1,875.0,1049.4,2281.6,1080.3,51.68,Normal,5
AGRI-13890,2023,3,Karur,Red Sandy & Black Clay,Sugarcane,Early (Dec-Jan),13.33,35.9,81.7,48.6,4892.2,6311.6,2043.7,2590.7,59.12,Low,5
AGRI-13891,2022,7,Thanjavur,Cauvery Delta Alluvium,Cotton,Summer Irrigated (Feb-Jul),53.87,33.7,78.1,55.8,155.4,8997.6,4788.0,3424.8,220.16,Normal,5
AGRI-13892,2026,11,Pudukkottai,Red Laterite & Gravelly,Sugarcane,Mid (Feb-Mar),69.26,36.9,73.5,177.9,25363.2,35860.5,11441.2,14333.2,317.72,High,3
AGRI-13893,2023,4,Perambalur,Black Cotton Soil,Sugarcane,Mid (Feb-Mar),92.38,30.2,63.4,35.9,33336.5,39938.2,14274.5,19064.2,402.31,Normal,2
AGRI-13894,2021,1,Madurai,Clayey Red Loam,Groundnut,Thai Pattam (Dec-Jan),24.61,30.8,69.9,49.9,3222.5,1085.6,2104.5,1868.7,41.32,Normal,2
AGRI-13895,2025,4,Karur,Red Sandy & Black Clay,Cotton,Winter Irrigated (Aug-Feb),72.77,31.8,68.5,74.4,215.3,10849.7,6605.5,4460.6,251.87,Normal,4
AGRI-13896,2022,6,Tiruvarur,Deltaic Alluvium,Groundnut,Adipattam (Jul-Aug),93.96,21.8,71.2,65.2,11599.9,4120.5,8846.5,6740.6,170.54,Normal,6
AGRI-13897,2022,12,Pudukkottai,Red Laterite & Gravelly,Groundnut,Thai Pattam (Dec-Jan),25.2,30.5,66.5,148.0,3241.1,1406.5,2577.8,1767.2,43.07,High,6
AGRI-13898,2025,12,Tiruchirappalli,Alluvial Clay & Red Loam,Cotton,Winter Irrigated (Aug-Feb),10.5,25.6,54.5,128.9,32.3,2018.9,1035.4,708.0,37.25,High,2
AGRI-13899,2025,8,Karur,Red Sandy & Black Clay,Groundnut,Adipattam (Jul-Aug),12.93,31.4,70.2,18.7,1567.1,593.5,1111.7,982.5,20.35,Low,6
AGRI-13900,2024,9,Tiruvarur,Deltaic Alluvium,Paddy (Rice),Navarai (Dec-Mar),34.79,33.7,75.3,208.9,1401.2,9032.2,4476.5,3127.3,157.24,High,5
AGRI-13901,2026,2,Tiruchirappalli,Alluvial Clay & Red Loam,Pulses (Blackgram/Greengram),Rainfed (Oct-Nov),3.79,27.4,59.8,76.0,74.2,97.1,183.2,90.6,4.57,Normal,4
AGRI-13902,2026,1,Madurai,Clayey Red Loam,Sugarcane,Mid (Feb-Mar),33.32,25.9,51.2,1.1,12154.9,15829.8,4970.2,6177.2,146.66,Normal,4
AGRI-13903,2026,8,Madurai,Clayey Red Loam,Maize,Rabi (Oct-Jan),53.08,30.2,58.0,69.4,969.1,12602.0,7187.6,3896.5,112.07,Low,3
AGRI-13904,2023,8,Pudukkottai,Red Laterite & Gravelly,Maize,Rabi (Oct-Jan),31.18,33.4,82.8,20.3,579.9,7270.7,4154.4,2350.4,72.01,Normal,5
AGRI-13905,2025,2,Tiruchirappalli,Alluvial Clay & Red Loam,Paddy (Rice),Kuruvai (Jun-Sep),77.59,34.5,60.8,75.5,3004.1,18052.5,8168.0,7021.3,208.07,High,4
AGRI-13906,2023,12,Nagapattinam,Coastal Alluvium & Saline,Cotton,Winter Irrigated (Aug-Feb),52.62,32.1,83.0,233.6,155.5,10335.3,5208.3,3523.5,354.26,High,4
AGRI-13907,2021,2,Nagapattinam,Coastal Alluvium & Saline,Maize,Rabi (Oct-Jan),74.1,28.8,82.7,64.8,1396.8,19911.2,9521.6,5408.9,164.82,Low,3
AGRI-13908,2026,12,Pudukkottai,Red Laterite & Gravelly,Sugarcane,Mid (Feb-Mar),40.15,34.4,78.9,118.6,14226.1,20127.7,7135.5,8200.9,244.34,High,6
AGRI-13909,2026,9,Nagapattinam,Coastal Alluvium & Saline,Groundnut,Adipattam (Jul-Aug),55.64,30.8,57.8,265.2,7170.5,2892.2,5649.7,3985.7,98.64,High,4
AGRI-13910,2022,3,Pudukkottai,Red Laterite & Gravelly,Pulses (Blackgram/Greengram),Rice Fallow (Jan-Feb),54.02,30.3,74.5,41.1,1042.0,1287.2,2669.1,1403.0,64.04,Normal,7
AGRI-13911,2022,6,Tiruchirappalli,Alluvial Clay & Red Loam,Pulses (Blackgram/Greengram),Rainfed (Oct-Nov),57.68,24.9,84.3,0.0,1109.8,1506.3,2822.6,1511.6,79.05,Normal,6
AGRI-13912,2021,3,Tiruvarur,Deltaic Alluvium,Cotton,Winter Irrigated (Aug-Feb),83.95,31.4,73.4,79.2,261.0,13711.8,7379.9,5543.9,317.16,Normal,6
AGRI-13913,2026,7,Pudukkottai,Red Laterite & Gravelly,Paddy (Rice),Kuruvai (Jun-Sep),17.06,28.6,81.9,62.5,703.6,3951.3,1960.5,1508.7,50.23,High,2
AGRI-13914,2024,1,Madurai,Clayey Red Loam,Sugarcane,Early (Dec-Jan),25.37,35.2,84.5,42.7,8903.3,11283.3,3957.2,4704.6,105.23,Normal,7
AGRI-13915,2024,5,Madurai,Clayey Red Loam,Maize,Kharif (Jun-Sep),68.88,28.9,72.3,22.9,1254.9,16058.2,8641.1,4830.8,159.08,Normal,4
AGRI-13916,2023,6,Tiruchirappalli,Alluvial Clay & Red Loam,Paddy (Rice),Kuruvai (Jun-Sep),88.43,27.7,86.4,26.0,3463.1,18615.8,10082.5,6950.4,250.17,High,3
AGRI-13917,2023,11,Pudukkottai,Red Laterite & Gravelly,Cotton,Winter Irrigated (Aug-Feb),24.03,31.5,83.3,164.7,71.0,4639.6,2607.9,1544.8,154.97,High,7
AGRI-13918,2021,10,Tiruchirappalli,Alluvial Clay & Red Loam,Pulses (Blackgram/Greengram),Rainfed (Oct-Nov),85.18,24.7,76.1,138.1,1684.4,2285.3,5000.7,2181.3,191.4,High,2
AGRI-13919,2023,9,Karur,Red Sandy & Black Clay,Maize,Rabi (Oct-Jan),85.12,28.6,58.6,99.2,1589.4,23051.1,13120.8,6292.4,186.75,Low,6
AGRI-13920,2021,5,Madurai,Clayey Red Loam,Groundnut,Adipattam (Jul-Aug),45.61,22.4,51.9,34.2,5825.0,2156.0,4164.4,3166.2,80.02,Normal,3
AGRI-13921,2026,5,Nagapattinam,Coastal Alluvium & Saline,Maize,Kharif (Jun-Sep),61.82,26.8,80.5,76.6,1073.4,15205.0,8130.4,4888.6,193.65,Low,3
AGRI-13922,2021,3,Nagapattinam,Coastal Alluvium & Saline,Paddy (Rice),Navarai (Dec-Mar),70.17,25.9,56.7,86.1,2894.2,16803.0,9278.6,6098.8,219.32,Normal,4
AGRI-13923,2021,4,Thanjavur,Cauvery Delta Alluvium,Maize,Rabi (Oct-Jan),47.68,27.3,69.9,38.4,879.0,12516.8,5974.6,3808.8,101.34,Normal,4
AGRI-13924,2021,10,Nagapattinam,Coastal Alluvium & Saline,Groundnut,Thai Pattam (Dec-Jan),11.86,31.2,63.2,225.3,1477.9,575.8,1248.6,924.9,21.42,High,5
AGRI-13925,2024,1,Pudukkottai,Red Laterite & Gravelly,Groundnut,Thai Pattam (Dec-Jan),44.05,23.5,87.6,4.4,5615.9,1908.8,4142.8,3113.0,80.76,Normal,6
AGRI-13926,2022,9,Tiruvarur,Deltaic Alluvium,Paddy (Rice),Samba/Thaladi (Aug-Jan),28.64,31.9,58.7,217.3,1184.6,7224.5,3557.3,2294.3,92.56,High,3
AGRI-13927,2021,1,Tiruvarur,Deltaic Alluvium,Maize,Rabi (Oct-Jan),21.91,24.7,67.3,91.1,391.8,6667.1,3133.3,1523.4,47.68,Low,7
AGRI-13928,2023,3,Perambalur,Black Cotton Soil,Sugarcane,Late (Apr-May),74.92,33.7,77.0,42.8,26294.0,32460.2,11055.7,14177.6,311.5,Normal,4
AGRI-13929,2021,7,Madurai,Clayey Red Loam,Cotton,Winter Irrigated (Aug-Feb),55.2,32.4,73.8,45.0,163.8,9332.6,4744.0,3474.4,223.42,Low,5
AGRI-13930,2023,1,Tiruvarur,Deltaic Alluvium,Groundnut,Chithirai Pattam (Apr-May),63.12,29.0,68.0,21.9,8179.6,3013.4,5876.6,4666.5,111.04,Low,6
AGRI-13931,2021,9,Tiruchirappalli,Alluvial Clay & Red Loam,Paddy (Rice),Samba/Thaladi (Aug-Jan),6.15,24.3,87.8,140.3,240.3,1676.7,771.0,509.7,31.27,High,3
AGRI-13932,2023,6,Karur,Red Sandy & Black Clay,Pulses (Blackgram/Greengram),Rainfed (Oct-Nov),86.03,23.0,63.6,33.1,1700.8,2120.0,4190.2,2151.4,109.97,Low,4
AGRI-13933,2023,12,Thanjavur,Cauvery Delta Alluvium,Cotton,Winter Irrigated (Aug-Feb),48.76,30.0,56.7,224.0,140.6,8486.7,4956.9,3359.0,175.11,High,3
AGRI-13934,2026,1,Thanjavur,Cauvery Delta Alluvium,Cotton,Winter Irrigated (Aug-Feb),26.93,24.2,80.2,31.9,79.0,4574.2,2319.7,1744.5,102.01,Low,2
AGRI-13935,2023,2,Tiruchirappalli,Alluvial Clay & Red Loam,Sugarcane,Late (Apr-May),62.55,33.7,59.2,27.8,22138.3,29918.3,9607.1,13211.9,260.06,Normal,5
AGRI-13936,2022,2,Tiruchirappalli,Alluvial Clay & Red Loam,Pulses (Blackgram/Greengram),Rainfed (Oct-Nov),9.08,24.2,67.3,22.2,188.2,223.3,437.3,216.8,10.49,Low,2
AGRI-13937,2021,4,Perambalur,Black Cotton Soil,Paddy (Rice),Navarai (Dec-Mar),5.68,30.2,68.4,57.5,221.3,1201.7,651.4,444.7,16.53,Normal,5
AGRI-13938,2026,7,Pudukkottai,Red Laterite & Gravelly,Paddy (Rice),Samba/Thaladi (Aug-Jan),60.02,30.8,86.8,71.3,2323.0,13210.7,6291.1,5133.9,298.15,High,3
AGRI-13939,2024,10,Madurai,Clayey Red Loam,Maize,Kharif (Jun-Sep),33.58,27.0,76.6,149.6,586.9,9094.6,4995.4,2586.9,120.48,High,7
AGRI-13940,2023,7,Karur,Red Sandy & Black Clay,Cotton,Winter Irrigated (Aug-Feb),35.8,33.5,90.7,37.8,112.2,5391.2,3107.8,2328.9,151.8,Normal,6
AGRI-13941,2026,6,Thanjavur,Cauvery Delta Alluvium,Sugarcane,Late (Apr-May),35.04,30.1,68.8,31.0,12064.4,16561.8,5050.0,7204.0,144.01,Low,7
AGRI-13942,2021,5,Thanjavur,Cauvery Delta Alluvium,Sugarcane,Early (Dec-Jan),42.4,33.6,63.1,74.4,14823.1,18663.0,6547.2,7887.1,169.23,Normal,2
AGRI-13943,2021,3,Tiruvarur,Deltaic Alluvium,Maize,Rabi (Oct-Jan),72.49,25.2,74.5,52.3,1305.4,19307.8,9856.1,5029.1,150.46,Normal,2
AGRI-13944,2022,3,Thanjavur,Cauvery Delta Alluvium,Pulses (Blackgram/Greengram),Rice Fallow (Jan-Feb),43.21,32.8,64.7,34.6,883.9,1018.7,2254.1,1115.6,55.33,Normal,4
AGRI-13945,2025,6,Tiruvarur,Deltaic Alluvium,Sugarcane,Early (Dec-Jan),49.42,33.9,70.3,57.0,18038.6,20778.3,7370.4,9267.1,233.14,Normal,6
AGRI-13946,2023,4,Karur,Red Sandy & Black Clay,Groundnut,Adipattam (Jul-Aug),90.3,32.7,85.5,55.0,11028.6,4070.9,8170.5,7009.8,142.71,Normal,5
AGRI-13947,2023,11,Karur,Red Sandy & Black Clay,Sugarcane,Late (Apr-May),82.18,31.0,74.8,111.0,30016.9,44451.2,14440.0,17126.7,344.98,High,6
AGRI-13948,2022,11,Tiruvarur,Deltaic Alluvium,Maize,Rabi (Oct-Jan),59.11,27.8,55.1,210.2,1049.2,18086.5,8876.0,4516.2,135.19,High,3
AGRI-13949,2023,3,Madurai,Clayey Red Loam,Cotton,Winter Irrigated (Aug-Feb),13.42,34.1,55.4,42.0,41.7,2244.3,1154.2,813.0,53.87,Normal,2
AGRI-13950,2025,2,Tiruvarur,Deltaic Alluvium,Groundnut,Adipattam (Jul-Aug),87.49,32.6,54.7,3.6,10926.2,4174.5,8227.2,6102.1,147.03,Normal,2
AGRI-13951,2025,11,Karur,Red Sandy & Black Clay,Groundnut,Adipattam (Jul-Aug),78.31,32.4,62.1,127.4,9983.7,3943.3,7747.0,5643.5,137.87,High,6
AGRI-13952,2022,9,Perambalur,Black Cotton Soil,Cotton,Summer Irrigated (Feb-Jul),41.62,28.7,63.9,182.5,121.1,7545.7,4228.4,2598.4,167.63,High,6
AGRI-13953,2021,3,Nagapattinam,Coastal Alluvium & Saline,Sugarcane,Early (Dec-Jan),37.64,32.3,67.3,30.5,13110.5,16510.0,5908.0,7521.2,155.97,Low,7
AGRI-13954,2021,5,Madurai,Clayey Red Loam,Maize,Kharif (Jun-Sep),36.47,32.7,85.2,62.1,684.4,8802.4,4587.8,2641.1,73.26,Normal,6
AGRI-13955,2023,3,Madurai,Clayey Red Loam,Paddy (Rice),Kuruvai (Jun-Sep),34.8,30.9,70.0,53.4,1351.0,7331.3,3661.5,2835.4,109.33,High,4
AGRI-13956,2024,2,Madurai,Clayey Red Loam,Cotton,Winter Irrigated (Aug-Feb),34.59,33.2,83.7,77.7,103.9,5306.0,3238.3,2130.6,190.65,Normal,5
AGRI-13957,2024,9,Thanjavur,Cauvery Delta Alluvium,Pulses (Blackgram/Greengram),Rice Fallow (Jan-Feb),58.9,34.7,78.0,170.5,1216.8,1711.9,3274.6,1513.4,113.41,High,4
AGRI-13958,2025,11,Tiruvarur,Deltaic Alluvium,Sugarcane,Mid (Feb-Mar),25.98,30.7,83.7,174.2,9151.6,13292.6,4459.3,5234.9,160.56,High,7
AGRI-13959,2023,7,Thanjavur,Cauvery Delta Alluvium,Cotton,Summer Irrigated (Feb-Jul),11.93,33.1,79.3,65.3,36.4,2036.1,1032.5,787.1,43.98,Normal,4
AGRI-13960,2024,6,Pudukkottai,Red Laterite & Gravelly,Groundnut,Adipattam (Jul-Aug),50.4,29.7,60.3,65.5,6301.9,2256.5,4664.3,3681.8,86.68,Low,4
AGRI-13961,2026,5,Karur,Red Sandy & Black Clay,Paddy (Rice),Navarai (Dec-Mar),71.06,27.8,75.8,28.4,2887.5,14864.5,8189.1,6232.0,193.68,Normal,2
AGRI-13962,2021,9,Karur,Red Sandy & Black Clay,Maize,Rabi (Oct-Jan),48.49,32.5,59.9,121.1,864.9,13530.9,7150.3,3843.2,101.59,High,3
AGRI-13963,2021,12,Tiruchirappalli,Alluvial Clay & Red Loam,Pulses (Blackgram/Greengram),Rice Fallow (Jan-Feb),50.35,28.7,84.9,154.5,1017.7,1487.2,2789.1,1296.2,112.3,High,7
AGRI-13964,2023,10,Tiruvarur,Deltaic Alluvium,Paddy (Rice),Navarai (Dec-Mar),84.53,30.3,60.4,208.1,3408.8,20362.3,11202.7,7588.6,276.54,High,2
AGRI-13965,2024,10,Madurai,Clayey Red Loam,Maize,Kharif (Jun-Sep),62.01,28.7,59.6,109.9,1109.6,18193.1,9491.2,4643.4,141.45,High,5
AGRI-13966,2026,4,Pudukkottai,Red Laterite & Gravelly,Paddy (Rice),Samba/Thaladi (Aug-Jan),40.24,27.0,79.9,45.7,1649.2,8472.3,4465.8,3548.2,112.12,High,5
AGRI-13967,2025,5,Thanjavur,Cauvery Delta Alluvium,Sugarcane,Mid (Feb-Mar),3.54,35.1,52.4,65.1,1226.2,1548.2,507.0,730.3,15.46,Normal,7
AGRI-13968,2024,9,Tiruchirappalli,Alluvial Clay & Red Loam,Pulses (Blackgram/Greengram),Rainfed (Oct-Nov),34.92,27.0,81.8,160.4,691.8,1020.5,1957.1,872.9,71.48,High,6
AGRI-13969,2025,1,Pudukkottai,Red Laterite & Gravelly,Cotton,Summer Irrigated (Feb-Jul),2.96,31.2,66.4,0.0,8.9,487.7,271.4,194.8,11.6,Low,3
AGRI-13970,2022,4,Madurai,Clayey Red Loam,Cotton,Winter Irrigated (Aug-Feb),30.3,39.0,56.4,53.5,94.8,4971.7,2719.0,1883.2,112.99,Low,5
AGRI-13971,2024,6,Perambalur,Black Cotton Soil,Groundnut,Adipattam (Jul-Aug),23.6,29.9,75.6,24.9,2978.2,1084.7,2067.7,1757.0,39.61,Normal,2
AGRI-13972,2023,9,Nagapattinam,Coastal Alluvium & Saline,Groundnut,Thai Pattam (Dec-Jan),12.13,26.3,82.7,237.3,1499.9,612.5,1207.5,884.6,30.98,High,4
AGRI-13973,2026,7,Perambalur,Black Cotton Soil,Pulses (Blackgram/Greengram),Rice Fallow (Jan-Feb),81.65,28.7,72.0,44.8,1592.9,2135.3,3879.3,2069.9,110.05,Low,6
AGRI-13974,2026,8,Perambalur,Black Cotton Soil,Paddy (Rice),Kuruvai (Jun-Sep),53.16,31.5,81.9,6.2,2128.1,12525.2,6079.3,4247.8,158.2,High,2
AGRI-13975,2025,7,Thanjavur,Cauvery Delta Alluvium,Sugarcane,Mid (Feb-Mar),33.9,31.5,90.7,25.0,11455.1,14560.6,4832.3,6732.7,151.19,Normal,6
AGRI-13976,2026,6,Pudukkottai,Red Laterite & Gravelly,Groundnut,Thai Pattam (Dec-Jan),72.61,23.1,70.5,25.5,8795.7,3178.3,6284.6,5315.9,123.78,Normal,3
AGRI-13977,2023,1,Tiruchirappalli,Alluvial Clay & Red Loam,Maize,Kharif (Jun-Sep),36.83,25.9,73.7,17.5,670.1,9264.2,4657.1,2880.7,77.48,Normal,2
AGRI-13978,2024,12,Tiruvarur,Deltaic Alluvium,Groundnut,Thai Pattam (Dec-Jan),86.31,29.9,82.5,160.9,10988.1,4318.8,8793.8,6829.1,217.71,High,2
AGRI-13979,2022,4,Pudukkottai,Red Laterite & Gravelly,Maize,Kharif (Jun-Sep),64.6,30.8,88.6,81.8,1215.5,19976.1,9302.9,4816.3,222.64,Low,4
AGRI-13980,2021,4,Thanjavur,Cauvery Delta Alluvium,Sugarcane,Mid (Feb-Mar),67.5,36.8,69.0,74.4,24454.7,32729.2,10538.6,13551.6,290.14,Normal,4
AGRI-13981,2024,10,Madurai,Clayey Red Loam,Groundnut,Adipattam (Jul-Aug),62.58,21.9,59.1,163.6,8029.3,3440.5,6533.0,4549.8,107.26,High,2
AGRI-13982,2023,3,Tiruvarur,Deltaic Alluvium,Paddy (Rice),Kuruvai (Jun-Sep),13.72,25.5,76.6,33.8,573.0,3241.9,1543.4,1112.6,37.39,High,6
AGRI-13983,2026,5,Perambalur,Black Cotton Soil,Sugarcane,Late (Apr-May),55.67,29.5,78.3,87.8,19770.0,28899.9,9894.9,10317.4,361.24,Normal,5
AGRI-13984,2026,2,Tiruvarur,Deltaic Alluvium,Groundnut,Adipattam (Jul-Aug),83.36,25.7,81.0,92.1,10619.8,4095.6,8291.8,6604.3,203.57,Normal,6
AGRI-13985,2025,2,Karur,Red Sandy & Black Clay,Sugarcane,Late (Apr-May),12.47,33.0,75.6,36.2,4190.0,5342.1,1956.6,2643.1,48.44,Normal,4
AGRI-13986,2024,12,Thanjavur,Cauvery Delta Alluvium,Pulses (Blackgram/Greengram),Rainfed (Oct-Nov),29.48,29.5,90.9,179.5,592.3,892.1,1666.3,736.3,54.87,High,7
AGRI-13987,2021,6,Nagapattinam,Coastal Alluvium & Saline,Cotton,Winter Irrigated (Aug-Feb),23.12,27.6,53.9,76.2,72.2,3727.3,2009.0,1417.8,86.73,Normal,6
AGRI-13988,2022,7,Nagapattinam,Coastal Alluvium & Saline,Cotton,Summer Irrigated (Feb-Jul),17.88,27.5,87.6,81.7,52.0,3216.5,1936.2,1146.6,119.14,Low,5
AGRI-13989,2024,12,Nagapattinam,Coastal Alluvium & Saline,Paddy (Rice),Navarai (Dec-Mar),15.01,26.7,87.9,256.6,629.5,3695.3,1885.8,1225.3,77.45,High,7
AGRI-13990,2024,6,Perambalur,Black Cotton Soil,Pulses (Blackgram/Greengram),Rainfed (Oct-Nov),90.01,27.9,71.0,79.3,1753.6,2130.9,4334.8,2285.0,111.48,Normal,4
AGRI-13991,2023,10,Karur,Red Sandy & Black Clay,Cotton,Winter Irrigated (Aug-Feb),20.65,33.5,74.5,71.7,60.7,3226.0,1837.3,1428.9,77.51,Normal,5
AGRI-13992,2021,7,Tiruchirappalli,Alluvial Clay & Red Loam,Groundnut,Thai Pattam (Dec-Jan),41.94,27.8,81.5,56.6,5468.5,2027.7,3902.3,3036.1,70.57,Normal,4
AGRI-13993,2024,11,Pudukkottai,Red Laterite & Gravelly,Maize,Kharif (Jun-Sep),55.93,27.3,61.7,158.4,996.5,16775.2,8675.7,4158.2,128.96,High,3
AGRI-13994,2022,12,Tiruvarur,Deltaic Alluvium,Groundnut,Chithirai Pattam (Apr-May),47.63,29.7,51.3,235.4,5999.8,2626.3,5143.0,3540.5,73.77,High,7
AGRI-13995,2023,5,Perambalur,Black Cotton Soil,Cotton,Summer Irrigated (Feb-Jul),14.93,36.2,54.8,36.0,45.8,2439.1,1299.3,965.6,58.48,Normal,6
AGRI-13996,2025,7,Nagapattinam,Coastal Alluvium & Saline,Cotton,Summer Irrigated (Feb-Jul),92.0,27.1,55.3,106.2,283.0,16545.1,9782.4,6104.4,319.29,High,7
AGRI-13997,2025,2,Madurai,Clayey Red Loam,Groundnut,Adipattam (Jul-Aug),31.45,27.8,51.0,13.3,3883.1,1392.6,2739.8,2518.6,53.88,Low,5
AGRI-13998,2026,1,Karur,Red Sandy & Black Clay,Groundnut,Chithirai Pattam (Apr-May),16.07,28.9,52.2,86.2,2014.9,863.7,1706.6,1253.0,28.57,Normal,3
AGRI-13999,2021,6,Tiruchirappalli,Alluvial Clay & Red Loam,Groundnut,Thai Pattam (Dec-Jan),69.12,27.9,57.5,20.4,8399.3,3305.2,5965.8,5470.5,113.15,Low,5
AGRI-14000,2025,10,Nagapattinam,Coastal Alluvium & Saline,Sugarcane,Early (Dec-Jan),78.84,28.5,58.7,252.2,28100.1,43023.3,13897.9,14692.5,339.66,High,4
AGRI-14001,2022,8,Perambalur,Black Cotton Soil,Pulses (Blackgram/Greengram),Rainfed (Oct-Nov),49.77,27.9,79.7,70.3,1008.6,1211.5,2436.6,1274.9,92.47,Normal,5
AGRI-14002,2025,12,Nagapattinam,Coastal Alluvium & Saline,Sugarcane,Late (Apr-May),69.51,32.8,81.4,204.4,25164.8,36074.7,11404.3,14731.3,442.26,High,2
AGRI-14003,2026,12,Perambalur,Black Cotton Soil,Groundnut,Adipattam (Jul-Aug),46.7,27.1,72.6,141.4,5946.4,2549.5,4960.7,3725.2,77.93,High,2
AGRI-14004,2021,9,Pudukkottai,Red Laterite & Gravelly,Paddy (Rice),Kuruvai (Jun-Sep),39.62,25.8,73.5,124.9,1573.5,10036.9,5141.9,3222.6,116.68,High,6
AGRI-14005,2023,1,Tiruchirappalli,Alluvial Clay & Red Loam,Groundnut,Adipattam (Jul-Aug),60.84,25.7,65.5,22.1,7547.6,2791.5,5301.0,4724.5,115.44,Normal,7
AGRI-14006,2026,7,Perambalur,Black Cotton Soil,Paddy (Rice),Kuruvai (Jun-Sep),68.04,24.6,70.7,0.0,2726.3,14027.2,7711.3,6065.3,186.03,High,5
AGRI-14007,2021,12,Tiruchirappalli,Alluvial Clay & Red Loam,Paddy (Rice),Navarai (Dec-Mar),24.02,30.4,56.8,139.5,939.6,6102.0,3163.8,1975.9,77.18,High,7
AGRI-14008,2022,7,Pudukkottai,Red Laterite & Gravelly,Maize,Kharif (Jun-Sep),46.49,25.7,57.2,60.2,841.6,11246.3,6094.3,3408.0,92.97,Low,3
AGRI-14009,2026,9,Madurai,Clayey Red Loam,Sugarcane,Mid (Feb-Mar),78.05,29.0,80.9,177.3,27671.7,41791.3,13861.4,15724.8,541.44,High,2
AGRI-14010,2023,11,Tiruchirappalli,Alluvial Clay & Red Loam,Cotton,Winter Irrigated (Aug-Feb),5.35,29.4,52.5,126.8,15.9,1017.6,544.9,356.7,20.82,High,7
AGRI-14011,2026,3,Thanjavur,Cauvery Delta Alluvium,Cotton,Winter Irrigated (Aug-Feb),8.23,31.6,77.5,33.7,24.3,1343.8,704.3,498.6,34.94,Low,3
AGRI-14012,2024,5,Tiruchirappalli,Alluvial Clay & Red Loam,Paddy (Rice),Navarai (Dec-Mar),79.88,29.4,69.2,45.3,3313.1,16831.1,8701.5,6879.9,234.8,Low,4
AGRI-14013,2024,4,Tiruvarur,Deltaic Alluvium,Groundnut,Thai Pattam (Dec-Jan),73.52,30.6,67.3,49.7,9329.4,3489.5,6308.4,5330.4,123.56,Low,3
AGRI-14014,2023,3,Karur,Red Sandy & Black Clay,Groundnut,Adipattam (Jul-Aug),71.13,24.8,87.7,52.3,8826.5,3371.5,6322.0,5540.9,128.29,Normal,6
AGRI-14015,2024,3,Madurai,Clayey Red Loam,Pulses (Blackgram/Greengram),Rice Fallow (Jan-Feb),58.52,26.7,73.4,38.3,1137.2,1448.9,2801.4,1424.0,67.94,Normal,7
AGRI-14016,2026,1,Karur,Red Sandy & Black Clay,Paddy (Rice),Samba/Thaladi (Aug-Jan),71.83,23.3,50.2,47.0,2810.1,15881.5,7885.8,6188.1,216.76,High,4
AGRI-14017,2021,5,Tiruchirappalli,Alluvial Clay & Red Loam,Cotton,Summer Irrigated (Feb-Jul),78.73,23.8,89.7,35.0,233.1,13119.1,7028.0,4987.3,310.35,Normal,4
AGRI-14018,2022,3,Tiruchirappalli,Alluvial Clay & Red Loam,Pulses (Blackgram/Greengram),Rice Fallow (Jan-Feb),38.36,26.2,77.6,27.2,771.3,1008.5,1824.6,1020.0,47.75,Low,2
AGRI-14019,2024,3,Tiruvarur,Deltaic Alluvium,Sugarcane,Early (Dec-Jan),69.41,29.6,50.4,75.1,24709.6,33215.4,10409.4,13967.1,299.94,Normal,4
AGRI-14020,2022,6,Perambalur,Black Cotton Soil,Sugarcane,Early (Dec-Jan),62.3,27.6,62.9,62.4,21153.2,26899.6,9004.8,12357.6,288.22,Low,3
AGRI-14021,2021,7,Tiruvarur,Deltaic Alluvium,Paddy (Rice),Navarai (Dec-Mar),76.49,28.0,60.8,24.7,3039.5,16487.0,8046.3,6579.7,230.19,Low,5
AGRI-14022,2026,1,Nagapattinam,Coastal Alluvium & Saline,Paddy (Rice),Navarai (Dec-Mar),32.37,22.6,74.6,84.4,1286.8,8644.1,3899.5,2726.9,106.97,Low,2
AGRI-14023,2024,8,Pudukkottai,Red Laterite & Gravelly,Groundnut,Chithirai Pattam (Apr-May),35.96,24.8,79.1,54.7,4696.8,1581.4,3370.8,2846.9,58.3,Normal,3
AGRI-14024,2022,12,Karur,Red Sandy & Black Clay,Pulses (Blackgram/Greengram),Rice Fallow (Jan-Feb),32.79,28.2,62.8,94.1,630.8,922.5,1841.3,846.1,43.73,Normal,3
AGRI-14025,2023,5,Tiruchirappalli,Alluvial Clay & Red Loam,Maize,Rabi (Oct-Jan),53.55,28.8,75.1,0.0,956.3,13085.0,6716.1,4156.8,103.74,Normal,2
AGRI-14026,2024,4,Nagapattinam,Coastal Alluvium & Saline,Maize,Kharif (Jun-Sep),76.43,30.8,62.9,61.2,1362.1,19561.3,10270.7,5424.9,154.06,Normal,6
AGRI-14027,2021,10,Thanjavur,Cauvery Delta Alluvium,Cotton,Summer Irrigated (Feb-Jul),30.7,25.2,57.1,228.9,88.9,5855.9,3045.5,1838.6,108.5,High,2
AGRI-14028,2026,5,Tiruchirappalli,Alluvial Clay & Red Loam,Cotton,Winter Irrigated (Aug-Feb),69.77,34.2,54.3,28.3,213.9,12016.4,6372.7,4531.3,242.2,Normal,7
AGRI-14029,2021,10,Nagapattinam,Coastal Alluvium & Saline,Cotton,Summer Irrigated (Feb-Jul),47.9,27.4,79.8,235.2,148.8,8406.3,4954.7,3124.6,306.08,High,4
AGRI-14030,2022,3,Karur,Red Sandy & Black Clay,Cotton,Summer Irrigated (Feb-Jul),6.94,29.3,55.9,34.9,20.8,1109.0,624.2,465.2,27.3,Normal,2
AGRI-14031,2024,8,Madurai,Clayey Red Loam,Maize,Kharif (Jun-Sep),34.08,32.9,68.6,97.2,594.6,10118.0,4936.7,2498.3,71.27,Normal,2
AGRI-14032,2022,6,Perambalur,Black Cotton Soil,Sugarcane,Mid (Feb-Mar),19.05,33.9,76.8,5.4,6785.7,9030.3,2811.8,3946.2,90.43,Low,5
AGRI-14033,2021,4,Tiruvarur,Deltaic Alluvium,Maize,Rabi (Oct-Jan),9.7,30.3,81.1,34.4,175.9,2587.0,1258.0,720.1,21.59,Normal,4
AGRI-14034,2023,4,Tiruchirappalli,Alluvial Clay & Red Loam,Maize,Rabi (Oct-Jan),59.4,25.5,89.9,63.8,1065.6,14213.8,7967.2,4315.3,124.02,Normal,5
AGRI-14035,2024,5,Tiruvarur,Deltaic Alluvium,Pulses (Blackgram/Greengram),Rice Fallow (Jan-Feb),45.1,23.5,79.7,40.2,876.0,1202.4,2234.6,1091.9,57.94,Normal,2
AGRI-14036,2026,2,Madurai,Clayey Red Loam,Groundnut,Adipattam (Jul-Aug),87.15,24.8,81.3,50.2,10812.6,3882.8,8133.0,6364.1,141.59,Normal,6
AGRI-14037,2025,11,Pudukkottai,Red Laterite & Gravelly,Sugarcane,Late (Apr-May),57.18,33.0,53.4,191.3,20795.7,27946.4,9889.4,11358.2,255.54,High,6
AGRI-14038,2023,2,Perambalur,Black Cotton Soil,Paddy (Rice),Navarai (Dec-Mar),63.3,27.6,50.5,31.4,2598.5,13427.6,6853.9,5756.3,173.88,Normal,2
AGRI-14039,2024,11,Madurai,Clayey Red Loam,Paddy (Rice),Navarai (Dec-Mar),42.43,22.6,61.1,179.0,1634.1,11286.0,5344.9,3420.4,116.04,High,3
AGRI-14040,2026,2,Madurai,Clayey Red Loam,Cotton,Winter Irrigated (Aug-Feb),93.98,30.3,90.2,48.6,290.7,15169.9,8136.6,6122.7,327.87,Low,5
AGRI-14041,2023,2,Pudukkottai,Red Laterite & Gravelly,Sugarcane,Mid (Feb-Mar),83.85,28.6,51.0,62.3,28877.5,38960.6,12593.8,15613.6,361.66,Low,7
AGRI-14042,2024,3,Karur,Red Sandy & Black Clay,Sugarcane,Early (Dec-Jan),82.4,29.3,71.1,90.8,28058.1,45897.9,14609.4,16223.3,376.45,Normal,3
AGRI-14043,2025,5,Tiruchirappalli,Alluvial Clay & Red Loam,Cotton,Winter Irrigated (Aug-Feb),80.77,29.8,84.8,71.7,248.2,12813.6,7015.9,5300.6,523.76,Normal,4
AGRI-14044,2026,1,Thanjavur,Cauvery Delta Alluvium,Groundnut,Adipattam (Jul-Aug),43.59,29.0,77.5,38.0,5351.8,1909.7,3907.8,3188.0,71.21,Low,7
AGRI-14045,2024,3,Pudukkottai,Red Laterite & Gravelly,Cotton,Summer Irrigated (Feb-Jul),2.67,33.3,50.7,49.6,8.1,422.4,231.2,181.2,9.64,Normal,5
AGRI-14046,2026,3,Thanjavur,Cauvery Delta Alluvium,Maize,Kharif (Jun-Sep),35.81,23.5,84.0,47.4,650.3,9111.8,4688.0,2477.1,70.04,Normal,2
AGRI-14047,2025,11,Tiruvarur,Deltaic Alluvium,Maize,Kharif (Jun-Sep),6.15,34.1,75.3,214.8,113.8,1709.9,873.5,439.0,18.85,High,7
AGRI-14048,2021,9,Tiruchirappalli,Alluvial Clay & Red Loam,Maize,Rabi (Oct-Jan),89.14,25.8,75.0,122.3,1548.3,25265.7,13920.7,6917.7,191.48,High,3
AGRI-14049,2023,7,Tiruchirappalli,Alluvial Clay & Red Loam,Sugarcane,Mid (Feb-Mar),64.49,33.4,84.5,60.8,23211.6,28253.7,9333.8,12814.9,282.46,Low,7
AGRI-14050,2026,3,Nagapattinam,Coastal Alluvium & Saline,Paddy (Rice),Samba/Thaladi (Aug-Jan),12.15,25.8,89.0,51.4,476.0,2840.4,1278.8,1042.1,36.9,High,5
AGRI-14051,2024,3,Tiruvarur,Deltaic Alluvium,Sugarcane,Mid (Feb-Mar),25.34,31.5,86.7,42.9,8905.9,11165.1,3663.3,5002.8,109.79,Normal,3
AGRI-14052,2025,11,Pudukkottai,Red Laterite & Gravelly,Sugarcane,Early (Dec-Jan),68.66,34.0,51.8,151.1,23917.4,38099.3,11830.4,14309.2,290.27,High,7
AGRI-14053,2024,2,Tiruchirappalli,Alluvial Clay & Red Loam,Paddy (Rice),Samba/Thaladi (Aug-Jan),7.86,28.5,75.0,34.6,312.1,1615.1,834.0,651.7,24.77,High,2
AGRI-14054,2024,2,Karur,Red Sandy & Black Clay,Paddy (Rice),Samba/Thaladi (Aug-Jan),80.21,32.3,60.3,89.1,3135.3,19178.0,9876.5,6539.3,262.64,High,6
AGRI-14055,2022,10,Madurai,Clayey Red Loam,Pulses (Blackgram/Greengram),Rice Fallow (Jan-Feb),11.93,30.9,51.8,136.5,248.2,345.1,704.9,288.9,16.37,High,7
AGRI-14056,2025,10,Thanjavur,Cauvery Delta Alluvium,Pulses (Blackgram/Greengram),Rice Fallow (Jan-Feb),64.97,24.5,59.9,170.0,1297.8,1851.9,3706.6,1514.8,81.77,High,4
AGRI-14057,2024,1,Tiruchirappalli,Alluvial Clay & Red Loam,Paddy (Rice),Navarai (Dec-Mar),33.72,30.0,67.1,67.0,1378.0,7378.5,3531.3,2766.4,104.77,Normal,2
AGRI-14058,2024,5,Tiruvarur,Deltaic Alluvium,Maize,Kharif (Jun-Sep),64.69,29.8,55.7,53.4,1135.4,16407.4,8693.7,5000.3,152.22,Low,6
AGRI-14059,2025,4,Nagapattinam,Coastal Alluvium & Saline,Pulses (Blackgram/Greengram),Rainfed (Oct-Nov),3.75,25.0,73.7,72.8,74.2,88.6,179.6,90.4,5.03,Normal,3
AGRI-14060,2023,11,Tiruvarur,Deltaic Alluvium,Groundnut,Adipattam (Jul-Aug),39.93,23.1,80.7,223.9,4964.2,1922.5,4276.4,2952.9,99.2,High,3
AGRI-14061,2023,1,Perambalur,Black Cotton Soil,Paddy (Rice),Samba/Thaladi (Aug-Jan),90.12,28.8,65.4,47.8,3535.0,21057.5,9713.2,7187.5,244.78,High,3
AGRI-14062,2022,10,Karur,Red Sandy & Black Clay,Pulses (Blackgram/Greengram),Rainfed (Oct-Nov),19.98,29.2,55.4,91.8,404.6,542.5,1132.9,514.9,25.6,Normal,6
AGRI-14063,2026,9,Nagapattinam,Coastal Alluvium & Saline,Maize,Rabi (Oct-Jan),62.96,21.5,86.5,253.9,1143.6,17542.8,9012.0,4918.8,221.0,High,3
AGRI-14064,2021,2,Madurai,Clayey Red Loam,Paddy (Rice),Kuruvai (Jun-Sep),65.46,35.8,63.8,50.3,2579.3,13790.5,7461.1,5216.9,182.13,High,7
AGRI-14065,2026,3,Tiruvarur,Deltaic Alluvium,Groundnut,Thai Pattam (Dec-Jan),56.82,26.9,84.8,82.7,6977.1,2813.0,5677.3,4297.3,150.17,Normal,4
AGRI-14066,2023,12,Tiruvarur,Deltaic Alluvium,Pulses (Blackgram/Greengram),Rainfed (Oct-Nov),22.41,28.8,91.6,212.6,434.7,601.6,1317.4,517.9,46.32,High,6
AGRI-14067,2026,9,Karur,Red Sandy & Black Clay,Pulses (Blackgram/Greengram),Rice Fallow (Jan-Feb),66.13,21.3,69.4,72.4,1295.2,1682.6,3264.2,1704.0,76.7,Low,3
AGRI-14068,2022,5,Pudukkottai,Red Laterite & Gravelly,Paddy (Rice),Samba/Thaladi (Aug-Jan),60.63,26.4,83.0,27.0,2523.1,12417.0,6746.2,5065.1,179.97,High,4
AGRI-14069,2024,9,Pudukkottai,Red Laterite & Gravelly,Maize,Kharif (Jun-Sep),73.06,22.6,54.1,140.7,1365.5,19551.0,10582.8,5070.3,154.01,High,2
AGRI-14070,2024,3,Tiruvarur,Deltaic Alluvium,Pulses (Blackgram/Greengram),Rice Fallow (Jan-Feb),65.75,35.4,66.3,59.6,1314.4,1643.8,3256.8,1583.1,77.88,Low,5
AGRI-14071,2025,12,Pudukkottai,Red Laterite & Gravelly,Paddy (Rice),Samba/Thaladi (Aug-Jan),5.22,29.2,65.7,109.3,212.3,1232.2,639.1,419.3,14.0,High,2
AGRI-14072,2022,5,Thanjavur,Cauvery Delta Alluvium,Paddy (Rice),Navarai (Dec-Mar),59.34,24.4,64.9,50.2,2310.9,12304.9,6309.9,4703.8,197.3,Normal,2
AGRI-14073,2021,12,Tiruchirappalli,Alluvial Clay & Red Loam,Groundnut,Thai Pattam (Dec-Jan),58.39,34.3,66.3,181.0,7469.5,2912.8,5980.3,4090.6,95.24,High,2
AGRI-14074,2021,5,Tiruchirappalli,Alluvial Clay & Red Loam,Groundnut,Thai Pattam (Dec-Jan),64.97,22.8,91.2,42.7,8188.0,2787.5,5606.2,5022.9,105.77,Normal,7
AGRI-14075,2022,3,Madurai,Clayey Red Loam,Cotton,Summer Irrigated (Feb-Jul),29.94,33.5,75.5,45.5,93.4,4864.0,2661.8,1804.2,113.02,Normal,4
AGRI-14076,2021,12,Perambalur,Black Cotton Soil,Cotton,Summer Irrigated (Feb-Jul),85.05,26.2,67.5,174.3,247.5,16837.3,9191.9,5674.9,323.81,High,6
AGRI-14077,2023,5,Pudukkottai,Red Laterite & Gravelly,Sugarcane,Early (Dec-Jan),31.54,30.2,87.4,53.7,11507.5,14650.6,4524.3,6693.5,145.06,Normal,3
AGRI-14078,2022,6,Karur,Red Sandy & Black Clay,Pulses (Blackgram/Greengram),Rice Fallow (Jan-Feb),3.31,28.6,64.8,50.7,66.3,88.2,172.5,85.0,4.15,Low,5
AGRI-14079,2023,7,Pudukkottai,Red Laterite & Gravelly,Sugarcane,Early (Dec-Jan),64.1,33.4,58.1,86.5,22701.2,34669.3,10948.2,13673.2,257.57,Low,7
AGRI-14080,2025,1,Tiruvarur,Deltaic Alluvium,Cotton,Summer Irrigated (Feb-Jul),17.06,30.4,53.9,72.7,52.4,2863.2,1473.0,1104.4,73.08,Normal,2
AGRI-14081,2025,8,Tiruvarur,Deltaic Alluvium,Pulses (Blackgram/Greengram),Rice Fallow (Jan-Feb),68.71,28.7,67.6,63.8,1410.3,1838.2,3599.1,1596.9,79.25,Normal,4
AGRI-14082,2022,3,Tiruvarur,Deltaic Alluvium,Cotton,Summer Irrigated (Feb-Jul),4.24,34.1,55.3,19.3,13.2,730.0,364.4,268.2,16.05,Normal,3
AGRI-14083,2026,11,Thanjavur,Cauvery Delta Alluvium,Paddy (Rice),Navarai (Dec-Mar),38.39,29.7,68.4,192.4,1564.8,9573.0,5022.6,3243.0,114.39,High,5
AGRI-14084,2026,1,Karur,Red Sandy & Black Clay,Groundnut,Adipattam (Jul-Aug),50.81,29.2,75.3,13.7,6544.1,2410.9,4516.9,3779.2,87.42,Low,7
AGRI-14085,2025,3,Perambalur,Black Cotton Soil,Maize,Kharif (Jun-Sep),78.3,20.6,89.8,36.8,1404.1,20912.3,9937.9,5866.8,167.68,Low,7
AGRI-14086,2024,12,Tiruvarur,Deltaic Alluvium,Cotton,Summer Irrigated (Feb-Jul),16.79,31.4,70.0,178.0,50.5,2954.5,1743.7,1096.7,62.88,High,5
AGRI-14087,2021,5,Pudukkottai,Red Laterite & Gravelly,Cotton,Summer Irrigated (Feb-Jul),42.36,28.0,59.6,51.0,125.9,6464.1,3828.3,2894.1,154.27,Normal,7
AGRI-14088,2026,9,Nagapattinam,Coastal Alluvium & Saline,Paddy (Rice),Samba/Thaladi (Aug-Jan),69.26,24.5,61.0,229.4,2785.0,16413.1,8760.9,5949.4,207.79,High,3
AGRI-14089,2026,7,Pudukkottai,Red Laterite & Gravelly,Paddy (Rice),Navarai (Dec-Mar),60.22,32.4,65.9,74.8,2493.0,13864.9,6727.5,5374.5,166.17,Normal,7
AGRI-14090,2025,7,Madurai,Clayey Red Loam,Pulses (Blackgram/Greengram),Rainfed (Oct-Nov),12.5,33.1,82.8,65.1,260.8,302.8,635.3,304.6,17.46,Normal,2
AGRI-14091,2023,11,Karur,Red Sandy & Black Clay,Paddy (Rice),Navarai (Dec-Mar),7.68,30.5,58.1,135.7,303.4,2027.4,945.5,627.7,22.57,High,4
AGRI-14092,2025,4,Perambalur,Black Cotton Soil,Cotton,Summer Irrigated (Feb-Jul),29.51,30.8,81.0,45.5,86.6,5095.8,2527.5,1914.8,102.3,Normal,7
AGRI-14093,2021,2,Tiruchirappalli,Alluvial Clay & Red Loam,Paddy (Rice),Samba/Thaladi (Aug-Jan),49.34,34.7,68.1,8.5,1924.3,11253.7,5199.9,4247.9,161.1,High,4
AGRI-14094,2023,8,Perambalur,Black Cotton Soil,Maize,Kharif (Jun-Sep),76.26,21.1,56.4,2.1,1415.5,20112.1,9971.4,6019.4,172.58,Normal,6
AGRI-14095,2022,3,Tiruchirappalli,Alluvial Clay & Red Loam,Cotton,Winter Irrigated (Aug-Feb),90.5,39.2,59.4,24.8,268.9,14845.1,7953.7,5441.3,348.0,Normal,7
AGRI-14096,2025,3,Tiruvarur,Deltaic Alluvium,Pulses (Blackgram/Greengram),Rainfed (Oct-Nov),14.13,32.6,82.9,81.8,276.8,400.1,847.3,373.9,28.96,Low,3
AGRI-14097,2023,8,Madurai,Clayey Red Loam,Paddy (Rice),Kuruvai (Jun-Sep),80.34,27.8,76.8,72.9,3118.9,18293.6,9037.7,6809.7,398.37,High,6
AGRI-14098,2024,11,Karur,Red Sandy & Black Clay,Maize,Kharif (Jun-Sep),72.16,27.6,90.5,139.5,1309.4,21679.2,11196.6,5188.7,225.46,High,4
AGRI-14099,2021,11,Pudukkottai,Red Laterite & Gravelly,Pulses (Blackgram/Greengram),Rice Fallow (Jan-Feb),29.83,29.6,74.6,102.0,601.0,851.7,1642.8,699.5,41.52,High,6
AGRI-14100,2023,8,Nagapattinam,Coastal Alluvium & Saline,Groundnut,Adipattam (Jul-Aug),5.82,28.5,53.6,85.4,745.8,317.3,590.2,412.7,10.41,Normal,4
AGRI-14101,2021,10,Pudukkottai,Red Laterite & Gravelly,Sugarcane,Mid (Feb-Mar),30.31,27.0,74.6,128.2,11100.3,14596.0,5485.8,6241.8,132.43,High,6
AGRI-14102,2021,11,Tiruvarur,Deltaic Alluvium,Pulses (Blackgram/Greengram),Rice Fallow (Jan-Feb),33.39,21.9,82.5,233.3,652.5,894.4,1869.1,855.2,67.97,High,5
AGRI-14103,2021,9,Tiruvarur,Deltaic Alluvium,Pulses (Blackgram/Greengram),Rainfed (Oct-Nov),86.75,24.3,76.6,200.7,1757.2,2348.9,4755.6,2256.0,166.79,High,6
AGRI-14104,2023,5,Perambalur,Black Cotton Soil,Cotton,Winter Irrigated (Aug-Feb),26.37,31.4,68.8,65.0,77.3,4269.8,2295.1,1638.9,106.92,Low,2
AGRI-14105,2025,12,Thanjavur,Cauvery Delta Alluvium,Maize,Kharif (Jun-Sep),54.88,31.7,86.0,142.0,961.7,15049.9,8083.7,4399.8,204.59,High,5
AGRI-14106,2021,6,Tiruchirappalli,Alluvial Clay & Red Loam,Maize,Kharif (Jun-Sep),13.78,24.7,74.5,40.6,243.0,3388.9,1788.8,985.6,31.42,Normal,7
AGRI-14107,2026,12,Tiruvarur,Deltaic Alluvium,Groundnut,Adipattam (Jul-Aug),48.99,29.3,76.9,239.5,6169.9,2532.4,5270.9,3867.6,146.37,High,6
AGRI-14108,2026,8,Tiruchirappalli,Alluvial Clay & Red Loam,Cotton,Winter Irrigated (Aug-Feb),30.39,26.4,62.3,81.4,94.2,5215.9,3000.2,2042.1,104.65,Normal,2
AGRI-14109,2026,8,Pudukkottai,Red Laterite & Gravelly,Pulses (Blackgram/Greengram),Rice Fallow (Jan-Feb),32.52,21.4,72.3,24.4,642.3,858.6,1624.8,842.9,41.92,Normal,3
AGRI-14110,2022,10,Tiruchirappalli,Alluvial Clay & Red Loam,Pulses (Blackgram/Greengram),Rice Fallow (Jan-Feb),49.23,32.4,77.1,160.7,989.9,1379.1,2803.5,1150.9,108.89,High,7
AGRI-14111,2021,9,Tiruvarur,Deltaic Alluvium,Maize,Kharif (Jun-Sep),55.21,23.1,82.8,179.6,965.8,16050.6,8173.6,4078.8,183.28,High,6
AGRI-14112,2025,5,Karur,Red Sandy & Black Clay,Cotton,Summer Irrigated (Feb-Jul),58.91,26.9,89.0,5.7,172.5,10151.1,5330.3,3789.1,210.74,Normal,5
AGRI-14113,2024,10,Nagapattinam,Coastal Alluvium & Saline,Cotton,Summer Irrigated (Feb-Jul),22.06,32.0,90.6,271.6,69.4,3951.2,2367.8,1330.4,144.56,High,2
AGRI-14114,2025,1,Tiruvarur,Deltaic Alluvium,Cotton,Winter Irrigated (Aug-Feb),35.15,30.5,85.8,70.7,103.1,5933.6,3261.8,2229.8,220.75,Normal,7
AGRI-14115,2024,2,Tiruvarur,Deltaic Alluvium,Cotton,Winter Irrigated (Aug-Feb),46.13,37.9,57.5,72.1,133.5,6939.2,4034.5,3096.0,162.22,Low,6
AGRI-14116,2022,10,Tiruvarur,Deltaic Alluvium,Sugarcane,Early (Dec-Jan),65.5,39.6,61.8,199.9,22013.5,35895.3,11243.1,13101.8,276.83,High,5
AGRI-14117,2026,11,Perambalur,Black Cotton Soil,Cotton,Summer Irrigated (Feb-Jul),14.24,30.0,89.4,144.7,41.6,2529.0,1436.5,875.8,89.67,High,6
AGRI-14118,2025,12,Pudukkottai,Red Laterite & Gravelly,Paddy (Rice),Kuruvai (Jun-Sep),42.26,36.4,64.6,197.3,1680.2,10168.2,5494.5,3450.5,127.34,High,6
AGRI-14119,2026,8,Karur,Red Sandy & Black Clay,Maize,Rabi (Oct-Jan),30.76,29.0,65.2,24.0,544.8,7445.3,3933.3,2295.9,67.94,Normal,7
AGRI-14120,2021,6,Pudukkottai,Red Laterite & Gravelly,Pulses (Blackgram/Greengram),Rice Fallow (Jan-Feb),30.84,28.6,79.0,0.0,612.7,746.6,1491.3,744.0,36.71,Low,3
AGRI-14121,2026,3,Tiruchirappalli,Alluvial Clay & Red Loam,Pulses (Blackgram/Greengram),Rice Fallow (Jan-Feb),41.47,24.2,81.1,21.8,847.9,1099.7,2084.8,1057.9,49.89,Normal,3
AGRI-14122,2025,9,Tiruvarur,Deltaic Alluvium,Paddy (Rice),Kuruvai (Jun-Sep),58.5,27.3,52.2,240.5,2337.6,14209.2,7058.9,5188.8,190.91,High,5
AGRI-14123,2022,6,Perambalur,Black Cotton Soil,Pulses (Blackgram/Greengram),Rainfed (Oct-Nov),94.26,29.0,84.9,50.5,1948.8,2512.4,4769.1,2205.7,119.88,Normal,2
AGRI-14124,2022,11,Perambalur,Black Cotton Soil,Groundnut,Thai Pattam (Dec-Jan),24.28,30.9,55.1,150.8,3096.4,1278.6,2611.9,1785.7,41.13,High,2
AGRI-14125,2025,2,Tiruchirappalli,Alluvial Clay & Red Loam,Cotton,Winter Irrigated (Aug-Feb),18.47,27.5,85.6,55.3,53.4,3082.8,1594.0,1182.9,77.81,Normal,5
AGRI-14126,2021,12,Thanjavur,Cauvery Delta Alluvium,Pulses (Blackgram/Greengram),Rice Fallow (Jan-Feb),86.38,28.1,64.3,196.9,1688.4,2534.1,5109.1,2270.5,119.32,High,6
AGRI-14127,2021,2,Thanjavur,Cauvery Delta Alluvium,Sugarcane,Mid (Feb-Mar),76.18,31.9,91.2,34.0,25805.4,33587.2,10977.0,14277.7,314.19,Normal,6
AGRI-14128,2026,1,Thanjavur,Cauvery Delta Alluvium,Maize,Kharif (Jun-Sep),27.81,28.2,82.2,9.8,500.6,6803.9,3762.6,1978.7,61.46,Normal,7
AGRI-14129,2023,12,Thanjavur,Cauvery Delta Alluvium,Maize,Kharif (Jun-Sep),34.43,33.5,55.2,170.7,643.1,9842.4,5393.0,2398.6,78.61,High,5
AGRI-14130,2022,5,Tiruvarur,Deltaic Alluvium,Cotton,Summer Irrigated (Feb-Jul),35.76,28.9,55.8,57.7,112.0,5745.9,3160.7,2259.7,147.66,Normal,2
AGRI-14131,2021,2,Nagapattinam,Coastal Alluvium & Saline,Maize,Rabi (Oct-Jan),30.79,26.9,60.0,45.8,551.9,8014.9,4115.9,2249.2,60.9,Normal,5
AGRI-14132,2023,5,Nagapattinam,Coastal Alluvium & Saline,Pulses (Blackgram/Greengram),Rainfed (Oct-Nov),87.07,31.5,70.3,53.4,1774.7,2184.4,4368.1,2187.4,115.08,Low,4
AGRI-14133,2026,9,Nagapattinam,Coastal Alluvium & Saline,Groundnut,Adipattam (Jul-Aug),72.39,28.6,89.5,291.4,8752.6,3653.3,7382.0,5692.6,185.64,High,7
AGRI-14134,2023,11,Nagapattinam,Coastal Alluvium & Saline,Paddy (Rice),Kuruvai (Jun-Sep),49.67,31.2,91.3,309.4,1994.7,11928.6,6396.4,4204.3,216.53,High,6
AGRI-14135,2023,11,Perambalur,Black Cotton Soil,Cotton,Summer Irrigated (Feb-Jul),52.64,29.7,60.8,143.5,154.5,10017.4,5267.3,3209.0,219.94,High,2
AGRI-14136,2021,1,Karur,Red Sandy & Black Clay,Groundnut,Thai Pattam (Dec-Jan),38.35,28.4,72.1,32.1,4656.5,1612.9,3623.7,2887.6,72.21,Low,3
AGRI-14137,2025,3,Tiruchirappalli,Alluvial Clay & Red Loam,Paddy (Rice),Navarai (Dec-Mar),45.86,25.6,73.4,45.8,1813.3,9420.4,4864.1,4142.3,143.13,Normal,3
AGRI-14138,2021,6,Tiruvarur,Deltaic Alluvium,Cotton,Summer Irrigated (Feb-Jul),44.36,28.2,70.2,38.8,135.0,7174.6,3945.5,2909.9,160.94,Low,2
AGRI-14139,2026,7,Karur,Red Sandy & Black Clay,Sugarcane,Late (Apr-May),52.05,27.1,77.5,66.6,17610.0,22963.3,7501.4,10432.7,246.93,Normal,2
AGRI-14140,2023,7,Nagapattinam,Coastal Alluvium & Saline,Paddy (Rice),Navarai (Dec-Mar),31.05,22.4,67.0,77.9,1286.9,6886.8,3469.0,2644.3,89.58,Low,7
AGRI-14141,2021,9,Nagapattinam,Coastal Alluvium & Saline,Pulses (Blackgram/Greengram),Rice Fallow (Jan-Feb),84.53,30.8,50.8,214.9,1646.5,2624.6,4877.2,2010.5,106.73,High,2
AGRI-14142,2022,9,Perambalur,Black Cotton Soil,Pulses (Blackgram/Greengram),Rice Fallow (Jan-Feb),45.89,26.3,53.7,157.9,953.0,1330.0,2536.2,1071.9,55.09,High,5
AGRI-14143,2026,12,Tiruvarur,Deltaic Alluvium,Groundnut,Thai Pattam (Dec-Jan),79.06,28.6,54.3,226.7,10367.9,4055.1,7862.0,5824.9,125.68,High,5
AGRI-14144,2022,11,Nagapattinam,Coastal Alluvium & Saline,Pulses (Blackgram/Greengram),Rice Fallow (Jan-Feb),79.79,32.1,72.1,260.2,1629.0,2381.1,4768.7,2003.6,107.95,High,6
AGRI-14145,2022,10,Perambalur,Black Cotton Soil,Maize,Rabi (Oct-Jan),4.41,22.2,61.8,189.5,77.7,1290.7,671.4,336.9,9.15,High,5
AGRI-14146,2021,11,Madurai,Clayey Red Loam,Sugarcane,Mid (Feb-Mar),51.83,34.8,77.6,164.3,17570.2,25470.0,9008.4,9579.8,349.23,High,6
AGRI-14147,2025,4,Tiruvarur,Deltaic Alluvium,Cotton,Winter Irrigated (Aug-Feb),61.77,27.1,56.2,49.3,178.9,10148.1,5291.6,3856.8,237.79,Normal,7
AGRI-14148,2022,1,Tiruvarur,Deltaic Alluvium,Maize,Kharif (Jun-Sep),50.23,31.0,50.4,71.2,936.4,12926.0,6829.1,3801.1,105.69,Normal,3
AGRI-14149,2024,4,Perambalur,Black Cotton Soil,Groundnut,Adipattam (Jul-Aug),40.43,25.4,75.1,13.2,4964.8,1852.6,3735.5,2872.9,71.61,Normal,2
AGRI-14150,2026,7,Tiruchirappalli,Alluvial Clay & Red Loam,Paddy (Rice),Samba/Thaladi (Aug-Jan),36.57,25.5,91.6,55.0,1441.3,8672.0,3994.7,3151.5,104.68,High,6
AGRI-14151,2023,11,Karur,Red Sandy & Black Clay,Pulses (Blackgram/Greengram),Rainfed (Oct-Nov),3.22,24.8,52.0,134.0,67.4,90.9,187.5,78.8,3.92,High,5
AGRI-14152,2024,10,Pudukkottai,Red Laterite & Gravelly,Pulses (Blackgram/Greengram),Rainfed (Oct-Nov),64.06,32.0,67.4,166.8,1302.0,1746.7,3594.9,1646.8,79.55,High,5
AGRI-14153,2023,4,Perambalur,Black Cotton Soil,Sugarcane,Late (Apr-May),82.9,34.6,52.9,29.0,27951.6,35352.0,12091.3,17279.2,372.53,Low,7
AGRI-14154,2024,2,Madurai,Clayey Red Loam,Pulses (Blackgram/Greengram),Rice Fallow (Jan-Feb),59.27,29.9,83.7,69.1,1147.3,1451.3,3087.0,1448.1,80.72,Normal,3
AGRI-14155,2022,1,Tiruvarur,Deltaic Alluvium,Maize,Rabi (Oct-Jan),89.12,34.4,88.8,58.3,1631.5,21116.4,11537.3,6820.9,178.45,Normal,4
AGRI-14156,2024,12,Karur,Red Sandy & Black Clay,Groundnut,Adipattam (Jul-Aug),73.03,27.2,61.6,131.6,9456.8,3562.0,7529.1,5775.6,128.07,High,2
AGRI-14157,2021,3,Madurai,Clayey Red Loam,Pulses (Blackgram/Greengram),Rice Fallow (Jan-Feb),36.6,33.8,57.2,65.1,721.9,967.7,1916.8,857.5,42.01,Normal,3
AGRI-14158,2022,2,Thanjavur,Cauvery Delta Alluvium,Sugarcane,Late (Apr-May),40.54,33.9,55.9,52.9,13623.7,19517.9,6221.3,8519.5,190.19,Normal,5
AGRI-14159,2022,4,Nagapattinam,Coastal Alluvium & Saline,Sugarcane,Late (Apr-May),64.01,29.4,72.8,58.4,22047.0,26964.5,9927.3,12028.4,250.45,Low,4
AGRI-14160,2024,5,Perambalur,Black Cotton Soil,Paddy (Rice),Kuruvai (Jun-Sep),76.51,29.1,81.0,8.4,3105.8,17260.1,8807.6,6560.5,248.14,High,3
AGRI-14161,2023,6,Madurai,Clayey Red Loam,Maize,Kharif (Jun-Sep),6.83,34.0,80.3,54.2,124.9,1629.3,908.7,496.7,14.9,Low,3
AGRI-14162,2022,8,Madurai,Clayey Red Loam,Cotton,Summer Irrigated (Feb-Jul),27.16,26.9,72.8,32.6,79.3,4047.6,2515.2,1712.0,107.73,Normal,3
AGRI-14163,2025,3,Tiruvarur,Deltaic Alluvium,Cotton,Winter Irrigated (Aug-Feb),92.36,31.1,89.5,42.2,272.6,14981.2,8170.1,5629.5,383.2,Normal,3
AGRI-14164,2024,3,Perambalur,Black Cotton Soil,Maize,Kharif (Jun-Sep),79.82,33.6,73.2,50.7,1467.9,19134.0,10588.7,5742.7,163.82,Normal,3
AGRI-14165,2023,3,Karur,Red Sandy & Black Clay,Cotton,Winter Irrigated (Aug-Feb),63.18,31.4,77.2,41.0,193.0,10565.7,5813.7,3931.3,251.12,Normal,6
AGRI-14166,2026,10,Perambalur,Black Cotton Soil,Sugarcane,Late (Apr-May),33.78,24.6,86.9,163.4,11795.5,17200.9,5627.3,6963.4,248.87,High,4
AGRI-14167,2022,8,Madurai,Clayey Red Loam,Paddy (Rice),Navarai (Dec-Mar),20.13,31.3,54.6,44.7,841.9,4662.4,2299.8,1603.0,66.53,Normal,2
AGRI-14168,2023,2,Madurai,Clayey Red Loam,Groundnut,Chithirai Pattam (Apr-May),84.89,24.2,85.4,37.5,10239.6,3597.6,7875.8,6233.6,153.25,Low,3
AGRI-14169,2023,4,Pudukkottai,Red Laterite & Gravelly,Pulses (Blackgram/Greengram),Rainfed (Oct-Nov),49.69,22.8,74.4,29.8,1041.1,1187.9,2536.6,1303.1,62.03,Normal,7
AGRI-14170,2024,2,Tiruvarur,Deltaic Alluvium,Pulses (Blackgram/Greengram),Rice Fallow (Jan-Feb),66.93,26.6,75.6,40.8,1303.2,1629.2,3482.6,1641.0,82.66,Low,3
AGRI-14171,2022,3,Karur,Red Sandy & Black Clay,Groundnut,Adipattam (Jul-Aug),85.43,25.7,82.8,48.8,10960.3,3840.0,7338.9,6585.8,131.06,Normal,4
AGRI-14172,2025,12,Nagapattinam,Coastal Alluvium & Saline,Cotton,Winter Irrigated (Aug-Feb),77.62,25.1,58.6,269.2,225.1,13541.5,8073.8,5254.7,325.21,High,3
AGRI-14173,2025,11,Karur,Red Sandy & Black Clay,Sugarcane,Late (Apr-May),50.05,29.6,68.5,156.0,18201.2,24124.0,8395.0,10080.1,222.0,High,7
AGRI-14174,2026,6,Thanjavur,Cauvery Delta Alluvium,Pulses (Blackgram/Greengram),Rainfed (Oct-Nov),78.73,20.6,66.2,0.0,1585.6,1860.7,3789.8,1974.7,98.91,Normal,7
AGRI-14175,2022,11,Perambalur,Black Cotton Soil,Sugarcane,Mid (Feb-Mar),29.51,24.3,63.4,129.1,10730.7,14812.6,5306.3,5454.9,132.97,High,4
AGRI-14176,2022,2,Perambalur,Black Cotton Soil,Sugarcane,Late (Apr-May),53.72,31.7,82.0,91.0,19702.1,28954.5,9648.5,10576.3,393.23,Normal,2
AGRI-14177,2024,1,Karur,Red Sandy & Black Clay,Cotton,Summer Irrigated (Feb-Jul),61.66,31.2,56.6,0.0,181.2,9468.0,5668.3,4073.6,240.94,Low,6
AGRI-14178,2025,9,Pudukkottai,Red Laterite & Gravelly,Sugarcane,Mid (Feb-Mar),7.91,32.7,56.8,133.1,2875.3,4239.1,1403.3,1507.8,35.78,High,3
AGRI-14179,2021,4,Thanjavur,Cauvery Delta Alluvium,Pulses (Blackgram/Greengram),Rice Fallow (Jan-Feb),35.44,24.8,71.3,22.2,729.6,949.8,1790.9,839.8,49.83,Normal,5
AGRI-14180,2026,4,Thanjavur,Cauvery Delta Alluvium,Groundnut,Adipattam (Jul-Aug),12.17,28.0,77.3,34.4,1530.8,544.2,1083.6,951.9,21.21,Normal,7
AGRI-14181,2021,7,Perambalur,Black Cotton Soil,Pulses (Blackgram/Greengram),Rice Fallow (Jan-Feb),2.55,26.2,56.7,0.0,53.3,63.2,129.3,66.8,3.45,Normal,4
AGRI-14182,2021,1,Pudukkottai,Red Laterite & Gravelly,Cotton,Winter Irrigated (Aug-Feb),82.15,33.3,50.7,53.3,247.2,12343.4,7259.9,5342.8,349.36,Normal,2
AGRI-14183,2021,2,Madurai,Clayey Red Loam,Paddy (Rice),Kuruvai (Jun-Sep),86.61,29.4,88.2,77.0,3339.7,18285.7,9831.0,7855.3,450.91,High,2
AGRI-14184,2025,12,Perambalur,Black Cotton Soil,Sugarcane,Early (Dec-Jan),71.73,33.6,82.0,170.2,25618.2,36908.8,12949.4,13330.5,496.7,High,4
AGRI-14185,2023,3,Pudukkottai,Red Laterite & Gravelly,Pulses (Blackgram/Greengram),Rice Fallow (Jan-Feb),72.16,25.3,63.2,26.4,1429.2,1918.8,3673.1,1904.5,87.99,Normal,3
AGRI-14186,2021,1,Perambalur,Black Cotton Soil,Sugarcane,Early (Dec-Jan),80.11,29.4,86.4,65.8,28266.3,37573.8,12239.8,16057.0,365.24,Normal,3
AGRI-14187,2022,12,Thanjavur,Cauvery Delta Alluvium,Cotton,Summer Irrigated (Feb-Jul),49.56,29.9,88.3,161.6,153.1,8686.4,5320.4,3346.4,302.96,High,2
AGRI-14188,2026,2,Perambalur,Black Cotton Soil,Sugarcane,Early (Dec-Jan),48.72,36.1,88.0,55.0,17245.7,20913.8,7580.4,9453.3,192.57,Normal,6
AGRI-14189,2025,12,Tiruvarur,Deltaic Alluvium,Groundnut,Chithirai Pattam (Apr-May),54.09,27.1,50.6,196.6,6583.2,2977.2,5540.4,4157.6,89.21,High,5
AGRI-14190,2022,10,Nagapattinam,Coastal Alluvium & Saline,Sugarcane,Late (Apr-May),13.87,28.8,57.8,286.2,4974.7,7023.3,2352.0,2679.5,61.1,High,4
AGRI-14191,2025,2,Nagapattinam,Coastal Alluvium & Saline,Maize,Rabi (Oct-Jan),28.36,29.8,83.7,77.0,523.5,7364.1,3726.7,2035.8,100.34,Low,4
AGRI-14192,2024,2,Pudukkottai,Red Laterite & Gravelly,Maize,Rabi (Oct-Jan),24.17,24.8,58.1,29.3,424.4,5740.2,3237.8,1762.0,54.54,Low,3
AGRI-14193,2023,10,Pudukkottai,Red Laterite & Gravelly,Cotton,Winter Irrigated (Aug-Feb),83.23,30.9,56.3,134.9,258.7,15187.4,8261.1,5461.9,344.37,High,3
AGRI-14194,2026,9,Tiruvarur,Deltaic Alluvium,Pulses (Blackgram/Greengram),Rainfed (Oct-Nov),41.19,23.1,69.7,185.5,840.4,1102.1,2335.6,1040.1,57.31,High,4
AGRI-14195,2022,5,Nagapattinam,Coastal Alluvium & Saline,Paddy (Rice),Kuruvai (Jun-Sep),31.15,28.7,88.4,43.9,1305.9,7232.9,3491.1,2454.7,100.72,High,5
AGRI-14196,2022,8,Perambalur,Black Cotton Soil,Groundnut,Chithirai Pattam (Apr-May),49.92,29.3,91.3,19.9,6339.7,2208.1,4692.5,3785.9,92.15,Normal,5
AGRI-14197,2021,6,Karur,Red Sandy & Black Clay,Cotton,Winter Irrigated (Aug-Feb),18.54,29.3,70.4,36.5,54.4,3195.6,1731.5,1200.2,73.97,Normal,6
AGRI-14198,2021,5,Thanjavur,Cauvery Delta Alluvium,Sugarcane,Mid (Feb-Mar),78.15,30.3,82.9,62.2,26938.9,34480.8,12002.9,16299.1,338.1,Normal,5
AGRI-14199,2024,7,Tiruchirappalli,Alluvial Clay & Red Loam,Cotton,Summer Irrigated (Feb-Jul),56.49,26.5,65.0,60.6,174.3,9673.4,5327.4,3643.1,201.89,Normal,5
AGRI-14200,2023,4,Pudukkottai,Red Laterite & Gravelly,Groundnut,Chithirai Pattam (Apr-May),6.73,27.2,85.2,56.7,830.3,284.2,590.4,530.7,11.92,Normal,6
AGRI-14201,2021,10,Tiruchirappalli,Alluvial Clay & Red Loam,Maize,Kharif (Jun-Sep),43.61,24.6,60.3,154.2,776.7,11876.0,6209.8,3293.5,101.79,High,6
AGRI-14202,2021,9,Nagapattinam,Coastal Alluvium & Saline,Pulses (Blackgram/Greengram),Rice Fallow (Jan-Feb),41.11,28.1,74.5,264.4,853.5,1221.7,2391.9,1078.9,51.51,High,7
AGRI-14203,2021,11,Perambalur,Black Cotton Soil,Sugarcane,Late (Apr-May),53.11,25.5,71.0,181.3,18713.4,29550.1,9276.3,9969.8,235.06,High,2
AGRI-14204,2023,9,Madurai,Clayey Red Loam,Pulses (Blackgram/Greengram),Rice Fallow (Jan-Feb),38.81,25.6,69.1,168.6,770.7,1168.9,2228.1,998.7,48.49,High,7
AGRI-14205,2024,9,Perambalur,Black Cotton Soil,Groundnut,Thai Pattam (Dec-Jan),4.95,32.3,79.3,167.7,647.8,245.5,527.2,371.2,13.72,High,7
AGRI-14206,2021,4,Madurai,Clayey Red Loam,Paddy (Rice),Navarai (Dec-Mar),60.1,24.0,85.4,30.4,2330.9,13908.9,6908.8,5063.2,193.25,Low,7
AGRI-14207,2022,7,Nagapattinam,Coastal Alluvium & Saline,Groundnut,Thai Pattam (Dec-Jan),57.62,29.2,60.4,60.8,7346.8,2698.3,5352.0,4385.1,101.78,Normal,2
AGRI-14208,2021,5,Karur,Red Sandy & Black Clay,Cotton,Winter Irrigated (Aug-Feb),14.9,37.4,78.9,26.6,43.4,2535.1,1392.2,1003.3,62.87,Normal,4
AGRI-14209,2021,3,Nagapattinam,Coastal Alluvium & Saline,Maize,Rabi (Oct-Jan),56.02,30.5,70.5,99.1,987.8,15429.1,8088.6,3876.8,113.03,Normal,6
AGRI-14210,2025,2,Karur,Red Sandy & Black Clay,Maize,Kharif (Jun-Sep),79.94,25.9,57.3,48.3,1434.2,19010.7,10821.7,5540.9,155.89,Normal,7
AGRI-14211,2021,8,Tiruvarur,Deltaic Alluvium,Pulses (Blackgram/Greengram),Rainfed (Oct-Nov),42.28,25.4,52.1,42.0,853.1,1004.6,2162.1,1102.9,57.98,Normal,3
AGRI-14212,2025,5,Karur,Red Sandy & Black Clay,Groundnut,Thai Pattam (Dec-Jan),81.92,32.8,81.7,56.5,10310.9,3899.7,7288.0,5819.9,153.37,Normal,6
AGRI-14213,2021,9,Perambalur,Black Cotton Soil,Maize,Rabi (Oct-Jan),63.05,29.7,64.4,128.6,1180.8,17379.5,9658.9,4500.9,124.05,High,5
AGRI-14214,2024,8,Tiruchirappalli,Alluvial Clay & Red Loam,Maize,Rabi (Oct-Jan),57.56,24.3,73.2,105.0,1028.0,15500.0,8904.3,4171.2,128.88,High,3
AGRI-14215,2024,5,Karur,Red Sandy & Black Clay,Maize,Rabi (Oct-Jan),12.2,26.5,84.1,20.4,225.0,3116.7,1520.6,917.8,28.99,Normal,6
AGRI-14216,2023,3,Karur,Red Sandy & Black Clay,Sugarcane,Late (Apr-May),73.5,35.2,52.4,14.8,25080.2,32481.9,10820.4,13900.9,341.7,Normal,6
AGRI-14217,2024,6,Perambalur,Black Cotton Soil,Pulses (Blackgram/Greengram),Rice Fallow (Jan-Feb),93.03,30.2,66.3,16.7,1945.6,2491.6,4423.2,2336.1,118.75,Normal,3
AGRI-14218,2025,11,Tiruvarur,Deltaic Alluvium,Groundnut,Adipattam (Jul-Aug),59.52,33.2,78.8,213.4,7715.6,2952.5,6219.5,4512.4,162.52,High,2
AGRI-14219,2022,10,Tiruchirappalli,Alluvial Clay & Red Loam,Paddy (Rice),Kuruvai (Jun-Sep),74.81,26.5,62.3,188.5,2889.7,18186.6,9475.6,6631.3,237.25,High,3
AGRI-14220,2021,6,Madurai,Clayey Red Loam,Pulses (Blackgram/Greengram),Rice Fallow (Jan-Feb),45.38,24.3,84.0,20.6,942.8,1178.3,2279.4,1137.4,63.22,Normal,6
AGRI-14221,2021,5,Thanjavur,Cauvery Delta Alluvium,Sugarcane,Late (Apr-May),91.7,28.8,78.4,78.2,32635.9,38556.8,14010.7,19606.0,682.37,Normal,3
AGRI-14222,2021,8,Perambalur,Black Cotton Soil,Groundnut,Chithirai Pattam (Apr-May),6.13,28.5,70.6,49.2,796.2,259.0,548.6,452.1,10.31,Low,6
AGRI-14223,2026,8,Karur,Red Sandy & Black Clay,Pulses (Blackgram/Greengram),Rice Fallow (Jan-Feb),65.22,26.5,65.6,48.9,1301.1,1556.8,3361.3,1668.3,87.81,Normal,6
AGRI-14224,2024,10,Tiruchirappalli,Alluvial Clay & Red Loam,Cotton,Winter Irrigated (Aug-Feb),60.68,31.0,88.3,144.5,175.3,11767.8,6511.5,3822.5,348.69,High,4
AGRI-14225,2024,9,Madurai,Clayey Red Loam,Paddy (Rice),Kuruvai (Jun-Sep),62.63,27.7,85.0,171.8,2561.9,14874.5,8059.9,5466.3,306.9,High,4
AGRI-14226,2022,1,Madurai,Clayey Red Loam,Cotton,Winter Irrigated (Aug-Feb),12.59,30.0,82.0,61.4,37.7,2139.8,1185.7,774.1,44.22,Normal,6
AGRI-14227,2021,12,Karur,Red Sandy & Black Clay,Sugarcane,Mid (Feb-Mar),17.51,31.8,73.6,156.6,6043.4,8832.3,3132.3,3296.8,82.02,High,2
AGRI-14228,2022,11,Pudukkottai,Red Laterite & Gravelly,Maize,Rabi (Oct-Jan),82.87,26.1,53.5,192.8,1566.2,23368.7,11772.1,6007.5,191.89,High,7
AGRI-14229,2023,7,Pudukkottai,Red Laterite & Gravelly,Cotton,Winter Irrigated (Aug-Feb),50.06,29.0,76.4,42.1,153.6,7697.1,4664.7,3455.5,205.38,Low,6
AGRI-14230,2023,2,Tiruvarur,Deltaic Alluvium,Paddy (Rice),Samba/Thaladi (Aug-Jan),24.64,23.7,75.8,81.4,1001.9,6377.8,3249.6,2128.9,128.53,High,2
AGRI-14231,2021,11,Perambalur,Black Cotton Soil,Groundnut,Adipattam (Jul-Aug),9.55,31.4,91.3,214.5,1198.8,470.9,990.8,746.2,26.13,High,4
AGRI-14232,2025,9,Nagapattinam,Coastal Alluvium & Saline,Pulses (Blackgram/Greengram),Rainfed (Oct-Nov),3.93,24.6,51.9,218.6,82.0,113.0,229.6,101.9,4.75,High,7
AGRI-14233,2023,2,Karur,Red Sandy & Black Clay,Sugarcane,Early (Dec-Jan),31.8,31.6,65.7,0.0,11028.5,14459.5,4801.5,6236.9,124.92,Normal,7
AGRI-14234,2026,11,Karur,Red Sandy & Black Clay,Pulses (Blackgram/Greengram),Rainfed (Oct-Nov),40.66,34.5,79.5,77.5,795.3,947.3,1944.0,970.4,88.08,Low,5
AGRI-14235,2026,11,Thanjavur,Cauvery Delta Alluvium,Groundnut,Adipattam (Jul-Aug),36.8,30.9,59.2,160.9,4609.3,1937.5,3738.6,2540.5,67.58,High,3
AGRI-14236,2021,9,Karur,Red Sandy & Black Clay,Paddy (Rice),Kuruvai (Jun-Sep),47.52,31.3,50.4,151.8,1854.3,12862.0,6114.9,3891.4,139.63,High,6
AGRI-14237,2026,5,Madurai,Clayey Red Loam,Sugarcane,Mid (Feb-Mar),53.72,27.7,80.1,49.3,18780.1,23572.3,8254.3,11193.1,247.04,Normal,7
AGRI-14238,2026,1,Tiruchirappalli,Alluvial Clay & Red Loam,Sugarcane,Early (Dec-Jan),58.81,32.9,69.2,42.5,20494.8,24926.9,8827.8,12373.6,242.96,Normal,2
AGRI-14239,2021,10,Tiruchirappalli,Alluvial Clay & Red Loam,Maize,Kharif (Jun-Sep),61.59,24.3,89.2,155.9,1075.3,16651.8,8875.0,4906.2,198.38,High,6
AGRI-14240,2025,7,Perambalur,Black Cotton Soil,Groundnut,Adipattam (Jul-Aug),41.91,29.4,90.6,23.3,5439.0,1947.6,3923.6,3361.4,76.85,Normal,3
AGRI-14241,2023,4,Thanjavur,Cauvery Delta Alluvium,Groundnut,Chithirai Pattam (Apr-May),67.15,24.9,74.0,33.9,8654.1,3128.2,6163.7,4825.6,120.93,Normal,7
AGRI-14242,2026,2,Karur,Red Sandy & Black Clay,Cotton,Winter Irrigated (Aug-Feb),68.69,24.8,75.8,12.8,214.3,11254.2,6408.0,4170.5,291.8,Normal,5
AGRI-14243,2026,5,Tiruchirappalli,Alluvial Clay & Red Loam,Cotton,Winter Irrigated (Aug-Feb),28.12,28.2,91.1,57.4,85.4,4575.3,2439.9,1766.2,120.39,Low,4
AGRI-14244,2025,1,Karur,Red Sandy & Black Clay,Pulses (Blackgram/Greengram),Rainfed (Oct-Nov),66.92,31.8,70.7,41.5,1292.3,1794.2,3499.1,1566.7,81.36,Low,6
AGRI-14245,2021,1,Tiruvarur,Deltaic Alluvium,Maize,Rabi (Oct-Jan),40.74,33.6,90.2,35.5,744.3,9509.9,5513.9,3248.3,95.43,Normal,7
AGRI-14246,2025,11,Madurai,Clayey Red Loam,Pulses (Blackgram/Greengram),Rainfed (Oct-Nov),89.59,26.0,72.6,157.6,1821.9,2755.7,5346.8,2356.8,108.71,High,4
AGRI-14247,2021,12,Thanjavur,Cauvery Delta Alluvium,Sugarcane,Late (Apr-May),11.74,28.0,75.7,184.6,4064.1,6071.8,2033.1,2232.9,73.31,High,3
AGRI-14248,2024,10,Tiruchirappalli,Alluvial Clay & Red Loam,Maize,Kharif (Jun-Sep),11.61,32.3,87.1,136.2,202.1,3311.7,1653.8,929.0,42.78,High,5
AGRI-14249,2023,12,Madurai,Clayey Red Loam,Paddy (Rice),Kuruvai (Jun-Sep),51.42,25.4,83.9,152.3,2119.4,12875.0,6605.0,4488.5,265.59,High,5
AGRI-14250,2026,3,Thanjavur,Cauvery Delta Alluvium,Paddy (Rice),Samba/Thaladi (Aug-Jan),48.98,25.9,77.8,50.8,1922.0,11635.3,5636.1,4052.3,135.21,High,4
AGRI-14251,2026,8,Perambalur,Black Cotton Soil,Maize,Rabi (Oct-Jan),52.43,38.5,63.5,47.6,983.4,12597.7,6489.3,3994.1,122.61,Normal,3
AGRI-14252,2026,10,Tiruvarur,Deltaic Alluvium,Maize,Rabi (Oct-Jan),75.41,31.2,67.3,196.2,1402.7,20328.1,11237.0,5351.5,172.63,High,2
AGRI-14253,2021,4,Perambalur,Black Cotton Soil,Paddy (Rice),Samba/Thaladi (Aug-Jan),48.39,34.1,61.4,0.0,1911.3,9905.1,5094.1,3846.3,141.27,High,5
AGRI-14254,2025,4,Madurai,Clayey Red Loam,Paddy (Rice),Kuruvai (Jun-Sep),3.64,30.1,62.8,78.2,149.6,863.9,395.5,316.4,11.43,High,4
AGRI-14255,2021,4,Nagapattinam,Coastal Alluvium & Saline,Sugarcane,Early (Dec-Jan),93.15,34.2,64.6,36.3,31538.6,44363.1,14342.5,17867.4,435.34,Normal,5
AGRI-14256,2022,2,Madurai,Clayey Red Loam,Groundnut,Chithirai Pattam (Apr-May),57.61,25.9,83.4,37.2,7505.7,2536.2,5412.7,4611.2,96.33,Normal,7
AGRI-14257,2026,7,Perambalur,Black Cotton Soil,Paddy (Rice),Samba/Thaladi (Aug-Jan),40.43,27.9,58.8,59.6,1671.7,9021.8,4341.7,3330.2,123.94,High,4
AGRI-14258,2024,10,Thanjavur,Cauvery Delta Alluvium,Pulses (Blackgram/Greengram),Rainfed (Oct-Nov),50.91,24.0,71.4,130.2,1020.7,1413.5,2796.4,1353.4,61.73,High,7
AGRI-14259,2025,9,Tiruchirappalli,Alluvial Clay & Red Loam,Paddy (Rice),Samba/Thaladi (Aug-Jan),60.92,30.1,51.7,140.0,2460.8,14896.8,7873.3,5478.5,170.28,High,4
AGRI-14260,2023,6,Perambalur,Black Cotton Soil,Groundnut,Chithirai Pattam (Apr-May),13.25,27.5,79.2,76.5,1603.6,613.0,1158.7,936.6,38.22,Normal,3
AGRI-14261,2024,6,Tiruvarur,Deltaic Alluvium,Groundnut,Chithirai Pattam (Apr-May),49.76,26.8,86.8,87.2,5997.7,2452.9,4909.8,3944.7,137.08,Normal,3
AGRI-14262,2026,10,Tiruvarur,Deltaic Alluvium,Maize,Rabi (Oct-Jan),9.56,23.3,65.7,200.4,169.6,2571.7,1400.4,715.0,22.38,High,2
AGRI-14263,2021,11,Tiruvarur,Deltaic Alluvium,Groundnut,Thai Pattam (Dec-Jan),45.68,33.0,88.9,175.3,5860.5,2547.8,4940.8,3371.5,135.93,High,5
AGRI-14264,2022,7,Tiruchirappalli,Alluvial Clay & Red Loam,Paddy (Rice),Kuruvai (Jun-Sep),31.52,27.3,66.5,12.0,1283.6,6638.8,3531.1,2598.3,95.7,High,4
AGRI-14265,2022,2,Perambalur,Black Cotton Soil,Groundnut,Adipattam (Jul-Aug),68.97,29.9,82.2,72.9,8470.7,3070.7,6439.3,5467.8,183.96,Normal,3
AGRI-14266,2021,1,Thanjavur,Cauvery Delta Alluvium,Cotton,Winter Irrigated (Aug-Feb),89.53,28.2,72.8,35.5,258.7,13400.6,7916.0,5393.3,342.01,Low,4
AGRI-14267,2024,2,Madurai,Clayey Red Loam,Maize,Kharif (Jun-Sep),90.68,25.6,77.0,42.4,1627.6,23056.5,11320.6,6409.8,186.2,Normal,2
AGRI-14268,2025,3,Madurai,Clayey Red Loam,Paddy (Rice),Navarai (Dec-Mar),47.75,29.9,84.7,60.9,1868.2,10146.7,5100.8,3991.8,138.65,Low,7
AGRI-14269,2022,6,Madurai,Clayey Red Loam,Maize,Kharif (Jun-Sep),34.21,31.5,68.2,54.5,628.1,7997.3,4586.5,2566.0,74.24,Normal,7
AGRI-14270,2026,10,Thanjavur,Cauvery Delta Alluvium,Maize,Kharif (Jun-Sep),27.55,27.7,60.4,182.2,501.2,8045.8,4139.6,2013.3,53.12,High,3
AGRI-14271,2023,1,Pudukkottai,Red Laterite & Gravelly,Pulses (Blackgram/Greengram),Rainfed (Oct-Nov),71.11,26.1,66.6,42.2,1486.6,1867.5,3402.3,1768.7,85.16,Normal,4
AGRI-14272,2026,7,Perambalur,Black Cotton Soil,Pulses (Blackgram/Greengram),Rice Fallow (Jan-Feb),18.25,34.3,86.3,25.0,378.7,430.7,884.7,458.0,23.6,Normal,4
AGRI-14273,2021,9,Tiruchirappalli,Alluvial Clay & Red Loam,Groundnut,Adipattam (Jul-Aug),27.71,26.6,81.8,167.3,3430.3,1491.5,2906.8,2094.4,70.41,High,3
AGRI-14274,2025,3,Thanjavur,Cauvery Delta Alluvium,Sugarcane,Late (Apr-May),78.89,25.1,51.4,80.0,28654.7,36551.9,11504.5,16554.3,304.42,Normal,4
AGRI-14275,2022,10,Pudukkottai,Red Laterite & Gravelly,Pulses (Blackgram/Greengram),Rainfed (Oct-Nov),6.67,29.4,90.9,178.4,132.5,196.8,401.5,159.3,12.72,High,5
AGRI-14276,2022,8,Thanjavur,Cauvery Delta Alluvium,Paddy (Rice),Samba/Thaladi (Aug-Jan),45.77,32.5,76.5,75.2,1882.6,9892.4,5229.2,3983.4,199.16,High,3
AGRI-14277,2023,9,Pudukkottai,Red Laterite & Gravelly,Paddy (Rice),Navarai (Dec-Mar),79.04,32.2,66.6,151.4,3254.3,19972.8,9546.8,6330.3,259.15,High,4
AGRI-14278,2024,8,Pudukkottai,Red Laterite & Gravelly,Pulses (Blackgram/Greengram),Rice Fallow (Jan-Feb),87.0,26.8,85.7,0.0,1825.9,2202.5,4326.3,2056.7,101.65,Normal,3
AGRI-14279,2022,3,Tiruvarur,Deltaic Alluvium,Pulses (Blackgram/Greengram),Rainfed (Oct-Nov),14.11,24.0,62.1,48.6,277.9,371.1,683.3,333.5,20.0,Normal,6
AGRI-14280,2024,3,Thanjavur,Cauvery Delta Alluvium,Maize,Kharif (Jun-Sep),28.03,24.9,68.8,57.7,526.1,7350.2,3557.7,2009.6,64.4,Normal,5
AGRI-14281,2025,10,Tiruvarur,Deltaic Alluvium,Cotton,Summer Irrigated (Feb-Jul),30.93,30.8,81.4,241.2,92.3,5607.2,3217.7,1980.4,205.49,High,7
AGRI-14282,2021,1,Karur,Red Sandy & Black Clay,Paddy (Rice),Kuruvai (Jun-Sep),49.35,35.7,68.4,14.5,1914.5,11015.1,5572.2,4176.9,153.82,High,4
AGRI-14283,2025,6,Karur,Red Sandy & Black Clay,Maize,Rabi (Oct-Jan),80.56,25.0,78.2,65.8,1446.2,19286.2,9978.6,5945.1,159.4,Normal,7
AGRI-14284,2021,10,Thanjavur,Cauvery Delta Alluvium,Sugarcane,Late (Apr-May),40.25,34.5,80.8,153.7,13946.6,20873.4,7011.9,8198.8,303.72,High,4
AGRI-14285,2026,5,Thanjavur,Cauvery Delta Alluvium,Groundnut,Adipattam (Jul-Aug),17.84,27.5,76.8,0.8,2211.3,821.1,1538.5,1333.8,29.34,Normal,6
AGRI-14286,2022,3,Pudukkottai,Red Laterite & Gravelly,Pulses (Blackgram/Greengram),Rice Fallow (Jan-Feb),17.02,28.6,72.9,108.3,342.6,460.6,998.5,413.9,23.49,High,7
AGRI-14287,2025,8,Thanjavur,Cauvery Delta Alluvium,Cotton,Winter Irrigated (Aug-Feb),41.54,32.0,69.5,87.2,120.3,7945.7,4373.2,2656.6,169.98,Normal,6
AGRI-14288,2024,8,Tiruchirappalli,Alluvial Clay & Red Loam,Pulses (Blackgram/Greengram),Rice Fallow (Jan-Feb),69.88,25.1,50.7,97.5,1371.6,1908.0,4155.8,1677.7,91.99,Normal,6
AGRI-14289,2022,9,Madurai,Clayey Red Loam,Cotton,Winter Irrigated (Aug-Feb),75.56,29.2,67.1,174.5,230.2,14472.3,7538.7,4961.4,311.2,High,7
AGRI-14290,2022,1,Tiruvarur,Deltaic Alluvium,Paddy (Rice),Samba/Thaladi (Aug-Jan),11.29,27.3,86.2,43.6,464.6,2488.7,1271.5,1023.2,37.17,High,4
AGRI-14291,2025,6,Perambalur,Black Cotton Soil,Pulses (Blackgram/Greengram),Rainfed (Oct-Nov),44.81,32.4,77.6,65.4,889.7,1169.9,2257.4,1091.2,53.89,Normal,6
AGRI-14292,2026,11,Thanjavur,Cauvery Delta Alluvium,Groundnut,Thai Pattam (Dec-Jan),63.96,29.8,61.8,176.1,8277.2,3368.8,6418.1,4789.1,106.6,High,3
AGRI-14293,2025,3,Tiruchirappalli,Alluvial Clay & Red Loam,Maize,Rabi (Oct-Jan),65.25,30.6,55.9,29.6,1140.3,16354.0,8252.1,5149.6,133.38,Normal,5
AGRI-14294,2026,12,Madurai,Clayey Red Loam,Cotton,Winter Irrigated (Aug-Feb),40.53,30.3,50.9,116.7,118.2,7130.8,4121.2,2548.9,140.33,High,4
AGRI-14295,2026,12,Tiruchirappalli,Alluvial Clay & Red Loam,Cotton,Summer Irrigated (Feb-Jul),12.75,30.2,56.4,188.3,39.9,2501.4,1344.5,798.7,50.92,High,2
AGRI-14296,2023,1,Tiruvarur,Deltaic Alluvium,Pulses (Blackgram/Greengram),Rice Fallow (Jan-Feb),60.02,22.8,63.7,21.0,1235.3,1526.1,3117.6,1589.6,73.1,Normal,3
AGRI-14297,2022,1,Thanjavur,Cauvery Delta Alluvium,Groundnut,Thai Pattam (Dec-Jan),75.82,31.3,88.7,63.0,9859.2,3661.6,6559.2,5797.9,131.72,Low,7
AGRI-14298,2024,7,Nagapattinam,Coastal Alluvium & Saline,Cotton,Summer Irrigated (Feb-Jul),90.45,28.1,71.2,74.1,264.3,14977.2,8276.6,5920.5,316.75,Low,5
AGRI-14299,2024,7,Thanjavur,Cauvery Delta Alluvium,Maize,Rabi (Oct-Jan),38.85,27.9,68.1,74.1,703.6,9230.2,5285.4,2900.7,85.95,Normal,5
AGRI-14300,2025,11,Tiruvarur,Deltaic Alluvium,Cotton,Summer Irrigated (Feb-Jul),30.52,29.5,91.9,189.6,90.6,5805.7,3240.6,1923.3,179.09,High,4
AGRI-14301,2025,4,Karur,Red Sandy & Black Clay,Paddy (Rice),Samba/Thaladi (Aug-Jan),73.96,24.9,54.8,46.0,2887.5,15711.6,8149.9,6600.1,205.64,High,2
AGRI-14302,2023,1,Pudukkottai,Red Laterite & Gravelly,Cotton,Summer Irrigated (Feb-Jul),18.13,27.5,91.7,44.3,52.4,3022.7,1649.6,1086.9,66.39,Normal,3
AGRI-14303,2026,4,Perambalur,Black Cotton Soil,Paddy (Rice),Navarai (Dec-Mar),37.59,20.8,63.7,26.6,1471.6,8540.3,4312.6,2951.8,106.23,Low,3
AGRI-14304,2025,6,Madurai,Clayey Red Loam,Pulses (Blackgram/Greengram),Rainfed (Oct-Nov),36.59,28.7,76.5,44.2,713.6,866.2,1748.0,975.1,51.88,Low,3
AGRI-14305,2024,5,Tiruchirappalli,Alluvial Clay & Red Loam,Sugarcane,Early (Dec-Jan),76.65,27.5,83.8,54.9,27266.8,35287.7,11838.4,15283.7,306.67,Normal,2
AGRI-14306,2026,3,Tiruchirappalli,Alluvial Clay & Red Loam,Maize,Rabi (Oct-Jan),34.93,21.0,64.2,7.4,642.5,9252.1,4437.6,2609.7,69.22,Normal,6
AGRI-14307,2025,5,Nagapattinam,Coastal Alluvium & Saline,Cotton,Winter Irrigated (Aug-Feb),93.41,23.0,54.9,46.0,294.1,15257.7,8180.3,5661.2,348.63,Normal,2
AGRI-14308,2021,6,Perambalur,Black Cotton Soil,Sugarcane,Early (Dec-Jan),57.27,30.2,64.7,34.4,20314.9,24259.0,8959.9,11482.8,269.87,Normal,6
AGRI-14309,2022,5,Pudukkottai,Red Laterite & Gravelly,Maize,Rabi (Oct-Jan),13.96,28.5,59.4,64.4,255.9,3611.2,1805.9,1053.4,32.96,Low,2
AGRI-14310,2023,2,Karur,Red Sandy & Black Clay,Cotton,Summer Irrigated (Feb-Jul),64.71,33.5,68.0,66.4,194.7,11001.8,5973.0,4409.2,236.87,Normal,4
AGRI-14311,2022,8,Thanjavur,Cauvery Delta Alluvium,Maize,Kharif (Jun-Sep),45.33,26.9,89.4,67.3,833.4,11672.8,5929.7,3587.2,97.12,Low,3
AGRI-14312,2024,6,Madurai,Clayey Red Loam,Groundnut,Chithirai Pattam (Apr-May),3.34,31.7,81.2,71.6,411.4,162.0,314.3,246.8,8.43,Low,3
AGRI-14313,2025,4,Perambalur,Black Cotton Soil,Maize,Kharif (Jun-Sep),91.41,31.1,58.3,20.0,1663.9,21890.6,11542.7,7311.9,200.14,Normal,7
AGRI-14314,2021,6,Thanjavur,Cauvery Delta Alluvium,Cotton,Winter Irrigated (Aug-Feb),66.98,24.7,82.9,46.1,202.1,10129.4,6168.7,4383.6,262.03,Normal,6
AGRI-14315,2025,6,Tiruchirappalli,Alluvial Clay & Red Loam,Groundnut,Thai Pattam (Dec-Jan),6.99,32.2,73.0,46.7,897.3,303.0,653.8,500.5,10.75,Normal,5
AGRI-14316,2023,10,Nagapattinam,Coastal Alluvium & Saline,Sugarcane,Mid (Feb-Mar),91.05,28.7,68.9,270.8,33246.5,48086.0,16011.8,19041.5,415.71,High,5
AGRI-14317,2026,10,Perambalur,Black Cotton Soil,Groundnut,Chithirai Pattam (Apr-May),12.95,31.8,80.7,179.5,1627.5,705.3,1309.6,1018.4,31.48,High,5
AGRI-14318,2025,3,Thanjavur,Cauvery Delta Alluvium,Groundnut,Adipattam (Jul-Aug),22.45,31.5,56.7,19.3,2946.1,1053.7,2018.5,1765.2,37.1,Normal,2
AGRI-14319,2021,2,Karur,Red Sandy & Black Clay,Cotton,Winter Irrigated (Aug-Feb),12.16,29.6,87.2,31.0,36.1,1912.8,1114.0,762.0,50.88,Normal,7
AGRI-14320,2024,6,Perambalur,Black Cotton Soil,Cotton,Winter Irrigated (Aug-Feb),36.96,28.4,76.7,31.3,107.3,6192.6,3271.2,2433.7,130.79,Normal,6
AGRI-14321,2023,12,Perambalur,Black Cotton Soil,Cotton,Summer Irrigated (Feb-Jul),43.22,25.6,73.2,166.0,125.5,7903.9,4684.0,2986.7,182.71,High,3
AGRI-14322,2022,9,Karur,Red Sandy & Black Clay,Sugarcane,Mid (Feb-Mar),81.21,28.2,85.5,115.4,28736.9,39883.7,13597.8,16828.9,507.58,High,5
AGRI-14323,2024,8,Thanjavur,Cauvery Delta Alluvium,Paddy (Rice),Samba/Thaladi (Aug-Jan),92.92,23.9,81.0,67.3,3843.6,21666.3,9859.5,7791.0,292.05,High,5
AGRI-14324,2023,5,Thanjavur,Cauvery Delta Alluvium,Pulses (Blackgram/Greengram),Rice Fallow (Jan-Feb),3.24,28.2,57.1,50.7,62.9,87.3,161.5,82.9,4.15,Normal,4
AGRI-14325,2022,12,Perambalur,Black Cotton Soil,Sugarcane,Late (Apr-May),21.87,29.3,67.5,165.5,7964.3,11758.8,3701.1,4489.7,91.19,High,5
AGRI-14326,2024,3,Tiruvarur,Deltaic Alluvium,Pulses (Blackgram/Greengram),Rainfed (Oct-Nov),59.19,26.3,89.1,53.1,1228.3,1503.9,2935.2,1463.6,73.04,Low,4
AGRI-14327,2021,8,Madurai,Clayey Red Loam,Pulses (Blackgram/Greengram),Rice Fallow (Jan-Feb),80.61,28.8,79.7,96.8,1603.5,2340.4,4496.9,2121.6,170.99,Normal,5
AGRI-14328,2022,8,Pudukkottai,Red Laterite & Gravelly,Sugarcane,Early (Dec-Jan),41.15,34.1,91.9,55.8,14756.5,18355.1,6019.7,7699.2,190.56,Normal,3
AGRI-14329,2023,10,Tiruvarur,Deltaic Alluvium,Maize,Kharif (Jun-Sep),81.12,16.9,77.9,201.1,1415.5,24481.5,11877.6,6233.2,251.32,High,5
AGRI-14330,2026,7,Karur,Red Sandy & Black Clay,Maize,Rabi (Oct-Jan),4.65,23.2,65.4,66.1,85.0,1102.1,590.1,328.8,10.93,Normal,3
AGRI-14331,2021,10,Tiruvarur,Deltaic Alluvium,Pulses (Blackgram/Greengram),Rice Fallow (Jan-Feb),42.99,30.4,91.7,194.9,843.2,1200.9,2392.7,1008.0,95.61,High,3
AGRI-14332,2026,10,Perambalur,Black Cotton Soil,Groundnut,Adipattam (Jul-Aug),63.52,29.0,73.9,164.0,7899.7,3358.1,6762.6,5097.0,117.82,High,6
AGRI-14333,2025,6,Karur,Red Sandy & Black Clay,Maize,Rabi (Oct-Jan),59.83,30.7,60.9,1.7,1108.4,15836.5,7852.4,4582.1,131.72,Normal,4
AGRI-14334,2026,2,Madurai,Clayey Red Loam,Maize,Kharif (Jun-Sep),47.76,25.7,71.1,29.7,878.2,12607.5,5976.7,3423.8,106.32,Normal,5
AGRI-14335,2024,5,Tiruvarur,Deltaic Alluvium,Maize,Kharif (Jun-Sep),89.87,21.2,80.2,44.2,1613.2,23587.9,12047.8,6268.7,208.27,Normal,3
AGRI-14336,2023,5,Pudukkottai,Red Laterite & Gravelly,Maize,Rabi (Oct-Jan),41.55,32.6,69.7,38.5,718.0,10279.3,5356.8,3203.1,95.84,Normal,7
AGRI-14337,2024,12,Tiruvarur,Deltaic Alluvium,Sugarcane,Late (Apr-May),11.92,30.6,87.0,195.3,4363.5,6642.5,2156.1,2414.9,73.82,High,5
AGRI-14338,2025,4,Tiruchirappalli,Alluvial Clay & Red Loam,Maize,Rabi (Oct-Jan),31.9,19.9,85.7,46.1,592.2,7540.4,4142.6,2270.8,64.23,Low,6
AGRI-14339,2025,9,Madurai,Clayey Red Loam,Paddy (Rice),Samba/Thaladi (Aug-Jan),20.52,15.7,57.7,152.4,793.1,5457.1,2523.2,1736.6,65.77,High,7
AGRI-14340,2023,8,Madurai,Clayey Red Loam,Cotton,Winter Irrigated (Aug-Feb),42.01,27.3,67.0,71.8,129.3,6389.7,3706.8,2553.2,160.9,Normal,6
AGRI-14341,2026,10,Perambalur,Black Cotton Soil,Groundnut,Adipattam (Jul-Aug),82.56,26.7,57.2,171.2,10776.0,4172.3,8617.5,6303.1,135.98,High,6
AGRI-14342,2024,6,Tiruchirappalli,Alluvial Clay & Red Loam,Cotton,Winter Irrigated (Aug-Feb),75.14,32.6,77.2,43.4,228.7,11787.5,6505.1,4541.8,274.81,Normal,2
AGRI-14343,2026,9,Tiruchirappalli,Alluvial Clay & Red Loam,Groundnut,Thai Pattam (Dec-Jan),88.07,31.3,74.0,170.7,10766.9,4370.1,8775.0,6449.4,157.54,High,5
AGRI-14344,2026,9,Pudukkottai,Red Laterite & Gravelly,Pulses (Blackgram/Greengram),Rice Fallow (Jan-Feb),21.03,27.8,74.3,150.1,407.9,652.6,1239.6,533.0,29.01,High,6
AGRI-14345,2023,2,Madurai,Clayey Red Loam,Paddy (Rice),Samba/Thaladi (Aug-Jan),29.75,29.5,70.8,44.8,1220.7,6494.5,3118.6,2498.4,94.47,High,6
AGRI-14346,2024,9,Pudukkottai,Red Laterite & Gravelly,Paddy (Rice),Samba/Thaladi (Aug-Jan),54.36,31.3,78.8,157.0,2278.4,12891.8,6890.6,4635.5,269.01,High,7
AGRI-14347,2021,7,Tiruvarur,Deltaic Alluvium,Maize,Rabi (Oct-Jan),31.25,27.2,91.3,66.3,573.6,7830.5,3936.9,2162.4,61.96,Normal,7
AGRI-14348,2022,3,Madurai,Clayey Red Loam,Groundnut,Adipattam (Jul-Aug),71.14,28.1,51.6,97.4,8750.3,3544.0,7242.2,5251.4,108.9,Normal,5
AGRI-14349,2026,11,Karur,Red Sandy & Black Clay,Cotton,Summer Irrigated (Feb-Jul),19.78,31.6,82.6,113.3,59.2,3760.2,1989.7,1362.2,131.01,High,3
AGRI-14350,2021,12,Pudukkottai,Red Laterite & Gravelly,Groundnut,Adipattam (Jul-Aug),76.58,29.8,72.8,170.9,9308.9,3844.1,8163.7,5914.8,140.34,High,7
AGRI-14351,2022,6,Karur,Red Sandy & Black Clay,Paddy (Rice),Navarai (Dec-Mar),84.72,27.9,58.6,10.1,3340.3,17345.6,9466.3,7627.8,237.46,Low,6
AGRI-14352,2026,7,Karur,Red Sandy & Black Clay,Sugarcane,Late (Apr-May),82.37,31.3,86.2,3.9,28903.3,38884.6,12454.0,16142.4,332.39,Low,7
AGRI-14353,2024,12,Tiruchirappalli,Alluvial Clay & Red Loam,Maize,Rabi (Oct-Jan),7.22,27.1,77.7,149.3,126.6,2146.5,1103.6,523.4,22.1,High,5
AGRI-14354,2026,2,Pudukkottai,Red Laterite & Gravelly,Sugarcane,Mid (Feb-Mar),48.58,30.4,73.3,37.9,17428.8,21000.3,7570.1,9882.5,220.11,Normal,2
AGRI-14355,2023,10,Tiruchirappalli,Alluvial Clay & Red Loam,Paddy (Rice),Navarai (Dec-Mar),83.83,25.7,59.2,129.5,3330.1,22549.3,10288.0,7271.6,230.64,High,4
AGRI-14356,2024,10,Tiruchirappalli,Alluvial Clay & Red Loam,Sugarcane,Early (Dec-Jan),34.72,34.2,50.2,128.5,11977.1,18436.9,5737.6,7148.2,134.63,High,6
AGRI-14357,2025,9,Tiruvarur,Deltaic Alluvium,Sugarcane,Late (Apr-May),73.17,28.5,55.3,176.1,26041.8,38881.3,12691.1,14985.5,340.78,High,7
AGRI-14358,2021,10,Madurai,Clayey Red Loam,Cotton,Winter Irrigated (Aug-Feb),61.9,24.2,84.7,165.8,178.9,11301.4,6656.6,4037.1,408.74,High,3
AGRI-14359,2023,11,Thanjavur,Cauvery Delta Alluvium,Cotton,Summer Irrigated (Feb-Jul),60.64,31.5,87.1,142.0,183.7,11193.3,6443.6,3789.5,402.24,High,2
AGRI-14360,2024,12,Thanjavur,Cauvery Delta Alluvium,Cotton,Winter Irrigated (Aug-Feb),41.25,28.8,55.7,197.9,129.6,8005.6,4162.9,2677.0,164.89,High,2
AGRI-14361,2025,10,Madurai,Clayey Red Loam,Groundnut,Thai Pattam (Dec-Jan),7.12,24.0,59.9,205.8,904.0,394.0,713.2,533.5,11.22,High,2
AGRI-14362,2022,4,Tiruvarur,Deltaic Alluvium,Paddy (Rice),Samba/Thaladi (Aug-Jan),27.4,30.8,55.1,60.7,1137.3,5905.5,3163.7,2296.1,84.12,High,6
AGRI-14363,2023,2,Pudukkottai,Red Laterite & Gravelly,Paddy (Rice),Samba/Thaladi (Aug-Jan),57.46,27.5,55.5,32.0,2378.3,12852.7,6612.7,4825.9,185.16,High,5
AGRI-14364,2024,11,Karur,Red Sandy & Black Clay,Cotton,Summer Irrigated (Feb-Jul),69.14,35.0,69.6,96.4,212.2,13118.2,7308.1,4770.0,273.92,Normal,3
AGRI-14365,2025,5,Tiruvarur,Deltaic Alluvium,Pulses (Blackgram/Greengram),Rice Fallow (Jan-Feb),71.77,31.6,84.6,27.1,1496.2,1783.8,3450.4,1874.4,95.61,Normal,3
AGRI-14366,2021,1,Pudukkottai,Red Laterite & Gravelly,Maize,Kharif (Jun-Sep),56.04,32.4,88.9,40.6,1016.9,13419.3,6955.5,4041.5,107.46,Normal,4
AGRI-14367,2024,11,Nagapattinam,Coastal Alluvium & Saline,Sugarcane,Late (Apr-May),39.17,27.5,78.8,264.9,13321.2,21687.2,6741.3,7889.0,243.43,High,4
AGRI-14368,2026,9,Karur,Red Sandy & Black Clay,Sugarcane,Late (Apr-May),50.22,33.9,62.1,73.2,18433.7,21152.1,7238.0,9548.1,233.75,Normal,5
AGRI-14369,2025,3,Tiruvarur,Deltaic Alluvium,Maize,Kharif (Jun-Sep),49.24,22.8,79.6,94.1,916.7,13807.6,7392.3,3845.1,175.71,Normal,2
AGRI-14370,2025,10,Pudukkottai,Red Laterite & Gravelly,Maize,Rabi (Oct-Jan),66.7,25.2,75.3,148.8,1234.5,19375.2,9892.8,4825.4,225.59,High,6
AGRI-14371,2021,9,Pudukkottai,Red Laterite & Gravelly,Pulses (Blackgram/Greengram),Rainfed (Oct-Nov),90.42,26.8,75.1,173.3,1781.1,2483.2,5368.7,2257.6,179.52,High,2
AGRI-14372,2021,12,Karur,Red Sandy & Black Clay,Maize,Kharif (Jun-Sep),9.9,31.5,75.0,115.4,182.5,2725.9,1541.3,766.6,22.58,High,2
AGRI-14373,2022,7,Nagapattinam,Coastal Alluvium & Saline,Sugarcane,Mid (Feb-Mar),66.42,26.8,72.6,83.8,22557.7,33766.7,11254.5,12773.5,297.01,Normal,5
AGRI-14374,2024,2,Nagapattinam,Coastal Alluvium & Saline,Cotton,Summer Irrigated (Feb-Jul),59.97,23.2,65.8,92.2,178.2,11866.3,6196.7,4149.9,236.44,Normal,6
AGRI-14375,2022,3,Tiruvarur,Deltaic Alluvium,Paddy (Rice),Kuruvai (Jun-Sep),36.53,28.1,58.2,98.5,1465.4,9375.5,4845.6,2926.8,119.39,High,5
AGRI-14376,2021,8,Perambalur,Black Cotton Soil,Pulses (Blackgram/Greengram),Rainfed (Oct-Nov),22.6,25.3,75.4,14.5,442.7,606.0,1098.1,556.4,26.19,Normal,6
AGRI-14377,2024,7,Nagapattinam,Coastal Alluvium & Saline,Maize,Kharif (Jun-Sep),79.12,26.8,52.0,77.8,1390.1,20244.0,10714.1,6066.8,181.82,Normal,2
AGRI-14378,2025,7,Karur,Red Sandy & Black Clay,Cotton,Summer Irrigated (Feb-Jul),82.54,30.3,75.2,0.0,247.7,13527.1,7678.6,5504.3,331.57,Low,5
AGRI-14379,2022,1,Karur,Red Sandy & Black Clay,Paddy (Rice),Samba/Thaladi (Aug-Jan),74.54,24.5,65.7,15.5,3062.4,15311.5,8100.5,6773.1,245.52,High,4
AGRI-14380,2022,12,Madurai,Clayey Red Loam,Sugarcane,Late (Apr-May),39.02,31.4,54.7,129.8,13544.9,21434.9,6706.4,7594.8,158.24,High,7
AGRI-14381,2023,7,Perambalur,Black Cotton Soil,Cotton,Summer Irrigated (Feb-Jul),3.0,27.7,57.5,57.9,9.0,501.3,259.8,186.1,11.92,Normal,2
AGRI-14382,2026,3,Nagapattinam,Coastal Alluvium & Saline,Paddy (Rice),Navarai (Dec-Mar),57.48,31.7,60.0,83.8,2275.2,13604.4,7450.1,5126.0,171.39,Normal,4
AGRI-14383,2026,12,Pudukkottai,Red Laterite & Gravelly,Sugarcane,Mid (Feb-Mar),73.39,33.7,86.5,111.1,26441.3,35706.1,12960.7,14851.4,543.9,High,2
AGRI-14384,2026,3,Thanjavur,Cauvery Delta Alluvium,Paddy (Rice),Navarai (Dec-Mar),91.58,32.4,80.1,47.1,3608.9,19846.3,10184.7,8201.5,268.25,Low,7
AGRI-14385,2025,6,Tiruvarur,Deltaic Alluvium,Pulses (Blackgram/Greengram),Rice Fallow (Jan-Feb),50.99,20.0,63.3,23.0,1062.9,1305.3,2532.0,1218.0,59.14,Normal,7
AGRI-14386,2024,11,Nagapattinam,Coastal Alluvium & Saline,Cotton,Summer Irrigated (Feb-Jul),80.51,31.6,90.8,273.1,245.8,15731.3,8174.4,4926.7,517.01,High,3
AGRI-14387,2026,5,Karur,Red Sandy & Black Clay,Paddy (Rice),Kuruvai (Jun-Sep),81.96,22.7,85.0,41.8,3212.7,17035.8,9232.5,7069.3,244.8,High,7
AGRI-14388,2023,10,Madurai,Clayey Red Loam,Maize,Rabi (Oct-Jan),21.39,29.2,77.9,154.0,400.5,5856.6,3231.3,1497.4,76.05,High,4
AGRI-14389,2023,1,Tiruchirappalli,Alluvial Clay & Red Loam,Maize,Rabi (Oct-Jan),40.17,23.7,53.3,52.8,743.8,10843.3,5332.8,3105.3,88.2,Low,7
AGRI-14390,2025,7,Tiruvarur,Deltaic Alluvium,Sugarcane,Mid (Feb-Mar),25.22,32.7,75.2,49.5,8545.2,10923.0,3788.5,4919.7,98.06,Normal,7
AGRI-14391,2021,12,Tiruchirappalli,Alluvial Clay & Red Loam,Paddy (Rice),Kuruvai (Jun-Sep),33.28,30.9,81.1,210.7,1313.8,8831.8,4303.1,2660.8,161.43,High,4
AGRI-14392,2021,4,Thanjavur,Cauvery Delta Alluvium,Cotton,Summer Irrigated (Feb-Jul),85.18,28.3,68.5,72.0,255.3,14057.4,7375.6,5777.1,333.68,Normal,2
AGRI-14393,2023,12,Karur,Red Sandy & Black Clay,Pulses (Blackgram/Greengram),Rice Fallow (Jan-Feb),6.39,25.5,86.3,139.7,133.5,192.3,367.2,147.7,13.09,High,7
AGRI-14394,2025,2,Madurai,Clayey Red Loam,Sugarcane,Early (Dec-Jan),43.61,29.6,91.7,34.4,15296.3,19547.5,6849.6,8895.6,189.36,Normal,3
AGRI-14395,2024,4,Thanjavur,Cauvery Delta Alluvium,Pulses (Blackgram/Greengram),Rainfed (Oct-Nov),21.47,27.5,87.8,56.9,418.8,503.6,1050.8,499.0,27.01,Normal,4
AGRI-14396,2024,11,Thanjavur,Cauvery Delta Alluvium,Cotton,Winter Irrigated (Aug-Feb),52.6,32.4,59.2,163.8,155.8,9145.7,5245.1,3461.7,204.19,High,6
AGRI-14397,2024,3,Tiruvarur,Deltaic Alluvium,Sugarcane,Late (Apr-May),16.55,29.4,91.6,4.1,5885.1,6989.9,2467.3,3131.8,65.55,Normal,7
AGRI-14398,2022,11,Tiruchirappalli,Alluvial Clay & Red Loam,Sugarcane,Mid (Feb-Mar),3.61,33.2,87.1,97.9,1263.9,1816.3,625.5,712.8,23.85,Low,4
AGRI-14399,2024,12,Tiruchirappalli,Alluvial Clay & Red Loam,Paddy (Rice),Samba/Thaladi (Aug-Jan),19.13,26.8,74.1,170.0,750.4,5191.2,2468.8,1622.6,53.25,High,3
AGRI-14400,2021,6,Nagapattinam,Coastal Alluvium & Saline,Pulses (Blackgram/Greengram),Rice Fallow (Jan-Feb),21.58,30.1,86.5,82.1,420.2,581.5,1241.5,554.0,48.79,Normal,5
AGRI-14401,2023,7,Perambalur,Black Cotton Soil,Pulses (Blackgram/Greengram),Rainfed (Oct-Nov),7.52,28.2,68.5,0.0,151.9,183.4,381.1,174.7,8.74,Normal,3
AGRI-14402,2021,11,Karur,Red Sandy & Black Clay,Groundnut,Chithirai Pattam (Apr-May),81.07,24.2,83.4,134.1,10064.2,4141.9,8160.4,5910.7,231.86,High,5
AGRI-14403,2022,9,Nagapattinam,Coastal Alluvium & Saline,Maize,Kharif (Jun-Sep),68.56,25.3,77.5,230.1,1208.6,20737.4,10618.1,4751.4,218.12,High,6
AGRI-14404,2026,1,Tiruchirappalli,Alluvial Clay & Red Loam,Maize,Rabi (Oct-Jan),15.14,27.2,60.3,2.8,270.4,4084.0,1890.3,1063.4,33.02,Normal,7
AGRI-14405,2024,2,Karur,Red Sandy & Black Clay,Pulses (Blackgram/Greengram),Rainfed (Oct-Nov),20.39,26.2,54.6,46.8,417.4,532.1,1066.3,537.3,29.1,Normal,3
AGRI-14406,2022,11,Nagapattinam,Coastal Alluvium & Saline,Maize,Kharif (Jun-Sep),50.52,32.4,71.6,252.1,913.9,14532.2,7230.7,3503.1,110.35,High,2
AGRI-14407,2026,3,Nagapattinam,Coastal Alluvium & Saline,Sugarcane,Late (Apr-May),3.48,38.9,91.7,55.8,1178.8,1598.2,518.3,732.0,15.11,Low,6
AGRI-14408,2023,9,Thanjavur,Cauvery Delta Alluvium,Maize,Kharif (Jun-Sep),63.07,31.6,50.7,166.6,1123.3,18322.5,9555.5,4480.2,134.71,High,3
AGRI-14409,2026,11,Madurai,Clayey Red Loam,Maize,Rabi (Oct-Jan),85.62,29.1,79.5,169.9,1545.1,25262.9,12590.8,6297.3,281.66,High,5
AGRI-14410,2023,8,Nagapattinam,Coastal Alluvium & Saline,Pulses (Blackgram/Greengram),Rice Fallow (Jan-Feb),29.81,26.5,83.6,77.0,621.4,721.2,1431.3,714.0,62.21,Low,6
AGRI-14411,2026,7,Thanjavur,Cauvery Delta Alluvium,Paddy (Rice),Navarai (Dec-Mar),70.04,32.8,86.9,45.8,2760.6,15577.6,7896.1,5507.2,210.29,Low,5
AGRI-14412,2023,3,Tiruvarur,Deltaic Alluvium,Sugarcane,Late (Apr-May),49.89,29.0,90.2,63.5,17217.2,24083.1,7154.7,10655.6,192.16,Low,3
AGRI-14413,2021,10,Tiruchirappalli,Alluvial Clay & Red Loam,Paddy (Rice),Kuruvai (Jun-Sep),14.98,27.3,52.5,152.5,606.1,3854.8,1911.3,1291.4,41.62,High,5
AGRI-14414,2022,10,Karur,Red Sandy & Black Clay,Paddy (Rice),Kuruvai (Jun-Sep),17.21,23.5,78.3,160.7,693.8,4582.2,2281.2,1510.4,74.82,High,5
AGRI-14415,2023,2,Nagapattinam,Coastal Alluvium & Saline,Groundnut,Chithirai Pattam (Apr-May),78.11,32.6,55.8,9.2,9947.7,3376.8,7342.9,5521.0,135.36,Normal,6
AGRI-14416,2026,3,Thanjavur,Cauvery Delta Alluvium,Groundnut,Thai Pattam (Dec-Jan),78.73,26.4,86.5,42.0,9956.4,3668.2,6939.7,6052.3,129.11,Normal,4
AGRI-14417,2026,1,Perambalur,Black Cotton Soil,Groundnut,Thai Pattam (Dec-Jan),22.3,27.2,76.8,41.8,2793.5,1005.5,1990.7,1698.2,35.41,Normal,3
AGRI-14418,2025,7,Tiruvarur,Deltaic Alluvium,Groundnut,Thai Pattam (Dec-Jan),7.57,31.6,77.2,70.4,926.6,346.1,699.2,524.5,22.61,Normal,4
AGRI-14419,2023,2,Nagapattinam,Coastal Alluvium & Saline,Maize,Kharif (Jun-Sep),62.59,26.3,75.8,108.8,1130.7,18374.7,8982.5,4657.2,235.31,High,7
AGRI-14420,2021,11,Perambalur,Black Cotton Soil,Cotton,Winter Irrigated (Aug-Feb),69.38,32.5,59.5,153.4,212.4,13418.4,7162.9,4493.5,256.73,High,3
AGRI-14421,2026,9,Pudukkottai,Red Laterite & Gravelly,Paddy (Rice),Kuruvai (Jun-Sep),10.71,26.1,70.3,147.8,426.5,2878.1,1351.7,928.4,34.7,High,5
AGRI-14422,2024,3,Pudukkottai,Red Laterite & Gravelly,Sugarcane,Early (Dec-Jan),63.91,36.4,51.8,59.0,22180.5,28200.5,9381.1,12233.9,299.82,Low,6
AGRI-14423,2023,8,Tiruvarur,Deltaic Alluvium,Maize,Kharif (Jun-Sep),33.26,31.1,90.2,48.3,590.2,8190.1,4225.5,2614.8,77.02,Normal,7
AGRI-14424,2025,4,Pudukkottai,Red Laterite & Gravelly,Cotton,Summer Irrigated (Feb-Jul),93.82,32.1,53.9,89.1,278.0,18385.9,9909.8,5935.1,354.79,Normal,3
AGRI-14425,2023,5,Tiruchirappalli,Alluvial Clay & Red Loam,Groundnut,Adipattam (Jul-Aug),62.3,24.4,82.5,28.6,7634.4,2735.8,5753.8,4901.7,108.8,Low,7
AGRI-14426,2025,9,Madurai,Clayey Red Loam,Pulses (Blackgram/Greengram),Rainfed (Oct-Nov),74.68,30.1,89.5,112.9,1450.1,2114.5,4380.9,1828.8,159.42,High,3
AGRI-14427,2024,4,Karur,Red Sandy & Black Clay,Groundnut,Chithirai Pattam (Apr-May),68.84,34.7,82.6,20.6,8868.6,3098.6,6189.3,5183.6,119.46,Normal,6
AGRI-14428,2024,2,Perambalur,Black Cotton Soil,Maize,Rabi (Oct-Jan),44.79,21.7,51.0,21.2,777.3,10497.3,6085.4,3491.8,103.74,Normal,4
AGRI-14429,2023,5,Thanjavur,Cauvery Delta Alluvium,Maize,Kharif (Jun-Sep),80.93,25.4,62.7,29.9,1438.3,18978.1,10415.7,6118.2,190.52,Normal,7
AGRI-14430,2025,3,Pudukkottai,Red Laterite & Gravelly,Pulses (Blackgram/Greengram),Rice Fallow (Jan-Feb),77.42,27.5,78.6,29.5,1612.2,2069.7,3809.7,1854.2,92.58,Normal,5
AGRI-14431,2025,8,Thanjavur,Cauvery Delta Alluvium,Maize,Rabi (Oct-Jan),67.51,30.0,69.2,61.2,1250.4,15806.7,8414.0,4941.3,138.02,Low,6
AGRI-14432,2022,12,Tiruvarur,Deltaic Alluvium,Cotton,Winter Irrigated (Aug-Feb),7.8,32.6,90.0,211.2,22.6,1357.6,808.5,492.3,50.64,High,5
AGRI-14433,2021,4,Pudukkottai,Red Laterite & Gravelly,Maize,Kharif (Jun-Sep),18.56,25.6,55.8,37.0,336.4,4601.4,2405.1,1415.2,43.06,Normal,3
AGRI-14434,2025,3,Nagapattinam,Coastal Alluvium & Saline,Pulses (Blackgram/Greengram),Rainfed (Oct-Nov),53.58,30.5,82.9,105.6,1108.5,1538.9,3080.2,1349.4,109.38,High,2
AGRI-14435,2021,12,Pudukkottai,Red Laterite & Gravelly,Sugarcane,Late (Apr-May),48.22,31.1,66.2,166.7,16896.2,24697.4,8560.4,9795.9,195.8,High,7
AGRI-14436,2022,5,Nagapattinam,Coastal Alluvium & Saline,Paddy (Rice),Kuruvai (Jun-Sep),60.99,30.4,85.1,74.2,2427.0,14142.7,6377.4,4964.7,284.65,High,6
AGRI-14437,2023,2,Pudukkottai,Red Laterite & Gravelly,Maize,Kharif (Jun-Sep),12.25,25.8,60.5,0.0,223.9,3048.4,1635.3,900.1,27.71,Low,2
AGRI-14438,2021,8,Madurai,Clayey Red Loam,Cotton,Summer Irrigated (Feb-Jul),52.18,29.5,78.2,46.3,155.7,7939.2,4890.7,3460.9,210.93,Normal,6
AGRI-14439,2024,1,Madurai,Clayey Red Loam,Cotton,Winter Irrigated (Aug-Feb),38.99,20.1,77.6,65.0,118.5,6129.7,3411.5,2331.9,149.77,Normal,5
AGRI-14440,2023,9,Tiruvarur,Deltaic Alluvium,Cotton,Winter Irrigated (Aug-Feb),20.27,31.0,63.0,176.2,60.1,3587.8,2140.9,1382.5,79.92,High,4
AGRI-14441,2023,1,Perambalur,Black Cotton Soil,Groundnut,Chithirai Pattam (Apr-May),12.01,32.2,79.0,106.2,1570.4,662.8,1280.2,885.5,35.58,High,4
AGRI-14442,2026,3,Tiruchirappalli,Alluvial Clay & Red Loam,Pulses (Blackgram/Greengram),Rainfed (Oct-Nov),88.65,25.7,76.7,60.0,1767.9,2116.0,4500.0,2207.5,105.84,Low,6
AGRI-14443,2021,2,Pudukkottai,Red Laterite & Gravelly,Pulses (Blackgram/Greengram),Rainfed (Oct-Nov),90.71,22.1,89.6,10.5,1877.2,2303.9,4340.7,2416.9,104.98,Normal,7
AGRI-14444,2026,12,Thanjavur,Cauvery Delta Alluvium,Paddy (Rice),Samba/Thaladi (Aug-Jan),83.8,30.4,79.0,188.4,3335.9,20085.9,10700.2,7176.9,356.81,High,7
AGRI-14445,2026,11,Nagapattinam,Coastal Alluvium & Saline,Groundnut,Thai Pattam (Dec-Jan),44.63,28.2,82.2,234.8,5406.0,2380.3,4648.3,3320.8,117.7,High,3
AGRI-14446,2026,1,Pudukkottai,Red Laterite & Gravelly,Cotton,Summer Irrigated (Feb-Jul),43.25,30.4,88.0,66.4,127.7,6568.1,3842.9,2971.2,174.28,Normal,2
AGRI-14447,2026,6,Tiruchirappalli,Alluvial Clay & Red Loam,Groundnut,Adipattam (Jul-Aug),67.27,26.4,50.6,20.9,8788.5,2952.9,5802.4,4803.2,109.9,Normal,2
AGRI-14448,2021,12,Thanjavur,Cauvery Delta Alluvium,Sugarcane,Mid (Feb-Mar),16.8,30.8,57.6,171.9,6130.2,8977.4,2825.7,3157.3,70.59,High,7
AGRI-14449,2025,6,Pudukkottai,Red Laterite & Gravelly,Maize,Rabi (Oct-Jan),34.04,27.5,52.4,20.5,643.3,8455.3,4595.3,2532.8,65.77,Normal,3
AGRI-14450,2025,3,Nagapattinam,Coastal Alluvium & Saline,Groundnut,Adipattam (Jul-Aug),80.44,23.6,52.0,63.9,9663.8,3833.8,7283.4,5890.2,134.38,Normal,3
AGRI-14451,2023,5,Perambalur,Black Cotton Soil,Paddy (Rice),Kuruvai (Jun-Sep),20.5,26.1,83.6,37.1,822.7,4347.3,2360.5,1729.3,60.84,High,4
AGRI-14452,2025,10,Perambalur,Black Cotton Soil,Sugarcane,Mid (Feb-Mar),56.37,33.2,72.1,134.0,19538.5,30021.9,9268.0,11190.0,242.51,High,3
AGRI-14453,2022,6,Perambalur,Black Cotton Soil,Paddy (Rice),Navarai (Dec-Mar),90.92,25.6,53.4,3.0,3704.6,21432.4,10208.5,8014.8,297.03,Low,3
AGRI-14454,2025,12,Madurai,Clayey Red Loam,Cotton,Winter Irrigated (Aug-Feb),19.73,37.7,53.3,172.0,59.3,3685.2,2082.3,1198.1,71.91,High,5
AGRI-14455,2022,4,Pudukkottai,Red Laterite & Gravelly,Pulses (Blackgram/Greengram),Rainfed (Oct-Nov),35.15,25.7,74.5,90.6,709.2,1035.2,2019.3,906.2,43.14,Normal,2
AGRI-14456,2021,11,Nagapattinam,Coastal Alluvium & Saline,Pulses (Blackgram/Greengram),Rainfed (Oct-Nov),81.12,26.6,70.6,231.0,1623.3,2391.8,4822.8,1934.6,114.64,High,3
AGRI-14457,2022,5,Perambalur,Black Cotton Soil,Paddy (Rice),Samba/Thaladi (Aug-Jan),61.95,27.4,81.0,37.6,2592.8,13370.8,6876.6,5410.3,204.66,High,7
AGRI-14458,2023,2,Tiruchirappalli,Alluvial Clay & Red Loam,Sugarcane,Early (Dec-Jan),37.72,26.8,57.0,3.3,13391.6,17951.8,5418.3,7254.9,161.1,Low,4
AGRI-14459,2023,5,Tiruvarur,Deltaic Alluvium,Maize,Kharif (Jun-Sep),7.51,31.0,51.2,125.7,139.3,2141.1,1085.7,540.0,15.16,High,6
AGRI-14460,2024,2,Karur,Red Sandy & Black Clay,Pulses (Blackgram/Greengram),Rainfed (Oct-Nov),36.89,27.2,73.9,7.1,744.7,904.9,1800.5,859.5,46.48,Normal,5
AGRI-14461,2021,5,Nagapattinam,Coastal Alluvium & Saline,Sugarcane,Mid (Feb-Mar),76.07,32.4,90.5,95.7,25761.7,37179.6,12616.1,14290.6,527.75,Normal,6
AGRI-14462,2025,4,Karur,Red Sandy & Black Clay,Maize,Rabi (Oct-Jan),32.35,28.6,80.5,53.4,605.7,8386.5,4028.0,2281.8,64.96,Normal,6
AGRI-14463,2024,11,Tiruchirappalli,Alluvial Clay & Red Loam,Groundnut,Chithirai Pattam (Apr-May),34.63,29.1,73.6,153.0,4242.3,1911.9,3434.3,2551.9,60.53,High,4
AGRI-14464,2026,9,Perambalur,Black Cotton Soil,Paddy (Rice),Samba/Thaladi (Aug-Jan),65.87,29.1,82.0,114.1,2671.2,17897.1,8560.1,5204.0,337.76,High,3
AGRI-14465,2022,11,Tiruchirappalli,Alluvial Clay & Red Loam,Groundnut,Thai Pattam (Dec-Jan),45.01,31.4,90.6,159.3,5610.5,2388.6,4613.3,3299.6,130.01,High,3
AGRI-14466,2025,3,Tiruchirappalli,Alluvial Clay & Red Loam,Groundnut,Adipattam (Jul-Aug),17.57,30.3,87.8,25.9,2171.9,823.6,1562.5,1219.0,31.47,Low,3
AGRI-14467,2025,11,Pudukkottai,Red Laterite & Gravelly,Groundnut,Adipattam (Jul-Aug),9.16,33.6,85.7,196.7,1190.6,461.5,936.8,718.9,24.32,High,4
AGRI-14468,2022,11,Tiruvarur,Deltaic Alluvium,Cotton,Summer Irrigated (Feb-Jul),64.82,32.4,89.9,202.0,195.8,11993.6,6468.3,4046.5,415.85,High,7
AGRI-14469,2021,6,Tiruchirappalli,Alluvial Clay & Red Loam,Paddy (Rice),Navarai (Dec-Mar),82.7,26.3,90.6,56.8,3469.5,19443.7,8833.9,7456.5,221.66,Low,4
AGRI-14470,2022,5,Madurai,Clayey Red Loam,Cotton,Summer Irrigated (Feb-Jul),75.83,29.7,76.4,31.2,232.6,11965.9,6795.6,4655.2,312.69,Normal,4
AGRI-14471,2024,5,Perambalur,Black Cotton Soil,Maize,Rabi (Oct-Jan),58.5,24.7,65.8,76.0,1059.3,14164.8,7600.3,4646.5,136.28,Low,7
AGRI-14472,2022,10,Madurai,Clayey Red Loam,Pulses (Blackgram/Greengram),Rice Fallow (Jan-Feb),77.82,28.0,63.9,136.2,1501.0,2215.4,4434.0,1883.0,95.09,High,6
AGRI-14473,2022,5,Pudukkottai,Red Laterite & Gravelly,Sugarcane,Early (Dec-Jan),42.05,31.7,85.2,10.4,14625.7,19933.4,6267.4,7988.7,168.21,Normal,3
AGRI-14474,2026,3,Madurai,Clayey Red Loam,Maize,Kharif (Jun-Sep),73.6,33.1,61.4,29.2,1349.3,18271.1,9961.0,5830.2,170.1,Normal,6
AGRI-14475,2024,9,Madurai,Clayey Red Loam,Maize,Rabi (Oct-Jan),93.7,24.1,85.7,171.2,1742.6,28988.9,13551.8,7169.8,349.17,High,4
AGRI-14476,2022,1,Madurai,Clayey Red Loam,Cotton,Summer Irrigated (Feb-Jul),92.06,33.6,70.6,23.9,274.6,14485.5,8310.3,5962.5,376.16,Normal,2
AGRI-14477,2024,7,Perambalur,Black Cotton Soil,Groundnut,Adipattam (Jul-Aug),60.72,30.4,67.2,94.0,7719.4,3129.0,6434.3,4581.3,100.66,Low,5
AGRI-14478,2024,9,Madurai,Clayey Red Loam,Maize,Rabi (Oct-Jan),7.02,24.5,81.5,121.5,130.0,2105.2,1100.6,561.6,26.37,High,4
AGRI-14479,2023,3,Pudukkottai,Red Laterite & Gravelly,Maize,Kharif (Jun-Sep),25.28,35.5,52.5,26.1,454.8,6579.9,3215.7,1984.0,56.15,Normal,5
AGRI-14480,2023,1,Tiruvarur,Deltaic Alluvium,Pulses (Blackgram/Greengram),Rice Fallow (Jan-Feb),22.3,28.4,86.4,36.0,455.0,594.0,1071.1,574.8,29.9,Normal,7
AGRI-14481,2025,7,Madurai,Clayey Red Loam,Paddy (Rice),Kuruvai (Jun-Sep),38.99,31.4,68.8,17.9,1601.1,8141.6,4159.0,3118.8,116.23,High,6
AGRI-14482,2025,10,Thanjavur,Cauvery Delta Alluvium,Pulses (Blackgram/Greengram),Rainfed (Oct-Nov),76.39,30.0,71.6,212.7,1554.4,2052.5,4183.9,1855.8,91.33,High,5
AGRI-14483,2026,8,Thanjavur,Cauvery Delta Alluvium,Pulses (Blackgram/Greengram),Rainfed (Oct-Nov),11.1,23.1,90.6,0.0,230.2,263.1,528.5,273.8,15.37,Normal,4
AGRI-14484,2023,12,Madurai,Clayey Red Loam,Groundnut,Adipattam (Jul-Aug),13.61,27.8,50.1,178.3,1664.4,735.1,1433.7,1007.4,24.25,High,6
AGRI-14485,2024,8,Karur,Red Sandy & Black Clay,Paddy (Rice),Samba/Thaladi (Aug-Jan),57.33,31.5,50.9,28.5,2285.5,12372.6,6452.0,4902.9,170.39,High,3
AGRI-14486,2026,2,Nagapattinam,Coastal Alluvium & Saline,Cotton,Summer Irrigated (Feb-Jul),66.58,30.1,70.6,73.6,200.5,10600.8,5758.2,4062.1,263.68,Normal,4
AGRI-14487,2024,10,Karur,Red Sandy & Black Clay,Maize,Kharif (Jun-Sep),55.38,27.3,60.6,117.9,1024.7,16136.8,8088.9,4192.9,117.44,High,7
AGRI-14488,2023,2,Perambalur,Black Cotton Soil,Groundnut,Adipattam (Jul-Aug),82.82,27.0,76.6,41.6,10715.7,3537.5,7730.6,6213.8,137.81,Normal,2
AGRI-14489,2026,3,Nagapattinam,Coastal Alluvium & Saline,Maize,Kharif (Jun-Sep),57.41,30.6,58.9,45.7,1066.4,14076.7,7476.5,4605.1,115.0,Low,2
AGRI-14490,2025,2,Thanjavur,Cauvery Delta Alluvium,Pulses (Blackgram/Greengram),Rainfed (Oct-Nov),75.11,35.0,75.5,47.5,1477.8,1894.8,3646.8,1793.7,106.16,Low,7
AGRI-14491,2021,7,Perambalur,Black Cotton Soil,Maize,Rabi (Oct-Jan),89.11,24.0,72.0,65.4,1679.1,22384.9,11457.5,6681.7,191.75,Normal,6
AGRI-14492,2024,3,Tiruvarur,Deltaic Alluvium,Cotton,Winter Irrigated (Aug-Feb),31.16,32.7,58.9,29.0,91.8,4985.7,2668.6,2056.1,131.75,Low,7
AGRI-14493,2023,12,Madurai,Clayey Red Loam,Sugarcane,Early (Dec-Jan),41.09,28.8,88.4,122.4,14183.5,20021.5,6998.8,7842.6,308.71,High,2
AGRI-14494,2021,9,Madurai,Clayey Red Loam,Maize,Kharif (Jun-Sep),45.66,26.1,63.2,192.0,825.0,14023.4,6835.0,3414.2,99.45,High,7
AGRI-14495,2022,6,Madurai,Clayey Red Loam,Cotton,Winter Irrigated (Aug-Feb),24.03,32.1,78.6,14.0,70.3,4095.7,2176.6,1641.9,99.58,Normal,3
AGRI-14496,2023,8,Tiruchirappalli,Alluvial Clay & Red Loam,Paddy (Rice),Kuruvai (Jun-Sep),94.91,25.8,84.8,27.5,3845.9,20825.2,10551.7,8203.4,305.93,High,4
AGRI-14497,2026,10,Tiruvarur,Deltaic Alluvium,Maize,Rabi (Oct-Jan),40.67,26.1,89.2,192.6,735.0,11579.8,6049.1,3054.4,131.06,High,3
AGRI-14498,2024,2,Tiruchirappalli,Alluvial Clay & Red Loam,Maize,Rabi (Oct-Jan),15.62,23.5,67.2,63.0,290.9,3749.2,1968.0,1203.9,35.29,Low,4
AGRI-14499,2026,9,Pudukkottai,Red Laterite & Gravelly,Pulses (Blackgram/Greengram),Rainfed (Oct-Nov),16.49,24.2,60.9,190.7,328.9,447.6,954.2,435.1,22.78,High,2
AGRI-14500,2022,12,Tiruchirappalli,Alluvial Clay & Red Loam,Groundnut,Thai Pattam (Dec-Jan),59.69,29.1,76.0,158.6,7478.1,2922.6,6080.7,4719.5,157.24,High,3
AGRI-14501,2022,6,Tiruvarur,Deltaic Alluvium,Pulses (Blackgram/Greengram),Rainfed (Oct-Nov),82.66,30.6,65.4,46.9,1618.7,1957.4,3935.5,2107.2,114.29,Low,4
AGRI-14502,2024,4,Tiruchirappalli,Alluvial Clay & Red Loam,Groundnut,Thai Pattam (Dec-Jan),10.48,23.7,56.5,46.0,1285.9,494.2,943.4,751.0,19.92,Normal,6
AGRI-14503,2024,1,Pudukkottai,Red Laterite & Gravelly,Pulses (Blackgram/Greengram),Rainfed (Oct-Nov),9.91,31.9,57.0,41.6,207.8,251.7,514.8,247.6,13.39,Low,4
AGRI-14504,2022,7,Pudukkottai,Red Laterite & Gravelly,Pulses (Blackgram/Greengram),Rainfed (Oct-Nov),27.17,26.3,66.9,48.8,565.2,639.9,1301.6,641.7,31.39,Normal,2
AGRI-14505,2025,7,Thanjavur,Cauvery Delta Alluvium,Paddy (Rice),Samba/Thaladi (Aug-Jan),62.9,25.5,75.5,58.8,2457.2,13966.5,6686.0,5060.7,183.03,High,6
AGRI-14506,2026,1,Pudukkottai,Red Laterite & Gravelly,Cotton,Winter Irrigated (Aug-Feb),87.35,24.6,71.0,59.3,254.7,14362.8,7661.8,5675.7,340.57,Normal,4
AGRI-14507,2024,10,Madurai,Clayey Red Loam,Groundnut,Adipattam (Jul-Aug),38.33,27.2,72.0,222.1,4640.5,1945.7,3950.0,2799.6,68.64,High,7
AGRI-14508,2023,8,Nagapattinam,Coastal Alluvium & Saline,Pulses (Blackgram/Greengram),Rice Fallow (Jan-Feb),6.78,25.5,75.2,89.0,141.7,191.5,387.8,179.5,12.64,Low,3
AGRI-14509,2026,2,Madurai,Clayey Red Loam,Cotton,Winter Irrigated (Aug-Feb),15.9,32.5,76.9,19.9,46.9,2467.4,1461.7,999.9,66.82,Normal,5
AGRI-14510,2022,5,Thanjavur,Cauvery Delta Alluvium,Groundnut,Chithirai Pattam (Apr-May),44.5,30.9,55.0,70.4,5513.4,2019.2,3814.8,3320.5,69.69,Low,3
AGRI-14511,2024,11,Tiruvarur,Deltaic Alluvium,Maize,Kharif (Jun-Sep),37.16,25.8,56.2,220.5,650.4,11282.5,5802.3,2969.7,73.72,High,2
AGRI-14512,2022,3,Karur,Red Sandy & Black Clay,Pulses (Blackgram/Greengram),Rice Fallow (Jan-Feb),72.93,28.9,81.1,52.3,1459.9,1903.1,3509.0,1712.2,89.61,Normal,4
AGRI-14513,2025,12,Karur,Red Sandy & Black Clay,Sugarcane,Late (Apr-May),80.49,32.1,64.7,172.4,27250.1,42128.2,14268.4,15958.4,308.53,High,4
AGRI-14514,2023,10,Pudukkottai,Red Laterite & Gravelly,Sugarcane,Late (Apr-May),78.94,29.7,83.7,161.7,26750.2,38450.9,13972.9,15664.9,487.47,High,2
AGRI-14515,2022,10,Madurai,Clayey Red Loam,Sugarcane,Late (Apr-May),37.84,35.1,50.7,162.7,13730.6,20084.8,6500.1,7455.9,153.04,High,6
AGRI-14516,2024,2,Pudukkottai,Red Laterite & Gravelly,Cotton,Summer Irrigated (Feb-Jul),18.32,32.5,53.2,40.9,56.7,2825.1,1571.9,1268.0,74.7,Normal,2
AGRI-14517,2026,7,Perambalur,Black Cotton Soil,Sugarcane,Early (Dec-Jan),44.3,29.5,90.1,44.2,15226.1,18999.7,6775.0,8546.1,209.49,Normal,4
AGRI-14518,2022,1,Tiruvarur,Deltaic Alluvium,Maize,Rabi (Oct-Jan),33.73,25.5,82.6,91.5,595.6,9111.5,5028.6,2655.5,113.28,Low,4
AGRI-14519,2026,5,Nagapattinam,Coastal Alluvium & Saline,Sugarcane,Mid (Feb-Mar),39.01,25.1,64.4,77.1,14249.2,17167.1,5850.6,7818.2,163.13,Low,6
AGRI-14520,2025,7,Perambalur,Black Cotton Soil,Maize,Kharif (Jun-Sep),62.76,27.5,85.0,41.9,1174.3,15085.5,8070.7,4453.6,125.75,Normal,6
AGRI-14521,2021,8,Thanjavur,Cauvery Delta Alluvium,Paddy (Rice),Navarai (Dec-Mar),55.33,22.5,89.4,30.2,2135.2,11897.8,6208.9,4954.3,172.76,Normal,2
AGRI-14522,2024,9,Pudukkottai,Red Laterite & Gravelly,Cotton,Summer Irrigated (Feb-Jul),10.49,35.1,58.1,161.2,32.8,1986.2,1081.0,673.8,36.59,High,3
AGRI-14523,2024,11,Nagapattinam,Coastal Alluvium & Saline,Maize,Rabi (Oct-Jan),87.82,27.8,60.5,219.4,1634.9,23959.2,13766.2,6359.9,203.6,High,5
AGRI-14524,2023,9,Madurai,Clayey Red Loam,Cotton,Summer Irrigated (Feb-Jul),76.1,33.3,73.1,156.9,224.6,14086.9,8114.8,5099.5,269.16,High,3
AGRI-14525,2021,5,Thanjavur,Cauvery Delta Alluvium,Paddy (Rice),Navarai (Dec-Mar),50.46,22.6,74.3,42.8,2098.6,11710.4,5285.9,4400.0,159.38,Low,6
AGRI-14526,2026,10,Tiruvarur,Deltaic Alluvium,Cotton,Summer Irrigated (Feb-Jul),76.01,27.4,75.8,210.0,234.8,14320.7,8196.1,4974.5,478.34,High,5
AGRI-14527,2026,10,Tiruvarur,Deltaic Alluvium,Pulses (Blackgram/Greengram),Rice Fallow (Jan-Feb),77.99,35.1,81.6,227.3,1619.1,2350.6,4700.3,2011.8,159.93,High,4
AGRI-14528,2024,11,Nagapattinam,Coastal Alluvium & Saline,Sugarcane,Mid (Feb-Mar),45.65,27.5,83.9,252.4,16244.0,24081.1,7593.4,9627.2,309.38,High,5
AGRI-14529,2023,4,Pudukkottai,Red Laterite & Gravelly,Pulses (Blackgram/Greengram),Rice Fallow (Jan-Feb),27.24,29.1,89.1,25.2,525.7,697.8,1342.5,683.5,33.86,Normal,4
AGRI-14530,2022,3,Pudukkottai,Red Laterite & Gravelly,Maize,Kharif (Jun-Sep),79.38,26.7,79.1,5.6,1421.2,19021.0,10159.3,5896.4,166.89,Normal,5
AGRI-14531,2022,8,Tiruvarur,Deltaic Alluvium,Groundnut,Adipattam (Jul-Aug),87.99,26.0,87.5,71.3,11300.5,3784.6,7592.7,6212.4,229.93,Low,3
AGRI-14532,2024,6,Karur,Red Sandy & Black Clay,Paddy (Rice),Navarai (Dec-Mar),85.11,28.7,55.9,99.0,3354.7,23216.0,10603.1,7491.0,233.05,Normal,7
AGRI-14533,2023,3,Madurai,Clayey Red Loam,Sugarcane,Early (Dec-Jan),64.9,32.3,67.2,46.0,23484.6,30303.1,10084.2,12880.1,272.95,Normal,6
AGRI-14534,2026,6,Madurai,Clayey Red Loam,Cotton,Winter Irrigated (Aug-Feb),87.03,27.5,60.3,26.6,273.0,14061.4,7715.1,6030.3,372.66,Normal,6
AGRI-14535,2026,7,Karur,Red Sandy & Black Clay,Maize,Rabi (Oct-Jan),60.54,26.8,55.5,36.2,1077.5,16009.5,7593.0,4253.6,143.92,Normal,6
AGRI-14536,2026,11,Nagapattinam,Coastal Alluvium & Saline,Maize,Rabi (Oct-Jan),76.74,25.3,66.5,256.9,1353.2,23350.5,11486.5,6048.8,171.34,High,4
AGRI-14537,2026,2,Tiruchirappalli,Alluvial Clay & Red Loam,Groundnut,Thai Pattam (Dec-Jan),58.3,26.2,56.8,29.8,7293.5,2535.4,5314.8,4670.7,102.39,Normal,7
AGRI-14538,2024,12,Thanjavur,Cauvery Delta Alluvium,Groundnut,Chithirai Pattam (Apr-May),31.05,20.8,84.5,148.8,3825.8,1558.2,3249.4,2320.0,90.51,High,5
AGRI-14539,2026,2,Nagapattinam,Coastal Alluvium & Saline,Groundnut,Chithirai Pattam (Apr-May),12.41,25.2,71.9,63.9,1507.8,577.0,1168.4,937.3,20.4,Low,5
AGRI-14540,2024,6,Madurai,Clayey Red Loam,Cotton,Winter Irrigated (Aug-Feb),5.15,29.4,55.6,52.0,15.0,776.3,458.9,318.3,21.58,Low,7
AGRI-14541,2023,1,Perambalur,Black Cotton Soil,Pulses (Blackgram/Greengram),Rainfed (Oct-Nov),39.1,26.1,79.1,81.1,783.2,1200.3,2264.3,984.9,82.11,Normal,2
AGRI-14542,2026,4,Nagapattinam,Coastal Alluvium & Saline,Pulses (Blackgram/Greengram),Rainfed (Oct-Nov),54.99,25.3,67.2,56.4,1126.5,1437.0,2612.3,1318.7,67.01,Normal,4
AGRI-14543,2022,8,Karur,Red Sandy & Black Clay,Sugarcane,Late (Apr-May),75.82,31.1,58.8,69.3,27096.7,32316.5,11834.2,16028.7,358.27,Low,2
AGRI-14544,2023,10,Nagapattinam,Coastal Alluvium & Saline,Cotton,Summer Irrigated (Feb-Jul),92.94,37.5,61.7,283.7,284.2,16305.2,9370.9,6248.7,367.47,High,4
AGRI-14545,2022,6,Thanjavur,Cauvery Delta Alluvium,Paddy (Rice),Samba/Thaladi (Aug-Jan),68.25,29.5,85.6,2.6,2768.9,15512.6,7575.9,6173.9,196.49,High,5
AGRI-14546,2025,11,Tiruvarur,Deltaic Alluvium,Sugarcane,Late (Apr-May),50.66,29.0,58.3,238.9,17702.2,24850.3,8606.4,10726.7,213.57,High,4
AGRI-14547,2026,11,Nagapattinam,Coastal Alluvium & Saline,Groundnut,Thai Pattam (Dec-Jan),43.94,34.4,82.0,284.9,5711.6,2351.5,4382.9,3090.6,121.3,High,5
AGRI-14548,2024,2,Perambalur,Black Cotton Soil,Maize,Kharif (Jun-Sep),50.24,28.8,60.5,16.3,872.6,13272.3,6442.4,3736.5,97.88,Normal,3
AGRI-14549,2025,9,Tiruvarur,Deltaic Alluvium,Pulses (Blackgram/Greengram),Rice Fallow (Jan-Feb),11.01,28.2,79.8,215.3,226.6,298.8,633.4,282.6,23.6,High,7
AGRI-14550,2022,1,Perambalur,Black Cotton Soil,Cotton,Winter Irrigated (Aug-Feb),38.37,32.6,77.4,75.8,114.0,6219.8,3370.0,2597.1,220.1,Normal,7
AGRI-14551,2021,7,Karur,Red Sandy & Black Clay,Groundnut,Chithirai Pattam (Apr-May),39.91,30.5,72.8,8.5,5010.3,1839.0,3507.2,3188.7,75.17,Low,4
AGRI-14552,2022,3,Pudukkottai,Red Laterite & Gravelly,Sugarcane,Late (Apr-May),25.91,32.9,90.5,53.1,9166.5,11138.1,3883.3,5371.4,107.56,Normal,2
AGRI-14553,2026,8,Tiruchirappalli,Alluvial Clay & Red Loam,Pulses (Blackgram/Greengram),Rice Fallow (Jan-Feb),90.99,24.9,73.8,92.5,1873.9,2808.1,5138.6,2357.0,126.95,Normal,7
AGRI-14554,2023,1,Perambalur,Black Cotton Soil,Pulses (Blackgram/Greengram),Rainfed (Oct-Nov),77.59,27.9,82.3,4.7,1505.1,2030.7,4056.7,2023.7,107.81,Low,7
AGRI-14555,2024,7,Tiruvarur,Deltaic Alluvium,Sugarcane,Mid (Feb-Mar),17.69,29.6,57.8,50.3,6138.3,8567.6,2607.3,3337.7,80.44,Normal,3
AGRI-14556,2024,12,Tiruvarur,Deltaic Alluvium,Paddy (Rice),Samba/Thaladi (Aug-Jan),21.31,25.4,84.5,178.8,884.7,5415.4,2592.0,1690.4,92.8,High,4
AGRI-14557,2022,12,Perambalur,Black Cotton Soil,Paddy (Rice),Navarai (Dec-Mar),63.37,30.7,68.7,184.5,2620.6,15718.2,8220.5,5249.2,194.97,High,7
AGRI-14558,2024,4,Tiruvarur,Deltaic Alluvium,Maize,Rabi (Oct-Jan),21.58,27.9,57.4,37.8,384.8,5090.2,2938.5,1508.6,41.56,Low,6
AGRI-14559,2021,7,Perambalur,Black Cotton Soil,Pulses (Blackgram/Greengram),Rice Fallow (Jan-Feb),29.37,26.4,90.5,26.7,580.0,780.6,1510.4,784.9,41.7,Normal,5
AGRI-14560,2021,6,Perambalur,Black Cotton Soil,Groundnut,Chithirai Pattam (Apr-May),62.17,19.7,85.8,52.1,8098.1,2920.0,5421.0,4699.6,96.65,Normal,6
AGRI-14561,2021,6,Madurai,Clayey Red Loam,Pulses (Blackgram/Greengram),Rice Fallow (Jan-Feb),16.84,24.3,90.1,5.2,347.6,422.5,811.6,424.6,21.07,Low,6
AGRI-14562,2021,6,Thanjavur,Cauvery Delta Alluvium,Sugarcane,Early (Dec-Jan),50.91,32.4,61.0,9.9,17742.6,22291.2,7973.0,10370.0,214.14,Low,3
AGRI-14563,2023,12,Tiruchirappalli,Alluvial Clay & Red Loam,Groundnut,Chithirai Pattam (Apr-May),45.52,27.9,76.7,133.8,5865.7,2272.8,4922.4,3649.2,111.49,High,5
AGRI-14564,2024,12,Pudukkottai,Red Laterite & Gravelly,Sugarcane,Mid (Feb-Mar),46.06,26.3,90.0,137.5,16002.1,23381.4,7658.8,9061.0,285.4,High,3
AGRI-14565,2023,8,Karur,Red Sandy & Black Clay,Pulses (Blackgram/Greengram),Rainfed (Oct-Nov),75.17,31.6,62.4,4.9,1508.3,1766.7,3818.6,1950.9,96.42,Low,2
AGRI-14566,2025,1,Madurai,Clayey Red Loam,Groundnut,Thai Pattam (Dec-Jan),26.82,28.1,58.4,63.0,3419.4,1216.6,2306.8,1857.9,42.22,Normal,3
AGRI-14567,2023,4,Nagapattinam,Coastal Alluvium & Saline,Groundnut,Chithirai Pattam (Apr-May),19.78,25.4,83.6,44.6,2550.5,827.8,1818.2,1578.0,37.31,Normal,7
AGRI-14568,2023,10,Madurai,Clayey Red Loam,Paddy (Rice),Navarai (Dec-Mar),27.93,30.2,87.0,165.6,1095.5,6826.2,3566.5,2188.1,147.18,High,2
AGRI-14569,2022,3,Pudukkottai,Red Laterite & Gravelly,Sugarcane,Late (Apr-May),43.16,30.5,73.8,105.2,15411.5,21964.2,7420.0,8341.4,199.36,High,7
AGRI-14570,2024,4,Karur,Red Sandy & Black Clay,Pulses (Blackgram/Greengram),Rice Fallow (Jan-Feb),17.04,29.6,79.0,17.5,341.8,454.2,820.0,432.1,23.08,Low,3
AGRI-14571,2023,8,Tiruvarur,Deltaic Alluvium,Sugarcane,Mid (Feb-Mar),10.0,31.5,81.4,55.4,3479.8,4576.6,1515.3,2101.3,41.14,Normal,5
AGRI-14572,2021,11,Tiruchirappalli,Alluvial Clay & Red Loam,Paddy (Rice),Samba/Thaladi (Aug-Jan),86.15,24.6,60.4,172.2,3480.8,22630.9,11198.4,7231.6,278.3,High,5
AGRI-14573,2026,5,Tiruchirappalli,Alluvial Clay & Red Loam,Pulses (Blackgram/Greengram),Rice Fallow (Jan-Feb),39.47,19.7,86.4,7.2,758.0,954.4,2041.1,943.7,51.84,Normal,5
AGRI-14574,2024,10,Perambalur,Black Cotton Soil,Groundnut,Thai Pattam (Dec-Jan),13.8,28.4,51.5,126.2,1697.4,685.8,1459.0,990.0,21.9,High,2
AGRI-14575,2022,9,Madurai,Clayey Red Loam,Cotton,Winter Irrigated (Aug-Feb),93.92,27.4,61.3,122.8,288.1,16224.8,9769.6,6086.4,399.71,High,3
AGRI-14576,2023,1,Thanjavur,Cauvery Delta Alluvium,Pulses (Blackgram/Greengram),Rice Fallow (Jan-Feb),94.57,26.6,53.0,32.8,1912.8,2486.3,4776.9,2471.5,125.33,Normal,6
AGRI-14577,2023,5,Perambalur,Black Cotton Soil,Pulses (Blackgram/Greengram),Rainfed (Oct-Nov),84.43,23.2,82.7,88.8,1745.2,2456.6,5041.0,2223.2,166.64,Low,4
AGRI-14578,2025,8,Perambalur,Black Cotton Soil,Sugarcane,Mid (Feb-Mar),8.33,27.9,92.0,0.0,3024.1,3754.5,1198.0,1717.8,38.81,Low,7
AGRI-14579,2022,8,Tiruchirappalli,Alluvial Clay & Red Loam,Sugarcane,Mid (Feb-Mar),27.17,26.8,86.1,18.6,9926.3,12693.8,4194.9,5416.6,126.28,Low,4
AGRI-14580,2026,7,Pudukkottai,Red Laterite & Gravelly,Sugarcane,Late (Apr-May),84.11,28.0,74.8,20.2,30680.6,37965.7,12388.7,17858.3,356.64,Normal,2
AGRI-14581,2023,11,Nagapattinam,Coastal Alluvium & Saline,Groundnut,Adipattam (Jul-Aug),68.57,22.7,51.7,220.9,8464.9,3678.7,7131.2,5386.7,116.94,High,3
AGRI-14582,2026,8,Perambalur,Black Cotton Soil,Sugarcane,Mid (Feb-Mar),40.95,32.0,61.7,48.0,13936.6,17967.5,6414.7,8712.4,165.33,Normal,5
AGRI-14583,2021,10,Karur,Red Sandy & Black Clay,Sugarcane,Early (Dec-Jan),17.68,34.8,88.2,135.8,6132.5,9247.5,3049.7,3273.0,126.49,High,5
AGRI-14584,2021,6,Thanjavur,Cauvery Delta Alluvium,Groundnut,Thai Pattam (Dec-Jan),51.51,29.8,56.9,26.0,6741.8,2280.2,4447.4,3746.3,84.77,Low,4
AGRI-14585,2025,11,Perambalur,Black Cotton Soil,Maize,Kharif (Jun-Sep),47.89,27.1,74.1,188.2,893.6,13115.2,7167.9,3360.3,94.05,High,2
AGRI-14586,2025,11,Thanjavur,Cauvery Delta Alluvium,Sugarcane,Late (Apr-May),62.47,31.0,67.5,164.4,22805.8,31265.4,10527.0,11968.6,280.06,High,6
AGRI-14587,2024,8,Tiruchirappalli,Alluvial Clay & Red Loam,Sugarcane,Early (Dec-Jan),18.8,30.2,70.3,13.2,6469.8,8594.5,2710.4,3561.0,81.77,Normal,7
AGRI-14588,2025,12,Pudukkottai,Red Laterite & Gravelly,Paddy (Rice),Navarai (Dec-Mar),67.67,21.9,87.9,151.1,2786.7,16576.4,8412.9,5591.3,301.77,High,6
AGRI-14589,2022,7,Madurai,Clayey Red Loam,Groundnut,Adipattam (Jul-Aug),12.21,32.7,74.4,0.0,1564.1,554.6,1092.9,910.7,20.25,Normal,7
AGRI-14590,2026,8,Thanjavur,Cauvery Delta Alluvium,Groundnut,Adipattam (Jul-Aug),39.16,30.6,74.1,27.7,4968.1,1746.2,3389.4,3054.2,71.21,Normal,2
AGRI-14591,2021,10,Madurai,Clayey Red Loam,Maize,Kharif (Jun-Sep),77.23,28.2,59.5,121.2,1358.0,20923.5,11084.1,5551.5,155.28,High,5
AGRI-14592,2024,8,Pudukkottai,Red Laterite & Gravelly,Maize,Rabi (Oct-Jan),79.27,16.3,62.6,0.0,1421.1,19594.7,10083.6,6324.9,153.85,Normal,2
AGRI-14593,2021,5,Nagapattinam,Coastal Alluvium & Saline,Paddy (Rice),Navarai (Dec-Mar),27.3,29.3,62.1,86.5,1117.0,7064.0,3393.1,2316.7,82.25,Normal,3
AGRI-14594,2025,9,Tiruchirappalli,Alluvial Clay & Red Loam,Maize,Rabi (Oct-Jan),55.99,27.1,58.5,167.6,1030.1,16031.5,8704.6,3980.2,124.78,High,5
AGRI-14595,2022,9,Tiruchirappalli,Alluvial Clay & Red Loam,Sugarcane,Mid (Feb-Mar),94.73,35.7,84.5,148.3,32127.2,52730.7,16500.9,20084.0,668.56,High,3
AGRI-14596,2024,10,Tiruchirappalli,Alluvial Clay & Red Loam,Groundnut,Thai Pattam (Dec-Jan),36.21,31.1,76.4,155.6,4494.2,1903.1,3912.3,2644.0,103.85,High,5
AGRI-14597,2021,10,Tiruchirappalli,Alluvial Clay & Red Loam,Cotton,Winter Irrigated (Aug-Feb),31.57,27.2,60.0,164.5,93.5,5626.6,3376.6,2124.2,112.62,High,4
AGRI-14598,2025,6,Nagapattinam,Coastal Alluvium & Saline,Pulses (Blackgram/Greengram),Rainfed (Oct-Nov),53.12,30.3,54.8,51.1,1092.4,1422.1,2676.4,1250.1,71.17,Normal,7
AGRI-14599,2022,10,Madurai,Clayey Red Loam,Paddy (Rice),Navarai (Dec-Mar),36.19,26.3,51.2,154.5,1401.6,9639.2,4803.5,3148.6,119.27,High,3
AGRI-14600,2025,7,Tiruchirappalli,Alluvial Clay & Red Loam,Pulses (Blackgram/Greengram),Rice Fallow (Jan-Feb),8.21,26.5,53.7,42.3,171.7,207.1,392.3,200.8,10.56,Low,7
AGRI-14601,2024,9,Tiruchirappalli,Alluvial Clay & Red Loam,Cotton,Winter Irrigated (Aug-Feb),85.02,27.5,66.9,111.3,261.9,15016.4,9228.8,5229.0,332.18,High,3
AGRI-14602,2025,3,Perambalur,Black Cotton Soil,Pulses (Blackgram/Greengram),Rainfed (Oct-Nov),64.72,32.5,80.5,37.0,1340.2,1559.9,3368.0,1586.6,84.6,Normal,6
AGRI-14603,2022,4,Perambalur,Black Cotton Soil,Cotton,Summer Irrigated (Feb-Jul),10.66,27.2,78.3,31.6,30.8,1744.2,976.7,678.6,38.32,Normal,2
AGRI-14604,2026,2,Thanjavur,Cauvery Delta Alluvium,Groundnut,Thai Pattam (Dec-Jan),70.16,30.9,50.7,103.4,8567.7,3493.6,7613.1,5340.8,115.9,High,3
AGRI-14605,2026,12,Tiruchirappalli,Alluvial Clay & Red Loam,Maize,Rabi (Oct-Jan),65.43,33.1,82.8,186.5,1157.6,19179.1,10049.7,4792.4,202.63,High,6
AGRI-14606,2023,9,Nagapattinam,Coastal Alluvium & Saline,Groundnut,Adipattam (Jul-Aug),53.05,32.7,84.6,242.4,6948.5,2761.7,5679.7,3998.8,140.75,High,5
AGRI-14607,2026,3,Perambalur,Black Cotton Soil,Pulses (Blackgram/Greengram),Rice Fallow (Jan-Feb),27.77,25.3,50.9,26.1,571.5,654.8,1378.2,737.2,32.49,Low,4
AGRI-14608,2021,2,Tiruchirappalli,Alluvial Clay & Red Loam,Groundnut,Thai Pattam (Dec-Jan),68.22,30.1,71.4,25.9,8682.3,3223.1,6337.8,5205.0,121.17,Normal,7
AGRI-14609,2026,1,Karur,Red Sandy & Black Clay,Maize,Rabi (Oct-Jan),91.41,28.8,67.2,37.0,1616.4,21738.9,11621.6,6816.4,189.44,Normal,3
AGRI-14610,2022,12,Tiruvarur,Deltaic Alluvium,Pulses (Blackgram/Greengram),Rainfed (Oct-Nov),52.2,30.5,57.0,175.3,1007.7,1474.3,3128.2,1287.1,64.78,High,7
AGRI-14611,2025,11,Tiruchirappalli,Alluvial Clay & Red Loam,Cotton,Summer Irrigated (Feb-Jul),83.86,28.4,65.9,143.7,249.8,16509.4,8370.0,5648.7,343.09,High,5
AGRI-14612,2021,7,Perambalur,Black Cotton Soil,Maize,Kharif (Jun-Sep),50.25,30.8,72.8,59.6,899.2,11942.7,6315.6,3614.3,116.93,Low,5
AGRI-14613,2025,6,Thanjavur,Cauvery Delta Alluvium,Paddy (Rice),Navarai (Dec-Mar),14.45,30.7,58.4,38.8,578.4,3060.9,1649.1,1189.5,41.38,Low,5
AGRI-14614,2025,11,Pudukkottai,Red Laterite & Gravelly,Cotton,Summer Irrigated (Feb-Jul),15.15,23.8,70.3,154.4,44.9,2772.6,1594.8,1053.7,52.67,High,2
AGRI-14615,2023,7,Karur,Red Sandy & Black Clay,Groundnut,Adipattam (Jul-Aug),29.65,30.6,51.5,22.5,3699.6,1255.6,2646.2,2338.9,48.88,Normal,5
AGRI-14616,2026,3,Karur,Red Sandy & Black Clay,Sugarcane,Early (Dec-Jan),35.74,28.0,88.8,0.0,12148.1,16031.2,5225.1,6845.9,144.29,Normal,6
AGRI-14617,2025,2,Tiruvarur,Deltaic Alluvium,Paddy (Rice),Samba/Thaladi (Aug-Jan),53.7,27.5,60.5,67.3,2081.3,11421.1,5902.8,4583.7,169.98,High,7
AGRI-14618,2026,1,Tiruvarur,Deltaic Alluvium,Cotton,Winter Irrigated (Aug-Feb),75.46,28.4,60.8,85.8,219.3,14559.8,7456.7,5166.7,320.28,Low,7
AGRI-14619,2025,8,Thanjavur,Cauvery Delta Alluvium,Sugarcane,Mid (Feb-Mar),65.57,33.0,61.8,13.4,22408.8,28014.6,10193.6,13943.2,304.69,Low,4
AGRI-14620,2021,1,Pudukkottai,Red Laterite & Gravelly,Paddy (Rice),Kuruvai (Jun-Sep),84.1,25.0,58.5,76.6,3248.6,19820.9,9185.9,7396.7,247.03,High,3
AGRI-14621,2023,9,Madurai,Clayey Red Loam,Cotton,Winter Irrigated (Aug-Feb),46.33,28.9,63.7,136.4,139.6,8917.5,4858.4,3100.2,182.29,High,3
AGRI-14622,2024,7,Tiruvarur,Deltaic Alluvium,Sugarcane,Late (Apr-May),81.94,33.3,56.5,36.0,29762.8,38282.3,12872.6,15586.0,389.86,Low,7
AGRI-14623,2023,4,Perambalur,Black Cotton Soil,Maize,Rabi (Oct-Jan),40.68,28.8,88.4,25.4,751.4,9550.2,5450.0,3077.9,80.64,Normal,5
AGRI-14624,2026,8,Perambalur,Black Cotton Soil,Maize,Kharif (Jun-Sep),83.36,26.9,52.9,38.8,1542.5,22039.2,11208.4,6601.2,184.73,Low,7
AGRI-14625,2026,8,Tiruvarur,Deltaic Alluvium,Sugarcane,Mid (Feb-Mar),73.21,32.4,61.3,34.1,25346.3,31568.9,10924.6,15550.5,313.93,Normal,6
AGRI-14626,2021,11,Perambalur,Black Cotton Soil,Maize,Rabi (Oct-Jan),38.74,22.9,80.9,152.6,716.6,10568.6,5801.3,2778.5,119.14,High,3
AGRI-14627,2025,1,Pudukkottai,Red Laterite & Gravelly,Sugarcane,Late (Apr-May),4.22,30.5,84.4,61.9,1418.9,1780.3,655.7,794.6,19.56,Normal,4
AGRI-14628,2021,7,Perambalur,Black Cotton Soil,Maize,Rabi (Oct-Jan),25.88,30.7,56.7,50.4,477.0,6412.2,3369.8,1787.0,51.86,Normal,3
AGRI-14629,2024,9,Pudukkottai,Red Laterite & Gravelly,Groundnut,Thai Pattam (Dec-Jan),6.91,28.5,77.9,224.3,845.1,369.2,686.0,522.5,18.89,High,4
AGRI-14630,2023,9,Tiruvarur,Deltaic Alluvium,Groundnut,Adipattam (Jul-Aug),64.21,31.2,71.2,232.3,8000.0,3152.6,6783.2,5120.0,112.39,High,4
AGRI-14631,2021,6,Karur,Red Sandy & Black Clay,Sugarcane,Mid (Feb-Mar),27.26,33.0,84.7,42.6,10006.0,12069.9,4110.8,5660.2,117.31,Normal,2
AGRI-14632,2024,11,Perambalur,Black Cotton Soil,Groundnut,Adipattam (Jul-Aug),16.31,38.9,69.2,169.3,1996.1,856.1,1643.4,1306.7,31.03,High,4
AGRI-14633,2021,1,Tiruvarur,Deltaic Alluvium,Cotton,Winter Irrigated (Aug-Feb),87.24,33.8,53.6,68.8,260.8,13394.8,7519.8,5561.4,358.88,Low,4
AGRI-14634,2023,1,Nagapattinam,Coastal Alluvium & Saline,Maize,Kharif (Jun-Sep),10.95,32.0,50.5,23.9,198.1,2825.6,1380.7,770.9,21.86,Low,4
AGRI-14635,2025,3,Karur,Red Sandy & Black Clay,Paddy (Rice),Navarai (Dec-Mar),24.57,28.2,92.0,30.0,1031.6,5595.1,2653.7,2027.1,75.96,Normal,6
AGRI-14636,2023,10,Karur,Red Sandy & Black Clay,Groundnut,Thai Pattam (Dec-Jan),50.84,30.5,90.8,168.2,6448.9,2762.8,5065.2,4069.0,139.32,High,6
AGRI-14637,2026,2,Perambalur,Black Cotton Soil,Paddy (Rice),Navarai (Dec-Mar),92.15,32.4,59.8,20.9,3797.3,19296.1,10126.7,8000.6,255.43,Normal,7
AGRI-14638,2021,9,Karur,Red Sandy & Black Clay,Sugarcane,Mid (Feb-Mar),79.38,32.0,75.7,108.2,27856.3,38352.9,13077.0,16012.6,529.36,High,6
AGRI-14639,2025,1,Thanjavur,Cauvery Delta Alluvium,Pulses (Blackgram/Greengram),Rice Fallow (Jan-Feb),26.49,27.2,61.8,73.6,509.5,687.5,1272.0,638.2,33.24,Low,6
AGRI-14640,2022,1,Thanjavur,Cauvery Delta Alluvium,Cotton,Summer Irrigated (Feb-Jul),50.53,29.7,53.3,92.4,150.2,8863.6,5306.1,3119.9,192.17,Low,2
AGRI-14641,2021,12,Tiruchirappalli,Alluvial Clay & Red Loam,Sugarcane,Mid (Feb-Mar),38.44,30.7,62.4,102.4,13443.1,18984.8,6813.8,7555.2,155.32,High,7
AGRI-14642,2023,10,Perambalur,Black Cotton Soil,Sugarcane,Mid (Feb-Mar),38.54,29.2,76.3,149.5,13960.2,21003.3,6619.6,7620.9,284.08,High,2
AGRI-14643,2024,1,Madurai,Clayey Red Loam,Maize,Rabi (Oct-Jan),88.26,30.7,67.1,30.8,1626.6,22982.0,11621.2,6254.7,205.02,Normal,4
AGRI-14644,2026,2,Karur,Red Sandy & Black Clay,Groundnut,Adipattam (Jul-Aug),44.4,28.5,62.5,37.1,5447.8,1935.1,4153.1,3335.8,75.81,Normal,2
AGRI-14645,2025,5,Tiruchirappalli,Alluvial Clay & Red Loam,Pulses (Blackgram/Greengram),Rainfed (Oct-Nov),79.9,31.9,51.6,47.1,1672.0,1884.6,4040.7,1884.5,113.38,Low,4
AGRI-14646,2025,3,Tiruchirappalli,Alluvial Clay & Red Loam,Sugarcane,Early (Dec-Jan),6.87,36.8,66.9,35.5,2472.4,2935.2,1071.8,1404.3,27.54,Normal,6
AGRI-14647,2021,12,Madurai,Clayey Red Loam,Groundnut,Adipattam (Jul-Aug),10.77,33.0,60.8,174.8,1386.6,562.9,1120.3,849.2,19.11,High,6
AGRI-14648,2024,6,Perambalur,Black Cotton Soil,Groundnut,Adipattam (Jul-Aug),78.36,26.9,61.3,70.7,9838.4,3375.6,6732.9,5818.5,134.91,Low,3
AGRI-14649,2026,4,Tiruvarur,Deltaic Alluvium,Pulses (Blackgram/Greengram),Rainfed (Oct-Nov),54.91,33.2,90.4,59.0,1111.4,1323.1,2734.0,1354.9,77.11,Normal,6
AGRI-14650,2021,1,Tiruchirappalli,Alluvial Clay & Red Loam,Cotton,Summer Irrigated (Feb-Jul),68.3,30.8,70.4,78.7,212.2,10866.5,5877.0,4334.1,287.63,Normal,3
AGRI-14651,2024,11,Thanjavur,Cauvery Delta Alluvium,Groundnut,Thai Pattam (Dec-Jan),50.48,27.2,71.4,148.1,6620.6,2574.3,5361.7,3495.5,91.13,High,6
AGRI-14652,2023,10,Thanjavur,Cauvery Delta Alluvium,Groundnut,Chithirai Pattam (Apr-May),70.17,32.5,77.7,164.7,9028.6,3608.2,7156.2,5538.1,206.82,High,6
AGRI-14653,2022,1,Tiruchirappalli,Alluvial Clay & Red Loam,Cotton,Summer Irrigated (Feb-Jul),71.24,34.5,68.6,43.6,209.9,11235.6,6309.3,4868.2,251.27,Normal,2
AGRI-14654,2022,2,Thanjavur,Cauvery Delta Alluvium,Maize,Rabi (Oct-Jan),87.98,29.3,57.4,48.5,1571.8,21310.3,11016.6,6319.2,174.32,Normal,4
AGRI-14655,2023,1,Tiruvarur,Deltaic Alluvium,Groundnut,Thai Pattam (Dec-Jan),41.87,27.7,62.8,0.0,5383.0,2011.1,3866.4,2939.4,71.33,Normal,4
AGRI-14656,2022,9,Thanjavur,Cauvery Delta Alluvium,Groundnut,Thai Pattam (Dec-Jan),36.81,27.1,82.2,177.7,4457.9,1970.2,3722.0,2873.5,110.32,High,6
AGRI-14657,2025,8,Madurai,Clayey Red Loam,Groundnut,Thai Pattam (Dec-Jan),6.4,27.5,66.2,57.9,775.8,279.4,565.4,497.0,11.41,Normal,3
AGRI-14658,2022,3,Tiruchirappalli,Alluvial Clay & Red Loam,Groundnut,Chithirai Pattam (Apr-May),61.65,26.9,57.8,100.0,7689.0,3010.1,6124.5,4308.3,99.34,Normal,4
AGRI-14659,2023,2,Madurai,Clayey Red Loam,Groundnut,Thai Pattam (Dec-Jan),28.59,37.1,80.7,38.5,3541.4,1304.7,2562.0,2180.0,47.16,Normal,5
AGRI-14660,2023,5,Thanjavur,Cauvery Delta Alluvium,Maize,Kharif (Jun-Sep),48.71,27.7,58.4,59.6,876.4,11955.7,6299.8,3841.4,98.83,Low,7
AGRI-14661,2024,1,Karur,Red Sandy & Black Clay,Cotton,Winter Irrigated (Aug-Feb),79.89,20.2,85.6,90.6,234.7,14229.9,8545.4,4946.7,498.58,Normal,6
AGRI-14662,2026,3,Perambalur,Black Cotton Soil,Paddy (Rice),Navarai (Dec-Mar),51.19,29.8,75.3,56.5,2047.1,11099.9,5496.5,4220.8,161.31,Low,6
AGRI-14663,2023,2,Madurai,Clayey Red Loam,Cotton,Winter Irrigated (Aug-Feb),48.3,32.9,80.7,59.9,150.2,7270.4,4368.5,3115.7,197.31,Low,2
AGRI-14664,2024,5,Madurai,Clayey Red Loam,Cotton,Winter Irrigated (Aug-Feb),25.84,34.6,86.6,44.9,76.2,3966.8,2316.8,1756.7,92.36,Low,2
AGRI-14665,2026,12,Tiruchirappalli,Alluvial Clay & Red Loam,Groundnut,Thai Pattam (Dec-Jan),47.65,25.7,79.8,168.1,5986.2,2654.5,4832.1,3680.2,136.42,High,6
AGRI-14666,2026,11,Thanjavur,Cauvery Delta Alluvium,Sugarcane,Late (Apr-May),72.25,21.8,50.5,171.9,25260.6,37435.1,11845.4,14071.3,342.71,High,5
AGRI-14667,2022,10,Tiruvarur,Deltaic Alluvium,Maize,Kharif (Jun-Sep),61.59,28.1,61.5,224.1,1084.7,18329.9,8986.0,4338.6,146.05,High,4
AGRI-14668,2023,1,Thanjavur,Cauvery Delta Alluvium,Groundnut,Thai Pattam (Dec-Jan),50.83,26.3,83.5,15.3,6464.0,2396.0,4489.8,3764.9,81.73,Low,6
AGRI-14669,2023,3,Pudukkottai,Red Laterite & Gravelly,Pulses (Blackgram/Greengram),Rice Fallow (Jan-Feb),65.43,34.0,50.4,32.9,1310.1,1733.4,3388.1,1613.1,83.48,Normal,7
AGRI-14670,2022,10,Pudukkottai,Red Laterite & Gravelly,Maize,Rabi (Oct-Jan),64.99,28.0,53.4,116.0,1143.0,17850.2,9640.3,5081.4,133.79,High,7
AGRI-14671,2025,8,Nagapattinam,Coastal Alluvium & Saline,Sugarcane,Mid (Feb-Mar),86.33,29.4,76.6,53.5,30128.3,40789.6,13316.7,16691.2,389.53,Low,2
AGRI-14672,2023,10,Perambalur,Black Cotton Soil,Maize,Rabi (Oct-Jan),31.36,20.6,70.0,115.3,584.3,9318.5,4776.1,2255.5,71.14,High,3
AGRI-14673,2026,5,Madurai,Clayey Red Loam,Cotton,Winter Irrigated (Aug-Feb),47.27,36.1,54.1,28.3,139.2,7477.0,4429.8,2916.2,183.3,Normal,3
AGRI-14674,2026,12,Perambalur,Black Cotton Soil,Maize,Kharif (Jun-Sep),88.48,32.3,85.8,186.1,1658.9,24412.9,13238.2,6764.9,296.95,High,7
AGRI-14675,2021,1,Tiruchirappalli,Alluvial Clay & Red Loam,Cotton,Summer Irrigated (Feb-Jul),90.76,26.3,87.8,34.4,285.6,13954.9,8394.5,5621.4,370.82,Normal,2
AGRI-14676,2024,8,Karur,Red Sandy & Black Clay,Maize,Rabi (Oct-Jan),90.16,28.7,68.4,67.5,1644.4,23624.9,11914.5,6731.7,202.33,Low,3
AGRI-14677,2021,6,Karur,Red Sandy & Black Clay,Groundnut,Adipattam (Jul-Aug),66.22,24.9,73.2,18.1,8091.7,3071.9,6009.5,4587.5,105.1,Normal,3
AGRI-14678,2022,9,Thanjavur,Cauvery Delta Alluvium,Cotton,Summer Irrigated (Feb-Jul),64.41,20.2,90.0,189.6,198.3,11818.9,6677.4,4346.4,371.14,High,4
AGRI-14679,2024,6,Tiruchirappalli,Alluvial Clay & Red Loam,Cotton,Summer Irrigated (Feb-Jul),7.71,28.2,72.3,20.7,23.3,1248.7,686.4,513.1,28.86,Normal,7
AGRI-14680,2024,8,Thanjavur,Cauvery Delta Alluvium,Maize,Rabi (Oct-Jan),29.14,30.4,79.0,21.5,545.0,7444.0,3804.8,2131.9,60.47,Normal,2
AGRI-14681,2022,7,Madurai,Clayey Red Loam,Groundnut,Adipattam (Jul-Aug),14.84,23.0,75.9,30.9,1888.6,635.7,1323.0,1126.2,27.63,Low,7
AGRI-14682,2025,2,Thanjavur,Cauvery Delta Alluvium,Groundnut,Chithirai Pattam (Apr-May),2.8,28.7,76.6,55.0,339.6,123.8,260.1,203.3,4.86,Normal,6
AGRI-14683,2022,5,Tiruvarur,Deltaic Alluvium,Sugarcane,Mid (Feb-Mar),46.26,35.4,77.7,52.6,16261.1,20710.7,7222.3,9049.8,181.1,Normal,6
AGRI-14684,2021,8,Pudukkottai,Red Laterite & Gravelly,Maize,Rabi (Oct-Jan),3.99,31.3,52.9,0.0,74.6,981.5,540.2,288.1,9.18,Normal,4
AGRI-14685,2022,7,Pudukkottai,Red Laterite & Gravelly,Cotton,Summer Irrigated (Feb-Jul),66.82,29.5,52.9,32.5,203.2,10054.6,5744.1,4631.1,276.42,Normal,6
AGRI-14686,2024,5,Pudukkottai,Red Laterite & Gravelly,Pulses (Blackgram/Greengram),Rice Fallow (Jan-Feb),88.43,28.3,72.1,71.1,1761.5,2124.1,4553.4,2241.8,108.86,Low,4
AGRI-14687,2026,3,Pudukkottai,Red Laterite & Gravelly,Sugarcane,Early (Dec-Jan),77.55,32.9,64.3,51.9,28186.0,32950.3,11980.0,16215.9,322.97,Normal,5
AGRI-14688,2024,12,Thanjavur,Cauvery Delta Alluvium,Pulses (Blackgram/Greengram),Rice Fallow (Jan-Feb),27.91,30.8,66.6,157.2,566.3,805.5,1566.8,662.3,39.59,High,3
AGRI-14689,2024,12,Tiruvarur,Deltaic Alluvium,Maize,Kharif (Jun-Sep),61.27,29.4,80.3,187.5,1087.2,17759.6,9091.9,4591.7,219.53,High,7
AGRI-14690,2021,9,Pudukkottai,Red Laterite & Gravelly,Cotton,Winter Irrigated (Aug-Feb),38.93,25.5,74.1,148.0,112.7,7511.2,4145.2,2653.6,163.78,High,5
AGRI-14691,2022,2,Pudukkottai,Red Laterite & Gravelly,Maize,Rabi (Oct-Jan),49.31,20.5,60.0,35.5,897.9,12221.3,6665.3,3636.8,109.75,Normal,5
AGRI-14692,2026,10,Karur,Red Sandy & Black Clay,Cotton,Winter Irrigated (Aug-Feb),64.04,33.2,82.1,110.5,193.1,12395.9,6413.1,4021.9,434.52,High,5
AGRI-14693,2025,2,Thanjavur,Cauvery Delta Alluvium,Pulses (Blackgram/Greengram),Rainfed (Oct-Nov),29.81,34.0,73.0,40.2,611.0,759.8,1482.1,760.9,35.87,Normal,7
AGRI-14694,2026,12,Karur,Red Sandy & Black Clay,Pulses (Blackgram/Greengram),Rice Fallow (Jan-Feb),26.19,27.8,63.2,148.5,506.0,769.8,1509.5,635.9,32.56,High,3
AGRI-14695,2023,4,Karur,Red Sandy & Black Clay,Maize,Kharif (Jun-Sep),8.37,28.4,86.8,18.8,157.7,2114.0,1127.6,620.4,18.56,Low,3
AGRI-14696,2024,5,Madurai,Clayey Red Loam,Groundnut,Adipattam (Jul-Aug),9.02,23.8,79.7,16.3,1099.2,417.7,822.3,708.7,17.0,Normal,6
AGRI-14697,2025,10,Madurai,Clayey Red Loam,Paddy (Rice),Navarai (Dec-Mar),82.34,26.8,70.7,145.7,3419.7,22465.0,10053.9,6748.1,238.31,High,2
AGRI-14698,2024,7,Perambalur,Black Cotton Soil,Cotton,Summer Irrigated (Feb-Jul),52.55,29.6,90.9,63.7,161.7,8995.4,4741.7,3429.0,206.47,Normal,2
AGRI-14699,2026,11,Tiruchirappalli,Alluvial Clay & Red Loam,Paddy (Rice),Samba/Thaladi (Aug-Jan),55.1,30.9,58.7,141.6,2216.3,13403.5,7263.6,4932.1,167.64,High,6
AGRI-14700,2025,6,Nagapattinam,Coastal Alluvium & Saline,Maize,Rabi (Oct-Jan),31.71,24.2,67.1,54.1,592.1,7911.3,4266.5,2543.0,74.75,Low,5
AGRI-14701,2022,9,Nagapattinam,Coastal Alluvium & Saline,Maize,Kharif (Jun-Sep),46.64,29.6,55.2,248.3,851.6,12885.9,7285.9,3257.4,109.49,High,4
AGRI-14702,2024,7,Madurai,Clayey Red Loam,Pulses (Blackgram/Greengram),Rainfed (Oct-Nov),58.01,26.1,65.9,29.0,1177.5,1355.4,2794.7,1480.9,79.27,Low,3
AGRI-14703,2026,1,Tiruchirappalli,Alluvial Clay & Red Loam,Sugarcane,Late (Apr-May),55.01,26.2,88.5,30.6,18653.9,23989.8,8318.4,10919.4,238.16,Normal,7
AGRI-14704,2024,6,Perambalur,Black Cotton Soil,Groundnut,Adipattam (Jul-Aug),92.09,25.9,50.6,36.0,11340.6,4410.6,8122.1,6659.9,163.37,Normal,4
AGRI-14705,2023,3,Karur,Red Sandy & Black Clay,Maize,Rabi (Oct-Jan),17.1,24.7,51.8,48.6,313.5,4481.9,2195.1,1368.9,39.02,Normal,6
AGRI-14706,2023,11,Perambalur,Black Cotton Soil,Pulses (Blackgram/Greengram),Rice Fallow (Jan-Feb),54.72,31.7,84.5,97.9,1112.3,1685.6,3262.4,1276.8,114.45,Low,5
AGRI-14707,2024,7,Pudukkottai,Red Laterite & Gravelly,Maize,Rabi (Oct-Jan),4.75,25.6,91.9,0.0,84.5,1281.9,619.1,328.0,9.58,Normal,5
AGRI-14708,2025,5,Thanjavur,Cauvery Delta Alluvium,Maize,Rabi (Oct-Jan),29.99,35.2,52.0,30.9,524.9,8053.6,3856.2,2314.6,58.08,Normal,5
AGRI-14709,2025,7,Pudukkottai,Red Laterite & Gravelly,Sugarcane,Late (Apr-May),45.1,30.9,56.7,52.9,15395.9,20360.1,6551.7,9422.7,199.16,Low,2
AGRI-14710,2024,6,Thanjavur,Cauvery Delta Alluvium,Maize,Kharif (Jun-Sep),64.28,29.5,73.6,52.7,1146.5,15875.8,8581.3,5120.6,131.74,Normal,7
AGRI-14711,2022,10,Thanjavur,Cauvery Delta Alluvium,Sugarcane,Early (Dec-Jan),31.94,31.7,88.3,199.6,11610.6,15809.2,5580.7,6040.9,202.34,High,4
AGRI-14712,2022,9,Karur,Red Sandy & Black Clay,Cotton,Winter Irrigated (Aug-Feb),59.05,25.5,91.4,114.0,183.2,10863.5,5808.1,3900.4,374.51,High,6
AGRI-14713,2026,12,Tiruchirappalli,Alluvial Clay & Red Loam,Maize,Kharif (Jun-Sep),4.47,29.1,64.1,132.8,82.5,1320.0,658.8,351.8,9.01,High,4
AGRI-14714,2026,5,Pudukkottai,Red Laterite & Gravelly,Pulses (Blackgram/Greengram),Rice Fallow (Jan-Feb),17.43,27.0,70.1,69.9,359.7,416.2,879.0,424.8,23.86,Low,6
AGRI-14715,2021,2,Thanjavur,Cauvery Delta Alluvium,Groundnut,Chithirai Pattam (Apr-May),74.6,30.2,84.6,35.3,9469.3,3180.0,6425.8,5974.1,126.75,Normal,3
AGRI-14716,2024,1,Karur,Red Sandy & Black Clay,Pulses (Blackgram/Greengram),Rainfed (Oct-Nov),24.07,26.2,54.4,0.0,471.2,566.3,1228.9,594.2,28.65,Normal,6
AGRI-14717,2026,9,Nagapattinam,Coastal Alluvium & Saline,Pulses (Blackgram/Greengram),Rice Fallow (Jan-Feb),65.32,29.9,85.6,219.5,1258.1,2010.3,3745.1,1569.6,144.46,High,6
AGRI-14718,2022,1,Thanjavur,Cauvery Delta Alluvium,Cotton,Winter Irrigated (Aug-Feb),67.31,24.7,59.6,69.1,200.3,10331.3,6214.1,4614.3,233.09,Normal,3
AGRI-14719,2025,11,Tiruvarur,Deltaic Alluvium,Groundnut,Thai Pattam (Dec-Jan),12.91,31.2,60.6,192.9,1552.6,691.8,1396.6,1010.4,22.75,High,3
AGRI-14720,2024,1,Thanjavur,Cauvery Delta Alluvium,Paddy (Rice),Navarai (Dec-Mar),84.77,29.5,54.7,39.3,3359.4,19372.6,8910.1,7231.7,249.41,Normal,3
AGRI-14721,2022,9,Pudukkottai,Red Laterite & Gravelly,Cotton,Summer Irrigated (Feb-Jul),84.73,31.0,73.9,150.8,256.6,14719.9,8545.3,5457.9,359.92,High,6
AGRI-14722,2023,5,Madurai,Clayey Red Loam,Sugarcane,Mid (Feb-Mar),76.74,32.2,59.7,66.2,27809.6,35061.7,11942.1,15237.2,348.76,Low,5
AGRI-14723,2021,7,Perambalur,Black Cotton Soil,Sugarcane,Late (Apr-May),76.3,31.8,64.9,48.9,26725.5,33030.3,11566.3,14389.0,319.71,Low,2
AGRI-14724,2023,10,Tiruvarur,Deltaic Alluvium,Paddy (Rice),Navarai (Dec-Mar),36.68,35.5,77.5,184.9,1534.0,9950.2,4563.1,3253.5,187.39,High,6
AGRI-14725,2025,9,Perambalur,Black Cotton Soil,Sugarcane,Early (Dec-Jan),47.76,27.1,69.9,198.1,17461.8,23646.1,8559.0,8949.6,202.19,High,7
AGRI-14726,2025,7,Tiruchirappalli,Alluvial Clay & Red Loam,Groundnut,Adipattam (Jul-Aug),86.3,25.9,64.0,33.6,10999.1,3948.5,7907.2,6105.7,143.96,Normal,4
AGRI-14727,2021,10,Pudukkottai,Red Laterite & Gravelly,Sugarcane,Late (Apr-May),13.2,32.2,82.5,163.1,4746.2,6616.0,2328.4,2472.0,95.23,High,2
AGRI-14728,2026,3,Madurai,Clayey Red Loam,Groundnut,Thai Pattam (Dec-Jan),56.85,27.5,84.1,13.6,7301.5,2601.8,5286.1,4468.2,91.34,Normal,3
AGRI-14729,2021,9,Tiruchirappalli,Alluvial Clay & Red Loam,Groundnut,Thai Pattam (Dec-Jan),18.83,28.6,58.5,152.5,2403.9,1041.6,1930.1,1377.2,33.57,High,5
AGRI-14730,2026,11,Tiruvarur,Deltaic Alluvium,Paddy (Rice),Kuruvai (Jun-Sep),37.63,30.3,51.6,216.2,1457.4,9650.7,4691.7,3264.3,108.37,High,5
AGRI-14731,2021,7,Pudukkottai,Red Laterite & Gravelly,Pulses (Blackgram/Greengram),Rice Fallow (Jan-Feb),88.33,29.9,54.3,17.7,1731.9,2343.2,4509.9,2199.4,113.98,Low,3
AGRI-14732,2026,1,Madurai,Clayey Red Loam,Maize,Rabi (Oct-Jan),30.24,20.4,88.4,2.6,531.1,7090.8,3745.3,2379.6,70.64,Low,5
AGRI-14733,2025,8,Karur,Red Sandy & Black Clay,Pulses (Blackgram/Greengram),Rainfed (Oct-Nov),30.72,29.0,63.6,0.0,611.7,726.6,1516.6,818.6,38.24,Normal,4
AGRI-14734,2021,3,Karur,Red Sandy & Black Clay,Cotton,Winter Irrigated (Aug-Feb),85.94,32.9,86.8,14.5,257.3,13195.3,8031.6,5290.7,300.06,Low,6
AGRI-14735,2023,4,Madurai,Clayey Red Loam,Pulses (Blackgram/Greengram),Rice Fallow (Jan-Feb),63.19,26.4,59.9,39.2,1275.1,1554.7,3156.4,1534.7,79.31,Low,3
AGRI-14736,2022,4,Pudukkottai,Red Laterite & Gravelly,Maize,Rabi (Oct-Jan),11.31,23.8,72.5,36.4,201.6,2935.5,1524.7,886.1,24.22,Normal,7
AGRI-14737,2025,12,Nagapattinam,Coastal Alluvium & Saline,Groundnut,Thai Pattam (Dec-Jan),54.8,29.2,50.2,236.2,6722.5,2732.2,5595.8,4131.2,101.31,High,6
AGRI-14738,2024,3,Madurai,Clayey Red Loam,Paddy (Rice),Samba/Thaladi (Aug-Jan),85.26,21.4,90.2,60.4,3428.6,19528.4,9115.1,6791.9,282.82,High,7
AGRI-14739,2024,5,Perambalur,Black Cotton Soil,Pulses (Blackgram/Greengram),Rice Fallow (Jan-Feb),10.22,32.6,53.4,57.4,209.5,274.5,519.9,270.9,14.04,Low,2
AGRI-14740,2026,2,Madurai,Clayey Red Loam,Groundnut,Chithirai Pattam (Apr-May),49.07,27.9,69.6,34.1,5934.3,2379.2,4394.4,3913.7,79.01,Low,4
AGRI-14741,2026,3,Karur,Red Sandy & Black Clay,Maize,Rabi (Oct-Jan),73.3,29.0,64.5,3.7,1307.6,18452.0,9644.1,5092.2,151.76,Normal,3
AGRI-14742,2023,10,Pudukkottai,Red Laterite & Gravelly,Cotton,Summer Irrigated (Feb-Jul),91.47,34.1,86.0,177.5,273.1,16772.5,9034.7,5633.6,598.67,High,3
AGRI-14743,2026,9,Karur,Red Sandy & Black Clay,Cotton,Summer Irrigated (Feb-Jul),59.14,27.5,89.6,159.2,172.4,11604.8,5833.5,4090.0,400.66,High,2
AGRI-14744,2024,9,Madurai,Clayey Red Loam,Groundnut,Thai Pattam (Dec-Jan),32.58,33.4,73.4,141.7,3951.7,1803.8,3229.8,2406.2,54.65,High,7
AGRI-14745,2026,11,Tiruchirappalli,Alluvial Clay & Red Loam,Paddy (Rice),Samba/Thaladi (Aug-Jan),55.64,28.4,90.6,160.9,2286.8,15182.8,6791.4,4797.3,261.13,High,2
AGRI-14746,2025,6,Pudukkottai,Red Laterite & Gravelly,Paddy (Rice),Samba/Thaladi (Aug-Jan),50.42,22.4,76.5,32.1,2102.9,10784.4,5486.1,4467.1,155.06,High,4
AGRI-14747,2024,7,Thanjavur,Cauvery Delta Alluvium,Maize,Rabi (Oct-Jan),31.26,28.2,55.5,32.0,578.6,7669.3,4176.7,2346.5,70.17,Normal,5
AGRI-14748,2026,10,Tiruvarur,Deltaic Alluvium,Groundnut,Adipattam (Jul-Aug),47.44,25.7,72.3,195.6,5974.4,2485.3,4807.2,3602.3,80.64,High,7
AGRI-14749,2023,3,Pudukkottai,Red Laterite & Gravelly,Paddy (Rice),Navarai (Dec-Mar),66.92,26.4,57.3,13.0,2678.7,15022.7,7354.3,6017.5,193.59,Normal,3
AGRI-14750,2026,8,Tiruchirappalli,Alluvial Clay & Red Loam,Maize,Kharif (Jun-Sep),48.53,32.4,62.8,3.3,890.7,12799.7,6297.3,3863.4,97.8,Normal,3
AGRI-14751,2025,2,Madurai,Clayey Red Loam,Sugarcane,Early (Dec-Jan),12.38,32.4,86.2,16.6,4184.2,5414.8,1866.8,2604.6,49.44,Normal,3
AGRI-14752,2022,6,Karur,Red Sandy & Black Clay,Groundnut,Thai Pattam (Dec-Jan),15.92,30.7,74.7,35.1,1965.1,723.2,1369.1,1208.0,29.78,Normal,5
AGRI-14753,2022,9,Madurai,Clayey Red Loam,Pulses (Blackgram/Greengram),Rainfed (Oct-Nov),72.49,31.2,61.4,162.3,1438.2,2239.0,4351.5,1907.7,100.56,High,6
AGRI-14754,2021,1,Thanjavur,Cauvery Delta Alluvium,Cotton,Winter Irrigated (Aug-Feb),27.42,30.3,88.5,68.1,86.3,4412.7,2420.5,1725.4,102.28,Normal,6
AGRI-14755,2023,1,Pudukkottai,Red Laterite & Gravelly,Maize,Kharif (Jun-Sep),79.53,24.2,77.3,36.8,1417.7,19124.6,10190.5,6170.7,185.48,Normal,6
AGRI-14756,2025,8,Karur,Red Sandy & Black Clay,Groundnut,Adipattam (Jul-Aug),8.84,24.6,87.9,34.1,1107.1,384.6,825.0,699.2,16.69,Low,3
AGRI-14757,2026,8,Karur,Red Sandy & Black Clay,Paddy (Rice),Kuruvai (Jun-Sep),7.32,29.1,70.0,10.1,283.8,1728.5,791.3,637.8,20.29,High,6
AGRI-14758,2026,4,Perambalur,Black Cotton Soil,Cotton,Summer Irrigated (Feb-Jul),54.43,27.4,83.5,76.3,167.7,9029.6,4826.9,3390.1,366.11,Normal,5
AGRI-14759,2024,7,Madurai,Clayey Red Loam,Groundnut,Adipattam (Jul-Aug),78.29,28.6,55.7,31.5,10112.7,3373.0,6936.4,5794.5,148.79,Low,3
AGRI-14760,2021,4,Madurai,Clayey Red Loam,Groundnut,Adipattam (Jul-Aug),89.82,31.9,60.2,19.3,11441.0,4137.9,8212.5,6239.6,150.19,Normal,7
AGRI-14761,2022,4,Tiruchirappalli,Alluvial Clay & Red Loam,Paddy (Rice),Navarai (Dec-Mar),61.54,31.4,78.3,27.8,2387.8,13251.5,6536.9,5143.1,204.67,Low,3
AGRI-14762,2021,5,Pudukkottai,Red Laterite & Gravelly,Maize,Rabi (Oct-Jan),62.68,31.9,52.2,56.8,1093.4,14816.2,8343.5,4481.3,135.39,Normal,4
AGRI-14763,2021,4,Perambalur,Black Cotton Soil,Maize,Kharif (Jun-Sep),35.78,27.2,86.9,45.6,646.9,8944.1,4731.5,2478.8,71.2,Normal,6
AGRI-14764,2021,2,Pudukkottai,Red Laterite & Gravelly,Pulses (Blackgram/Greengram),Rice Fallow (Jan-Feb),13.02,28.5,85.5,28.1,271.7,348.2,633.3,341.0,16.89,Normal,2
AGRI-14765,2026,1,Madurai,Clayey Red Loam,Groundnut,Chithirai Pattam (Apr-May),49.3,27.8,74.7,44.4,6468.3,2162.1,4395.9,3554.1,87.08,Normal,3
AGRI-14766,2021,1,Tiruvarur,Deltaic Alluvium,Pulses (Blackgram/Greengram),Rice Fallow (Jan-Feb),55.52,30.6,59.7,43.1,1108.9,1323.0,2677.9,1439.4,74.08,Normal,7
AGRI-14767,2022,12,Madurai,Clayey Red Loam,Groundnut,Thai Pattam (Dec-Jan),45.81,34.1,85.3,168.2,5861.4,2236.9,4542.8,3531.2,126.17,High,2
AGRI-14768,2022,4,Nagapattinam,Coastal Alluvium & Saline,Sugarcane,Late (Apr-May),88.7,31.5,86.5,86.1,30276.0,46938.0,14966.5,17017.8,602.11,Normal,6
AGRI-14769,2024,1,Nagapattinam,Coastal Alluvium & Saline,Sugarcane,Mid (Feb-Mar),43.73,32.3,82.0,76.6,15787.8,18357.2,6321.2,9120.7,328.3,Normal,4
AGRI-14770,2026,2,Karur,Red Sandy & Black Clay,Maize,Rabi (Oct-Jan),4.14,23.8,70.8,92.3,77.7,1192.9,618.7,291.2,9.78,Normal,5
AGRI-14771,2025,4,Tiruchirappalli,Alluvial Clay & Red Loam,Sugarcane,Mid (Feb-Mar),71.19,36.5,65.9,18.7,25386.2,34168.6,11184.0,13953.4,275.61,Low,3
AGRI-14772,2023,8,Madurai,Clayey Red Loam,Sugarcane,Mid (Feb-Mar),61.23,38.8,76.0,61.3,22095.6,26656.3,9073.6,11376.0,266.76,Normal,5
AGRI-14773,2022,3,Perambalur,Black Cotton Soil,Pulses (Blackgram/Greengram),Rice Fallow (Jan-Feb),15.02,25.8,83.7,79.1,312.0,360.2,785.5,397.3,32.03,Normal,5
AGRI-14774,2024,10,Thanjavur,Cauvery Delta Alluvium,Groundnut,Adipattam (Jul-Aug),38.86,25.3,73.6,205.4,4863.6,2047.5,4035.9,3037.8,63.98,High,2
AGRI-14775,2026,7,Perambalur,Black Cotton Soil,Maize,Rabi (Oct-Jan),55.44,24.4,76.8,43.6,1007.4,13568.0,6884.4,4062.0,113.64,Normal,3
AGRI-14776,2026,3,Pudukkottai,Red Laterite & Gravelly,Pulses (Blackgram/Greengram),Rainfed (Oct-Nov),42.05,31.6,77.0,45.7,850.5,1128.0,2064.5,1014.3,57.15,Normal,4
AGRI-14777,2025,2,Tiruvarur,Deltaic Alluvium,Pulses (Blackgram/Greengram),Rice Fallow (Jan-Feb),37.52,29.2,63.6,52.1,748.5,937.2,1885.7,975.4,43.8,Normal,5
AGRI-14778,2021,5,Madurai,Clayey Red Loam,Pulses (Blackgram/Greengram),Rice Fallow (Jan-Feb),53.26,23.7,51.7,39.6,1025.0,1288.5,2709.7,1395.5,72.32,Normal,2
AGRI-14779,2024,4,Nagapattinam,Coastal Alluvium & Saline,Maize,Kharif (Jun-Sep),57.34,25.5,80.7,73.8,1010.5,13662.6,7389.6,4212.7,186.15,Low,2
AGRI-14780,2021,8,Tiruchirappalli,Alluvial Clay & Red Loam,Paddy (Rice),Navarai (Dec-Mar),7.05,33.8,55.3,39.2,287.5,1635.1,782.4,590.3,20.7,Normal,4
AGRI-14781,2021,8,Karur,Red Sandy & Black Clay,Maize,Rabi (Oct-Jan),75.5,20.3,77.6,1.2,1371.4,17857.1,9458.3,5891.5,178.99,Normal,6
AGRI-14782,2026,9,Pudukkottai,Red Laterite & Gravelly,Cotton,Winter Irrigated (Aug-Feb),83.58,25.5,69.7,111.8,243.9,15600.3,8792.5,5030.0,290.35,High,4
AGRI-14783,2024,4,Nagapattinam,Coastal Alluvium & Saline,Groundnut,Chithirai Pattam (Apr-May),82.98,28.1,87.2,71.7,10688.9,3629.2,7661.0,6167.8,248.27,Low,6
AGRI-14784,2021,6,Karur,Red Sandy & Black Clay,Sugarcane,Early (Dec-Jan),92.49,35.5,87.9,36.2,33261.9,40029.6,14054.9,19708.8,375.32,Normal,6
AGRI-14785,2022,5,Madurai,Clayey Red Loam,Paddy (Rice),Samba/Thaladi (Aug-Jan),54.25,27.8,91.3,57.9,2208.0,12371.0,6022.0,4419.9,166.24,High,5
AGRI-14786,2024,1,Pudukkottai,Red Laterite & Gravelly,Maize,Kharif (Jun-Sep),68.44,26.1,53.2,11.1,1188.9,18228.6,9321.7,5370.5,148.15,Normal,5
AGRI-14787,2024,8,Thanjavur,Cauvery Delta Alluvium,Pulses (Blackgram/Greengram),Rice Fallow (Jan-Feb),10.74,31.5,56.5,31.4,215.8,286.0,555.9,261.4,13.34,Normal,3
AGRI-14788,2023,9,Tiruvarur,Deltaic Alluvium,Cotton,Summer Irrigated (Feb-Jul),23.13,24.9,57.3,191.2,72.1,4028.4,2391.2,1469.6,94.61,High,2
AGRI-14789,2026,9,Karur,Red Sandy & Black Clay,Cotton,Winter Irrigated (Aug-Feb),35.56,30.8,89.0,99.2,106.6,6963.3,3749.6,2164.3,237.53,Normal,3
AGRI-14790,2024,1,Karur,Red Sandy & Black Clay,Sugarcane,Mid (Feb-Mar),64.46,29.6,74.9,66.7,23307.5,28732.3,9493.8,12505.1,252.03,Normal,2
AGRI-14791,2021,8,Thanjavur,Cauvery Delta Alluvium,Maize,Kharif (Jun-Sep),46.78,25.3,87.9,45.4,824.7,12000.7,6032.7,3465.3,107.82,Normal,6
AGRI-14792,2022,12,Perambalur,Black Cotton Soil,Paddy (Rice),Kuruvai (Jun-Sep),94.39,32.2,83.9,170.6,3917.5,24482.7,11613.6,8119.7,450.32,High,3
AGRI-14793,2024,1,Perambalur,Black Cotton Soil,Groundnut,Thai Pattam (Dec-Jan),46.31,31.4,88.3,54.6,5682.9,2143.1,4256.9,3473.9,72.3,Low,5
AGRI-14794,2021,8,Madurai,Clayey Red Loam,Pulses (Blackgram/Greengram),Rainfed (Oct-Nov),54.39,30.4,85.9,31.8,1103.8,1418.9,2754.6,1422.8,66.98,Normal,7
AGRI-14795,2025,10,Pudukkottai,Red Laterite & Gravelly,Sugarcane,Early (Dec-Jan),45.04,30.8,60.4,210.1,15929.6,23159.9,7432.8,9600.2,210.12,High,4
AGRI-14796,2025,10,Perambalur,Black Cotton Soil,Pulses (Blackgram/Greengram),Rice Fallow (Jan-Feb),70.83,32.6,74.0,138.4,1433.1,2080.2,4218.6,1887.6,85.18,High,3
AGRI-14797,2023,1,Madurai,Clayey Red Loam,Maize,Rabi (Oct-Jan),82.81,19.6,91.7,44.4,1466.1,20960.3,10230.1,6082.9,163.29,Low,6
AGRI-14798,2023,5,Pudukkottai,Red Laterite & Gravelly,Cotton,Summer Irrigated (Feb-Jul),47.14,34.2,75.1,74.2,143.0,7612.9,4083.4,3123.2,264.06,Normal,6
AGRI-14799,2025,11,Pudukkottai,Red Laterite & Gravelly,Sugarcane,Early (Dec-Jan),87.62,35.3,78.9,181.6,31394.8,47793.4,15599.7,17700.2,618.2,High,3
AGRI-14800,2021,9,Pudukkottai,Red Laterite & Gravelly,Maize,Kharif (Jun-Sep),3.0,25.5,68.2,155.7,52.2,870.2,446.1,228.2,6.57,High,6
AGRI-14801,2024,5,Karur,Red Sandy & Black Clay,Pulses (Blackgram/Greengram),Rainfed (Oct-Nov),37.85,25.4,66.2,0.1,789.3,935.3,1917.0,943.0,52.64,Normal,4
AGRI-14802,2024,1,Pudukkottai,Red Laterite & Gravelly,Cotton,Summer Irrigated (Feb-Jul),40.97,24.5,52.3,26.5,128.4,6677.9,3695.7,2687.3,173.08,Normal,6
AGRI-14803,2026,7,Thanjavur,Cauvery Delta Alluvium,Paddy (Rice),Samba/Thaladi (Aug-Jan),15.79,28.1,61.6,68.7,619.5,3360.1,1714.4,1277.2,46.04,High,7
AGRI-14804,2022,1,Pudukkottai,Red Laterite & Gravelly,Sugarcane,Early (Dec-Jan),53.75,33.3,70.9,93.6,19086.7,26874.9,8881.1,10858.6,253.24,Normal,7
AGRI-14805,2023,1,Thanjavur,Cauvery Delta Alluvium,Sugarcane,Late (Apr-May),74.57,35.7,86.0,12.3,25978.9,33717.8,11332.1,15285.4,339.3,Normal,7
AGRI-14806,2025,3,Tiruvarur,Deltaic Alluvium,Maize,Kharif (Jun-Sep),94.35,18.6,53.6,75.1,1666.7,22572.4,11750.0,6952.3,220.9,Normal,6
AGRI-14807,2021,10,Karur,Red Sandy & Black Clay,Groundnut,Thai Pattam (Dec-Jan),53.23,34.4,84.6,126.4,6944.6,2811.9,5747.0,4105.2,143.51,High,5
AGRI-14808,2022,11,Karur,Red Sandy & Black Clay,Pulses (Blackgram/Greengram),Rainfed (Oct-Nov),64.27,25.3,80.9,128.7,1325.6,1750.4,3645.0,1480.5,128.9,High,7
AGRI-14809,2021,3,Karur,Red Sandy & Black Clay,Pulses (Blackgram/Greengram),Rice Fallow (Jan-Feb),28.38,22.2,56.5,48.6,587.0,675.2,1396.3,752.4,37.97,Normal,3
AGRI-14810,2026,10,Tiruvarur,Deltaic Alluvium,Pulses (Blackgram/Greengram),Rice Fallow (Jan-Feb),3.56,22.3,72.3,223.6,69.5,104.4,196.3,91.5,5.06,High,6
AGRI-14811,2022,3,Tiruchirappalli,Alluvial Clay & Red Loam,Maize,Rabi (Oct-Jan),27.97,27.8,89.6,58.7,511.6,6529.4,3457.3,2122.3,61.18,Normal,5
AGRI-14812,2024,3,Pudukkottai,Red Laterite & Gravelly,Sugarcane,Mid (Feb-Mar),27.72,34.5,73.7,41.3,10169.8,13023.0,3968.1,5684.3,120.88,Normal,4
AGRI-14813,2023,5,Tiruchirappalli,Alluvial Clay & Red Loam,Paddy (Rice),Samba/Thaladi (Aug-Jan),64.03,36.7,69.0,26.9,2667.0,13239.7,6722.1,5291.1,211.24,High,5
AGRI-14814,2025,7,Madurai,Clayey Red Loam,Cotton,Summer Irrigated (Feb-Jul),10.18,35.6,71.0,65.7,29.8,1664.5,951.9,617.2,42.55,Normal,5
AGRI-14815,2022,6,Tiruvarur,Deltaic Alluvium,Sugarcane,Mid (Feb-Mar),19.92,32.2,86.8,20.0,7145.4,9243.2,3070.4,3899.6,86.57,Normal,6
AGRI-14816,2026,12,Tiruchirappalli,Alluvial Clay & Red Loam,Sugarcane,Early (Dec-Jan),72.5,29.2,74.0,136.8,26414.9,38123.6,12906.1,15163.2,279.8,High,6
AGRI-14817,2024,2,Tiruchirappalli,Alluvial Clay & Red Loam,Sugarcane,Early (Dec-Jan),69.38,35.9,54.7,48.4,24346.6,30286.7,9952.3,12948.5,270.53,Low,3
AGRI-14818,2021,4,Madurai,Clayey Red Loam,Pulses (Blackgram/Greengram),Rice Fallow (Jan-Feb),77.93,26.5,82.7,59.7,1578.1,2014.4,3746.1,1922.3,105.04,Normal,5
AGRI-14819,2024,4,Nagapattinam,Coastal Alluvium & Saline,Pulses (Blackgram/Greengram),Rice Fallow (Jan-Feb),12.24,25.6,72.6,74.7,241.1,293.2,638.3,286.3,17.38,Low,3
AGRI-14820,2022,5,Karur,Red Sandy & Black Clay,Paddy (Rice),Kuruvai (Jun-Sep),5.27,27.9,80.3,0.0,220.8,1198.5,593.5,426.6,17.15,High,3
AGRI-14821,2022,8,Tiruchirappalli,Alluvial Clay & Red Loam,Groundnut,Adipattam (Jul-Aug),46.86,26.7,65.0,20.2,5729.0,2185.0,4275.2,3437.9,74.74,Normal,2
AGRI-14822,2025,3,Tiruchirappalli,Alluvial Clay & Red Loam,Cotton,Summer Irrigated (Feb-Jul),89.74,29.9,64.5,100.0,276.2,16058.2,9447.8,5494.3,341.61,Low,7
AGRI-14823,2025,9,Karur,Red Sandy & Black Clay,Groundnut,Thai Pattam (Dec-Jan),24.93,36.4,53.8,127.0,3251.4,1290.1,2562.4,1724.1,39.69,High,6
AGRI-14824,2022,5,Nagapattinam,Coastal Alluvium & Saline,Maize,Rabi (Oct-Jan),31.97,29.6,54.9,83.3,571.9,9094.0,4556.4,2486.7,61.8,Low,4
AGRI-14825,2021,9,Karur,Red Sandy & Black Clay,Paddy (Rice),Navarai (Dec-Mar),36.41,30.9,72.9,97.6,1507.0,9584.8,4654.9,2994.2,99.56,Low,6
AGRI-14826,2023,10,Thanjavur,Cauvery Delta Alluvium,Pulses (Blackgram/Greengram),Rice Fallow (Jan-Feb),69.89,32.6,86.7,153.7,1422.6,2137.6,4082.4,1635.5,127.4,High,3
AGRI-14827,2024,4,Tiruvarur,Deltaic Alluvium,Groundnut,Adipattam (Jul-Aug),44.61,32.4,81.6,78.7,5638.5,2023.4,4038.2,3088.3,110.96,Normal,5
AGRI-14828,2023,3,Tiruvarur,Deltaic Alluvium,Sugarcane,Early (Dec-Jan),92.97,34.5,63.9,44.4,33089.2,38910.7,13886.8,17468.3,363.33,Low,2
AGRI-14829,2025,7,Thanjavur,Cauvery Delta Alluvium,Sugarcane,Mid (Feb-Mar),85.04,23.2,69.0,57.8,29673.9,36300.4,12896.9,17470.8,344.36,Low,2
AGRI-14830,2022,10,Nagapattinam,Coastal Alluvium & Saline,Maize,Kharif (Jun-Sep),33.35,26.7,70.0,246.3,618.5,9625.8,5172.3,2339.3,70.61,High,5
AGRI-14831,2026,10,Pudukkottai,Red Laterite & Gravelly,Paddy (Rice),Samba/Thaladi (Aug-Jan),17.3,35.4,54.5,105.9,701.9,4083.3,2138.6,1465.8,47.09,High,7
AGRI-14832,2022,1,Nagapattinam,Coastal Alluvium & Saline,Maize,Rabi (Oct-Jan),40.39,25.5,83.2,67.5,751.1,10277.3,5126.7,2995.2,78.58,Normal,2
AGRI-14833,2021,4,Tiruchirappalli,Alluvial Clay & Red Loam,Maize,Kharif (Jun-Sep),3.06,31.4,69.9,39.3,53.7,743.4,392.5,215.1,6.38,Normal,2
AGRI-14834,2022,7,Tiruvarur,Deltaic Alluvium,Sugarcane,Late (Apr-May),42.51,31.2,80.3,100.9,14842.4,23505.0,7182.8,8745.7,260.59,High,4
AGRI-14835,2023,8,Madurai,Clayey Red Loam,Groundnut,Thai Pattam (Dec-Jan),13.47,30.2,57.4,4.8,1664.3,579.8,1218.0,963.0,22.58,Low,5
AGRI-14836,2025,8,Pudukkottai,Red Laterite & Gravelly,Pulses (Blackgram/Greengram),Rainfed (Oct-Nov),78.42,21.5,51.2,35.6,1519.4,1958.4,4076.1,1901.4,99.59,Low,7
AGRI-14837,2021,6,Pudukkottai,Red Laterite & Gravelly,Paddy (Rice),Kuruvai (Jun-Sep),26.73,26.3,63.1,52.2,1116.1,6135.7,2832.1,2427.1,76.92,High,3
AGRI-14838,2026,7,Tiruvarur,Deltaic Alluvium,Paddy (Rice),Samba/Thaladi (Aug-Jan),5.75,27.7,89.9,78.8,228.4,1299.3,647.3,512.9,26.0,High,5
AGRI-14839,2023,8,Pudukkottai,Red Laterite & Gravelly,Paddy (Rice),Samba/Thaladi (Aug-Jan),37.26,26.1,64.1,41.0,1500.6,7868.6,3966.6,3238.0,123.88,High,7
AGRI-14840,2026,4,Karur,Red Sandy & Black Clay,Pulses (Blackgram/Greengram),Rice Fallow (Jan-Feb),78.46,29.0,76.5,51.8,1644.9,2075.0,3788.2,1967.6,99.57,Low,3
AGRI-14841,2021,11,Thanjavur,Cauvery Delta Alluvium,Cotton,Winter Irrigated (Aug-Feb),74.66,25.7,90.0,201.2,233.9,13617.4,7714.6,4708.7,423.67,High,4
AGRI-14842,2026,5,Tiruvarur,Deltaic Alluvium,Sugarcane,Late (Apr-May),14.2,29.1,60.8,48.9,5079.1,6440.6,2113.6,2957.8,60.74,Low,6
AGRI-14843,2021,2,Thanjavur,Cauvery Delta Alluvium,Maize,Kharif (Jun-Sep),42.92,32.6,67.9,15.1,766.0,11122.5,5699.2,3298.3,87.64,Normal,6
AGRI-14844,2026,3,Pudukkottai,Red Laterite & Gravelly,Pulses (Blackgram/Greengram),Rainfed (Oct-Nov),50.79,33.4,54.6,46.7,1027.9,1224.0,2507.0,1212.1,61.53,Low,4
AGRI-14845,2025,6,Perambalur,Black Cotton Soil,Sugarcane,Mid (Feb-Mar),4.25,35.0,82.2,37.6,1434.4,1895.0,618.7,861.4,16.26,Low,4
AGRI-14846,2025,11,Tiruvarur,Deltaic Alluvium,Paddy (Rice),Navarai (Dec-Mar),52.09,32.0,81.2,210.3,2034.6,13084.9,6745.0,4121.2,235.83,High,3
AGRI-14847,2021,5,Tiruchirappalli,Alluvial Clay & Red Loam,Maize,Kharif (Jun-Sep),73.61,22.1,77.9,72.3,1373.2,18913.0,9748.6,5166.7,250.67,Low,2
AGRI-14848,2022,4,Thanjavur,Cauvery Delta Alluvium,Cotton,Winter Irrigated (Aug-Feb),13.89,31.3,62.3,67.2,43.5,2347.5,1245.1,964.9,51.99,Normal,7
AGRI-14849,2022,5,Tiruvarur,Deltaic Alluvium,Cotton,Winter Irrigated (Aug-Feb),17.7,33.0,83.2,48.5,52.8,2761.3,1605.6,1161.0,75.02,Normal,6
AGRI-14850,2023,3,Thanjavur,Cauvery Delta Alluvium,Groundnut,Adipattam (Jul-Aug),50.5,33.9,71.7,44.2,6302.5,2205.0,4564.6,3557.4,95.91,Normal,7
AGRI-14851,2022,1,Thanjavur,Cauvery Delta Alluvium,Maize,Rabi (Oct-Jan),53.28,29.8,71.8,13.5,955.8,13695.4,6802.1,3723.8,108.91,Normal,7
AGRI-14852,2022,6,Perambalur,Black Cotton Soil,Groundnut,Adipattam (Jul-Aug),84.98,32.2,77.6,35.9,10391.5,3702.4,7708.8,6279.8,133.63,Low,6
AGRI-14853,2023,6,Pudukkottai,Red Laterite & Gravelly,Pulses (Blackgram/Greengram),Rice Fallow (Jan-Feb),60.77,28.7,82.1,46.7,1257.2,1467.3,2975.7,1623.2,76.31,Low,4
AGRI-14854,2024,2,Tiruvarur,Deltaic Alluvium,Maize,Rabi (Oct-Jan),13.84,28.3,70.1,70.2,246.5,3683.4,1834.1,1071.7,28.84,Normal,7
AGRI-14855,2021,9,Karur,Red Sandy & Black Clay,Pulses (Blackgram/Greengram),Rainfed (Oct-Nov),43.83,23.7,62.0,109.1,872.5,1335.5,2562.4,1116.5,50.7,High,5
AGRI-14856,2026,11,Tiruchirappalli,Alluvial Clay & Red Loam,Sugarcane,Early (Dec-Jan),87.4,32.2,87.5,202.5,30266.6,45845.1,14416.5,18483.9,624.85,High,2
AGRI-14857,2025,1,Pudukkottai,Red Laterite & Gravelly,Pulses (Blackgram/Greengram),Rice Fallow (Jan-Feb),34.69,25.1,51.2,55.4,684.3,809.6,1795.9,824.7,44.43,Low,2
AGRI-14858,2025,11,Nagapattinam,Coastal Alluvium & Saline,Paddy (Rice),Navarai (Dec-Mar),33.77,24.2,59.8,289.1,1389.3,8714.2,4150.2,2843.8,104.6,High,5
AGRI-14859,2023,11,Nagapattinam,Coastal Alluvium & Saline,Groundnut,Thai Pattam (Dec-Jan),41.14,29.4,91.4,252.4,5242.9,2106.8,4169.5,3064.8,106.09,High,7
AGRI-14860,2021,11,Tiruchirappalli,Alluvial Clay & Red Loam,Paddy (Rice),Navarai (Dec-Mar),5.54,26.3,86.6,155.7,223.1,1377.6,683.7,434.6,23.87,High,3
AGRI-14861,2021,10,Pudukkottai,Red Laterite & Gravelly,Sugarcane,Early (Dec-Jan),72.37,29.2,71.6,138.1,25956.9,36550.2,12632.9,14888.9,325.93,High,4
AGRI-14862,2024,8,Karur,Red Sandy & Black Clay,Paddy (Rice),Kuruvai (Jun-Sep),29.61,28.7,89.8,7.5,1210.8,6365.0,3371.2,2587.9,85.42,High,6
AGRI-14863,2023,2,Thanjavur,Cauvery Delta Alluvium,Sugarcane,Mid (Feb-Mar),87.04,35.8,77.8,68.2,31928.4,38488.7,13217.2,18086.4,384.06,Low,5
AGRI-14864,2024,5,Tiruchirappalli,Alluvial Clay & Red Loam,Maize,Rabi (Oct-Jan),20.69,26.4,70.4,2.8,387.6,5151.4,2779.1,1628.5,41.15,Low,2
AGRI-14865,2024,8,Karur,Red Sandy & Black Clay,Groundnut,Chithirai Pattam (Apr-May),85.95,26.9,72.2,46.6,10719.5,3657.8,7535.0,6196.9,155.64,Normal,4
AGRI-14866,2025,2,Tiruvarur,Deltaic Alluvium,Paddy (Rice),Navarai (Dec-Mar),29.19,26.4,51.7,91.0,1178.6,7120.5,3514.5,2598.9,96.11,Low,3
AGRI-14867,2026,10,Thanjavur,Cauvery Delta Alluvium,Groundnut,Thai Pattam (Dec-Jan),58.4,25.5,60.8,162.1,7280.3,3112.1,6108.8,4664.7,104.19,High,3
AGRI-14868,2021,1,Karur,Red Sandy & Black Clay,Paddy (Rice),Navarai (Dec-Mar),61.52,29.3,85.9,36.7,2412.1,14311.0,7073.0,5074.6,194.84,Normal,4
AGRI-14869,2023,9,Thanjavur,Cauvery Delta Alluvium,Paddy (Rice),Samba/Thaladi (Aug-Jan),66.96,22.5,55.1,126.0,2657.3,17740.1,8064.3,5451.8,211.3,High,6
AGRI-14870,2026,5,Karur,Red Sandy & Black Clay,Cotton,Winter Irrigated (Aug-Feb),21.95,32.4,91.1,0.0,68.9,3676.1,1942.4,1447.4,89.57,Normal,7
AGRI-14871,2023,5,Pudukkottai,Red Laterite & Gravelly,Groundnut,Adipattam (Jul-Aug),31.76,28.0,51.0,0.0,3843.7,1472.5,2965.7,2230.0,49.76,Normal,5
AGRI-14872,2023,8,Karur,Red Sandy & Black Clay,Cotton,Winter Irrigated (Aug-Feb),72.41,28.2,62.6,19.0,225.0,12500.8,6577.7,4502.0,250.51,Normal,3
AGRI-14873,2024,5,Madurai,Clayey Red Loam,Groundnut,Chithirai Pattam (Apr-May),43.72,36.9,80.0,75.3,5610.8,2094.9,3842.0,3051.5,108.59,Normal,2
AGRI-14874,2021,12,Tiruvarur,Deltaic Alluvium,Pulses (Blackgram/Greengram),Rice Fallow (Jan-Feb),93.37,32.6,66.9,203.7,1804.9,2831.9,5347.9,2329.2,116.2,High,7
AGRI-14875,2026,2,Karur,Red Sandy & Black Clay,Sugarcane,Mid (Feb-Mar),91.98,31.4,60.3,37.0,32859.2,39453.2,13196.3,18386.7,356.97,Low,6
AGRI-14876,2023,3,Karur,Red Sandy & Black Clay,Cotton,Summer Irrigated (Feb-Jul),30.62,34.5,67.9,10.7,88.7,4587.7,2859.1,1869.1,124.31,Low,3
AGRI-14877,2021,4,Pudukkottai,Red Laterite & Gravelly,Maize,Kharif (Jun-Sep),36.61,30.3,62.4,58.5,652.4,9226.5,4853.5,2657.2,81.91,Normal,2
AGRI-14878,2022,9,Tiruvarur,Deltaic Alluvium,Paddy (Rice),Navarai (Dec-Mar),55.84,27.3,70.8,273.8,2194.8,14249.0,7185.5,4849.4,159.47,High,6
AGRI-14879,2022,2,Nagapattinam,Coastal Alluvium & Saline,Pulses (Blackgram/Greengram),Rainfed (Oct-Nov),46.37,26.0,53.7,65.9,915.7,1090.3,2224.7,1074.4,61.28,Low,4
AGRI-14880,2024,8,Tiruchirappalli,Alluvial Clay & Red Loam,Pulses (Blackgram/Greengram),Rainfed (Oct-Nov),58.28,31.3,64.1,62.5,1191.0,1368.0,2948.7,1366.3,71.92,Normal,7
AGRI-14881,2021,2,Karur,Red Sandy & Black Clay,Sugarcane,Late (Apr-May),41.13,29.6,52.5,28.6,14967.7,17850.8,5989.8,8518.8,164.78,Normal,2
AGRI-14882,2023,9,Karur,Red Sandy & Black Clay,Cotton,Winter Irrigated (Aug-Feb),86.18,28.4,64.3,100.3,266.0,15930.6,9125.8,5674.5,354.65,High,7
AGRI-14883,2026,1,Perambalur,Black Cotton Soil,Cotton,Summer Irrigated (Feb-Jul),28.73,31.7,50.8,58.2,88.5,4896.3,2608.9,1774.0,110.7,Low,6
AGRI-14884,2024,3,Karur,Red Sandy & Black Clay,Maize,Kharif (Jun-Sep),12.68,26.1,64.2,29.7,226.3,3085.2,1708.7,906.6,26.19,Normal,2
AGRI-14885,2026,1,Perambalur,Black Cotton Soil,Cotton,Winter Irrigated (Aug-Feb),90.38,34.6,76.1,28.1,263.7,15042.0,8238.2,5792.4,323.52,Normal,7
AGRI-14886,2021,2,Karur,Red Sandy & Black Clay,Pulses (Blackgram/Greengram),Rainfed (Oct-Nov),31.13,23.4,90.2,47.1,618.8,822.5,1556.4,752.3,41.56,Low,3
AGRI-14887,2025,1,Tiruchirappalli,Alluvial Clay & Red Loam,Maize,Rabi (Oct-Jan),27.64,22.8,61.9,14.6,505.2,6910.8,3704.4,2040.8,61.29,Normal,5
AGRI-14888,2024,1,Thanjavur,Cauvery Delta Alluvium,Cotton,Summer Irrigated (Feb-Jul),40.21,23.9,50.9,28.0,126.3,6520.0,3468.2,2418.8,159.16,Low,3
AGRI-14889,2022,5,Pudukkottai,Red Laterite & Gravelly,Pulses (Blackgram/Greengram),Rice Fallow (Jan-Feb),22.83,20.6,75.7,48.5,445.9,550.8,1122.3,573.7,28.33,Low,5
AGRI-14890,2026,11,Madurai,Clayey Red Loam,Paddy (Rice),Samba/Thaladi (Aug-Jan),82.5,35.1,71.5,185.4,3247.7,21218.4,10228.3,6623.6,250.28,High,7
AGRI-14891,2025,4,Tiruvarur,Deltaic Alluvium,Cotton,Winter Irrigated (Aug-Feb),82.32,28.7,77.8,55.7,244.7,13146.6,7387.1,5040.2,326.3,Low,6
AGRI-14892,2024,10,Madurai,Clayey Red Loam,Sugarcane,Mid (Feb-Mar),81.72,33.7,72.7,141.5,29576.3,42518.0,14284.5,15927.0,328.62,High,3
AGRI-14893,2025,4,Pudukkottai,Red Laterite & Gravelly,Groundnut,Chithirai Pattam (Apr-May),64.2,32.6,50.0,52.4,7951.1,2707.5,5531.5,4898.1,99.43,Normal,5
AGRI-14894,2025,9,Tiruchirappalli,Alluvial Clay & Red Loam,Paddy (Rice),Kuruvai (Jun-Sep),60.67,27.9,59.6,135.3,2462.3,15975.7,7358.8,5070.8,166.85,High,3
AGRI-14895,2025,10,Perambalur,Black Cotton Soil,Cotton,Winter Irrigated (Aug-Feb),20.82,30.9,82.8,146.7,62.5,3709.4,2110.3,1413.8,118.32,High,7
AGRI-14896,2022,8,Madurai,Clayey Red Loam,Cotton,Winter Irrigated (Aug-Feb),75.7,27.4,59.9,25.9,231.0,11449.0,6661.9,5209.8,290.71,Low,5
AGRI-14897,2023,1,Thanjavur,Cauvery Delta Alluvium,Sugarcane,Late (Apr-May),25.03,36.8,65.4,25.5,8689.4,11906.7,3931.9,5149.9,110.01,Normal,3
AGRI-14898,2024,8,Tiruchirappalli,Alluvial Clay & Red Loam,Groundnut,Adipattam (Jul-Aug),84.78,26.9,57.1,74.2,10684.0,3668.7,7597.8,6383.8,129.95,Low,2
AGRI-14899,2023,11,Perambalur,Black Cotton Soil,Paddy (Rice),Kuruvai (Jun-Sep),45.67,26.3,84.5,192.2,1865.8,12018.0,5716.7,3617.8,221.88,High,4
AGRI-14900,2021,12,Karur,Red Sandy & Black Clay,Sugarcane,Late (Apr-May),4.43,27.6,67.5,132.9,1617.1,2445.8,759.5,884.5,20.44,High,7
AGRI-14901,2023,6,Tiruvarur,Deltaic Alluvium,Sugarcane,Mid (Feb-Mar),86.91,39.8,75.0,102.6,30868.7,48525.6,14557.6,16267.0,343.26,High,7
AGRI-14902,2023,3,Nagapattinam,Coastal Alluvium & Saline,Paddy (Rice),Navarai (Dec-Mar),25.13,27.2,64.9,52.4,1050.0,5383.8,2797.9,2231.1,75.79,Normal,5
AGRI-14903,2023,12,Karur,Red Sandy & Black Clay,Maize,Kharif (Jun-Sep),84.55,28.4,87.0,107.7,1498.6,23269.3,13112.8,6379.2,311.47,High,4
AGRI-14904,2025,1,Karur,Red Sandy & Black Clay,Paddy (Rice),Kuruvai (Jun-Sep),64.91,31.0,58.3,4.7,2542.2,15368.8,7247.1,5566.9,191.3,High,4
AGRI-14905,2021,5,Tiruchirappalli,Alluvial Clay & Red Loam,Cotton,Winter Irrigated (Aug-Feb),31.96,27.5,52.7,48.8,95.7,5074.6,3018.2,2187.5,110.72,Normal,6
AGRI-14906,2024,11,Thanjavur,Cauvery Delta Alluvium,Sugarcane,Mid (Feb-Mar),35.57,34.8,83.1,184.9,12795.3,19551.7,6035.0,6700.8,232.69,High,3
AGRI-14907,2025,9,Nagapattinam,Coastal Alluvium & Saline,Paddy (Rice),Samba/Thaladi (Aug-Jan),56.21,27.5,89.7,235.9,2211.2,13476.8,7149.0,4909.9,294.52,High,6
AGRI-14908,2025,12,Madurai,Clayey Red Loam,Cotton,Summer Irrigated (Feb-Jul),59.13,32.3,83.4,126.2,184.4,10201.0,5908.0,4083.0,383.67,High,4
AGRI-14909,2024,11,Tiruvarur,Deltaic Alluvium,Groundnut,Adipattam (Jul-Aug),46.97,28.5,65.5,258.9,5702.3,2296.9,4751.7,3486.5,86.12,High,6
AGRI-14910,2026,12,Pudukkottai,Red Laterite & Gravelly,Paddy (Rice),Navarai (Dec-Mar),57.62,27.3,55.0,169.8,2219.4,14667.5,7475.4,4892.3,155.36,High,5
AGRI-14911,2023,2,Karur,Red Sandy & Black Clay,Cotton,Summer Irrigated (Feb-Jul),13.85,25.4,82.5,60.4,40.5,2377.4,1244.4,829.0,55.2,Low,6
AGRI-14912,2022,10,Tiruvarur,Deltaic Alluvium,Paddy (Rice),Navarai (Dec-Mar),7.91,31.8,51.3,203.7,315.2,1940.1,1027.3,678.2,23.98,High,4
AGRI-14913,2024,8,Pudukkottai,Red Laterite & Gravelly,Paddy (Rice),Navarai (Dec-Mar),27.44,26.5,75.8,76.1,1073.8,5816.1,3128.1,2325.0,122.25,Normal,2
AGRI-14914,2025,12,Tiruvarur,Deltaic Alluvium,Paddy (Rice),Kuruvai (Jun-Sep),41.46,28.9,68.5,187.1,1644.6,10727.9,5394.8,3277.3,138.07,High,4
AGRI-14915,2023,9,Pudukkottai,Red Laterite & Gravelly,Maize,Rabi (Oct-Jan),37.52,23.9,88.8,170.9,708.7,11315.4,5828.3,2804.1,131.28,High,3
AGRI-14916,2026,12,Nagapattinam,Coastal Alluvium & Saline,Pulses (Blackgram/Greengram),Rice Fallow (Jan-Feb),81.39,24.6,72.9,274.6,1652.4,2288.0,4687.7,2129.8,96.63,High,7
AGRI-14917,2025,8,Perambalur,Black Cotton Soil,Maize,Kharif (Jun-Sep),57.94,21.0,80.3,57.0,1028.5,14735.6,7182.7,4133.7,130.76,Normal,7
AGRI-14918,2026,6,Nagapattinam,Coastal Alluvium & Saline,Paddy (Rice),Kuruvai (Jun-Sep),90.55,30.8,75.1,45.8,3631.7,18885.8,10347.7,7746.6,295.51,High,6
AGRI-14919,2025,6,Pudukkottai,Red Laterite & Gravelly,Pulses (Blackgram/Greengram),Rice Fallow (Jan-Feb),26.34,26.5,56.2,41.4,509.8,641.3,1262.7,618.8,34.03,Normal,5
AGRI-14920,2021,3,Perambalur,Black Cotton Soil,Cotton,Summer Irrigated (Feb-Jul),64.66,33.5,65.4,0.0,188.4,10422.3,5849.8,4426.1,238.68,Low,2
AGRI-14921,2021,12,Pudukkottai,Red Laterite & Gravelly,Pulses (Blackgram/Greengram),Rice Fallow (Jan-Feb),59.7,28.1,68.1,142.4,1229.0,1743.5,3375.2,1430.2,68.88,High,3
AGRI-14922,2025,9,Madurai,Clayey Red Loam,Sugarcane,Early (Dec-Jan),14.27,30.8,89.3,162.4,4908.5,6911.5,2387.3,2906.1,92.27,High,4
AGRI-14923,2022,4,Perambalur,Black Cotton Soil,Groundnut,Chithirai Pattam (Apr-May),29.41,28.9,89.0,74.1,3767.7,1257.6,2688.3,2043.0,80.25,Normal,6
AGRI-14924,2023,6,Nagapattinam,Coastal Alluvium & Saline,Groundnut,Chithirai Pattam (Apr-May),59.81,29.3,74.0,56.9,7444.7,2788.3,5418.0,4405.0,105.5,Normal,6
AGRI-14925,2025,7,Madurai,Clayey Red Loam,Pulses (Blackgram/Greengram),Rice Fallow (Jan-Feb),68.96,28.7,65.7,91.4,1327.0,1915.9,3784.8,1609.9,91.81,Normal,3
AGRI-14926,2026,11,Karur,Red Sandy & Black Clay,Sugarcane,Late (Apr-May),54.16,38.2,70.8,90.7,19244.9,28511.4,9307.7,10698.1,213.56,Normal,2
AGRI-14927,2022,4,Tiruchirappalli,Alluvial Clay & Red Loam,Pulses (Blackgram/Greengram),Rice Fallow (Jan-Feb),80.64,27.9,54.8,71.5,1575.6,2022.5,4158.8,2099.8,100.42,Low,5
AGRI-14928,2023,10,Madurai,Clayey Red Loam,Paddy (Rice),Navarai (Dec-Mar),76.39,26.5,73.1,150.0,3082.4,20541.0,9205.4,6503.7,254.0,High,3
AGRI-14929,2024,3,Pudukkottai,Red Laterite & Gravelly,Groundnut,Adipattam (Jul-Aug),20.58,27.4,68.7,78.9,2655.3,968.3,1797.3,1535.3,32.49,Normal,6
AGRI-14930,2023,8,Madurai,Clayey Red Loam,Cotton,Winter Irrigated (Aug-Feb),56.38,34.1,89.4,44.9,164.5,9420.9,5255.5,3652.5,195.99,Normal,4
AGRI-14931,2022,3,Thanjavur,Cauvery Delta Alluvium,Cotton,Winter Irrigated (Aug-Feb),79.06,34.3,61.0,58.0,230.1,12451.0,7174.4,5349.4,336.31,Low,3
AGRI-14932,2021,9,Madurai,Clayey Red Loam,Groundnut,Adipattam (Jul-Aug),88.84,27.5,78.7,156.2,10875.8,4774.0,9091.3,6343.1,223.07,High,4
AGRI-14933,2023,5,Madurai,Clayey Red Loam,Sugarcane,Mid (Feb-Mar),65.44,32.1,84.7,30.8,23219.3,30989.5,10177.8,13961.5,291.48,Normal,6
AGRI-14934,2023,5,Madurai,Clayey Red Loam,Pulses (Blackgram/Greengram),Rainfed (Oct-Nov),62.6,27.0,85.0,49.5,1311.4,1531.5,3018.7,1667.1,78.62,Normal,3
AGRI-14935,2026,2,Tiruvarur,Deltaic Alluvium,Groundnut,Adipattam (Jul-Aug),42.16,30.5,60.8,66.1,5323.1,1927.8,3762.7,3021.2,72.14,Normal,4
AGRI-14936,2025,5,Thanjavur,Cauvery Delta Alluvium,Paddy (Rice),Kuruvai (Jun-Sep),31.45,21.3,82.8,81.7,1283.3,7560.0,4157.9,2605.7,162.28,High,4
AGRI-14937,2023,11,Tiruchirappalli,Alluvial Clay & Red Loam,Cotton,Summer Irrigated (Feb-Jul),15.61,27.2,60.9,143.3,46.8,2860.1,1598.8,1073.3,59.89,High,2
AGRI-14938,2022,1,Perambalur,Black Cotton Soil,Pulses (Blackgram/Greengram),Rainfed (Oct-Nov),66.54,31.6,90.5,27.5,1311.9,1768.4,3352.1,1692.3,85.32,Normal,4
AGRI-14939,2024,7,Thanjavur,Cauvery Delta Alluvium,Groundnut,Chithirai Pattam (Apr-May),50.66,26.0,79.1,63.3,6300.7,2149.2,4604.6,3916.4,89.79,Normal,7
AGRI-14940,2021,2,Tiruvarur,Deltaic Alluvium,Sugarcane,Mid (Feb-Mar),85.4,33.7,83.0,45.8,29255.3,37022.1,12444.1,17550.7,334.14,Normal,5
AGRI-14941,2025,12,Tiruvarur,Deltaic Alluvium,Maize,Kharif (Jun-Sep),70.93,25.5,69.9,163.5,1312.3,20644.2,10586.8,5271.2,152.19,High,2
AGRI-14942,2025,10,Tiruvarur,Deltaic Alluvium,Cotton,Winter Irrigated (Aug-Feb),13.16,25.4,53.2,213.6,41.2,2442.7,1355.7,888.3,54.84,High,3
AGRI-14943,2024,6,Tiruvarur,Deltaic Alluvium,Sugarcane,Mid (Feb-Mar),86.12,27.0,73.7,57.2,30817.8,36591.6,12274.8,17098.1,370.8,Low,6
AGRI-14944,2022,6,Nagapattinam,Coastal Alluvium & Saline,Cotton,Summer Irrigated (Feb-Jul),66.61,31.7,54.7,23.0,191.9,11145.2,5765.2,4196.6,249.12,Normal,3
AGRI-14945,2023,5,Tiruchirappalli,Alluvial Clay & Red Loam,Cotton,Winter Irrigated (Aug-Feb),14.94,31.0,70.8,79.5,46.5,2425.6,1281.8,899.9,62.09,Low,4
AGRI-14946,2022,5,Madurai,Clayey Red Loam,Groundnut,Adipattam (Jul-Aug),24.17,26.5,67.7,12.2,3136.6,1134.3,2116.8,1863.3,43.56,Normal,6
AGRI-14947,2022,1,Nagapattinam,Coastal Alluvium & Saline,Groundnut,Chithirai Pattam (Apr-May),81.97,28.1,85.4,68.8,10351.1,3775.2,7324.3,6357.6,155.05,Normal,2
AGRI-14948,2021,10,Nagapattinam,Coastal Alluvium & Saline,Maize,Rabi (Oct-Jan),51.11,30.1,54.9,248.1,940.6,15431.0,7982.5,3976.0,113.6,High,5
AGRI-14949,2023,3,Pudukkottai,Red Laterite & Gravelly,Groundnut,Chithirai Pattam (Apr-May),88.52,29.3,54.2,0.0,11614.4,4103.0,8270.1,6225.0,138.75,Low,3
AGRI-14950,2022,8,Nagapattinam,Coastal Alluvium & Saline,Cotton,Summer Irrigated (Feb-Jul),63.26,31.8,59.7,10.2,182.9,10674.6,5755.4,3880.2,252.87,Low,2
AGRI-14951,2026,12,Perambalur,Black Cotton Soil,Pulses (Blackgram/Greengram),Rainfed (Oct-Nov),87.54,34.2,54.9,196.6,1764.1,2348.4,4940.0,2299.0,106.54,High,3
AGRI-14952,2023,4,Madurai,Clayey Red Loam,Pulses (Blackgram/Greengram),Rainfed (Oct-Nov),9.6,29.0,80.9,28.4,190.6,245.7,459.9,236.4,12.87,Normal,7
AGRI-14953,2026,8,Pudukkottai,Red Laterite & Gravelly,Pulses (Blackgram/Greengram),Rice Fallow (Jan-Feb),64.8,28.2,59.5,9.3,1302.0,1732.0,3243.9,1582.7,79.52,Normal,7
AGRI-14954,2021,7,Perambalur,Black Cotton Soil,Maize,Kharif (Jun-Sep),63.04,32.7,56.9,46.0,1129.6,15470.3,8378.1,4587.8,143.08,Normal,6
AGRI-14955,2021,9,Thanjavur,Cauvery Delta Alluvium,Groundnut,Chithirai Pattam (Apr-May),90.03,30.6,62.0,181.6,10883.7,4517.5,9124.1,6443.0,162.18,High,4
AGRI-14956,2025,8,Karur,Red Sandy & Black Clay,Paddy (Rice),Kuruvai (Jun-Sep),71.19,28.2,89.3,27.7,2923.8,15587.1,7901.6,6471.0,217.32,High,2
AGRI-14957,2025,10,Madurai,Clayey Red Loam,Paddy (Rice),Navarai (Dec-Mar),71.19,25.3,69.0,150.3,2787.8,18005.1,9351.8,5992.7,213.44,High,3
AGRI-14958,2026,10,Nagapattinam,Coastal Alluvium & Saline,Pulses (Blackgram/Greengram),Rice Fallow (Jan-Feb),69.13,31.2,62.3,241.7,1358.3,1953.8,4007.1,1675.3,88.36,High,2
AGRI-14959,2023,10,Karur,Red Sandy & Black Clay,Sugarcane,Early (Dec-Jan),39.17,25.9,51.1,129.5,13275.3,20422.6,6974.4,8355.9,175.7,High,2
AGRI-14960,2021,9,Karur,Red Sandy & Black Clay,Pulses (Blackgram/Greengram),Rice Fallow (Jan-Feb),12.52,29.8,77.5,121.8,259.0,364.7,729.4,288.7,25.07,High,4
AGRI-14961,2023,6,Perambalur,Black Cotton Soil,Cotton,Winter Irrigated (Aug-Feb),73.65,27.8,73.7,50.6,214.1,11733.4,6458.8,4955.0,256.25,Low,3
AGRI-14962,2022,5,Karur,Red Sandy & Black Clay,Cotton,Summer Irrigated (Feb-Jul),59.3,25.7,62.3,45.1,173.4,9463.8,5260.5,3758.8,246.69,Normal,6
AGRI-14963,2023,12,Nagapattinam,Coastal Alluvium & Saline,Groundnut,Thai Pattam (Dec-Jan),91.97,30.4,83.6,247.9,11369.6,4872.7,9753.4,6452.9,240.88,High,4
AGRI-14964,2023,4,Madurai,Clayey Red Loam,Sugarcane,Mid (Feb-Mar),10.67,29.4,64.3,51.6,3871.5,4757.8,1543.2,1966.7,47.09,Low,3
AGRI-14965,2022,6,Thanjavur,Cauvery Delta Alluvium,Sugarcane,Early (Dec-Jan),60.61,30.5,90.3,0.0,20949.9,27648.7,8853.3,12914.5,280.67,Normal,5
AGRI-14966,2022,4,Tiruvarur,Deltaic Alluvium,Pulses (Blackgram/Greengram),Rainfed (Oct-Nov),16.02,28.9,88.8,101.1,322.1,493.7,921.6,412.5,35.49,High,3
AGRI-14967,2022,5,Pudukkottai,Red Laterite & Gravelly,Groundnut,Chithirai Pattam (Apr-May),43.06,27.3,76.9,0.0,5515.1,2033.1,3955.0,3045.1,70.13,Normal,5
AGRI-14968,2025,2,Tiruchirappalli,Alluvial Clay & Red Loam,Pulses (Blackgram/Greengram),Rice Fallow (Jan-Feb),75.51,30.4,56.9,20.0,1523.7,1772.9,3681.6,1739.8,104.74,Low,6
AGRI-14969,2026,3,Perambalur,Black Cotton Soil,Sugarcane,Early (Dec-Jan),4.36,32.2,86.7,28.1,1538.6,1858.2,629.0,834.1,20.17,Normal,5
AGRI-14970,2021,12,Thanjavur,Cauvery Delta Alluvium,Pulses (Blackgram/Greengram),Rainfed (Oct-Nov),80.68,21.5,66.0,180.6,1637.7,2302.0,4444.0,2000.9,101.53,High,7
AGRI-14971,2023,1,Karur,Red Sandy & Black Clay,Maize,Kharif (Jun-Sep),60.65,24.9,78.4,15.3,1075.2,15872.0,8051.5,4548.5,137.16,Normal,4
AGRI-14972,2021,2,Tiruchirappalli,Alluvial Clay & Red Loam,Paddy (Rice),Navarai (Dec-Mar),49.21,27.1,58.6,32.3,1961.6,11268.1,5320.1,4371.4,140.39,Low,3
AGRI-14973,2023,8,Nagapattinam,Coastal Alluvium & Saline,Paddy (Rice),Navarai (Dec-Mar),39.9,33.5,59.5,93.6,1574.0,10744.7,5007.7,3621.7,112.29,Normal,2
AGRI-14974,2026,11,Karur,Red Sandy & Black Clay,Cotton,Summer Irrigated (Feb-Jul),84.01,31.8,56.5,108.0,259.6,15685.9,8497.1,5122.7,346.87,High,7
AGRI-14975,2022,10,Tiruchirappalli,Alluvial Clay & Red Loam,Sugarcane,Mid (Feb-Mar),89.81,30.6,84.9,151.8,32622.0,50148.6,15003.7,19157.6,566.69,High,4
AGRI-14976,2022,4,Tiruvarur,Deltaic Alluvium,Cotton,Summer Irrigated (Feb-Jul),24.66,26.9,87.6,43.1,77.4,3926.6,2313.2,1584.1,96.61,Normal,5
AGRI-14977,2022,1,Karur,Red Sandy & Black Clay,Cotton,Winter Irrigated (Aug-Feb),32.85,35.5,72.2,78.9,97.4,5015.7,2949.4,2034.7,122.68,Normal,2
AGRI-14978,2025,2,Nagapattinam,Coastal Alluvium & Saline,Pulses (Blackgram/Greengram),Rice Fallow (Jan-Feb),61.47,30.2,72.0,57.9,1199.9,1532.2,3051.6,1641.1,79.44,Low,6
AGRI-14979,2023,10,Madurai,Clayey Red Loam,Maize,Kharif (Jun-Sep),10.9,23.0,84.1,185.1,190.9,3288.1,1685.8,804.7,35.92,High,7
AGRI-14980,2022,2,Pudukkottai,Red Laterite & Gravelly,Pulses (Blackgram/Greengram),Rice Fallow (Jan-Feb),7.94,35.6,66.3,63.2,152.6,199.4,382.7,207.0,10.54,Normal,3
AGRI-14981,2023,11,Pudukkottai,Red Laterite & Gravelly,Paddy (Rice),Samba/Thaladi (Aug-Jan),11.85,24.6,77.8,154.6,481.0,3132.6,1558.4,1057.7,52.79,High,4
AGRI-14982,2023,4,Tiruchirappalli,Alluvial Clay & Red Loam,Cotton,Winter Irrigated (Aug-Feb),34.85,29.8,88.2,47.6,108.2,6005.6,3086.3,2140.6,137.92,Normal,4
AGRI-14983,2025,2,Karur,Red Sandy & Black Clay,Cotton,Winter Irrigated (Aug-Feb),28.88,28.7,90.6,13.9,90.1,4810.0,2654.0,1746.9,108.49,Normal,6
AGRI-14984,2024,3,Karur,Red Sandy & Black Clay,Maize,Rabi (Oct-Jan),9.66,28.6,56.2,51.5,170.1,2366.1,1251.7,750.1,22.25,Normal,2
AGRI-14985,2021,2,Pudukkottai,Red Laterite & Gravelly,Maize,Rabi (Oct-Jan),41.32,28.2,50.2,78.4,769.1,10070.5,5631.8,2956.5,92.06,Normal,2
AGRI-14986,2022,6,Pudukkottai,Red Laterite & Gravelly,Pulses (Blackgram/Greengram),Rice Fallow (Jan-Feb),67.25,28.1,51.1,52.6,1345.9,1672.4,3334.1,1688.1,91.05,Normal,6
AGRI-14987,2025,3,Madurai,Clayey Red Loam,Cotton,Summer Irrigated (Feb-Jul),32.71,29.1,60.5,55.6,96.6,5031.8,2894.4,2086.5,114.6,Normal,3
AGRI-14988,2025,5,Karur,Red Sandy & Black Clay,Paddy (Rice),Samba/Thaladi (Aug-Jan),27.17,27.8,85.5,19.7,1049.0,6302.9,2917.1,2378.9,73.52,High,3
AGRI-14989,2021,6,Madurai,Clayey Red Loam,Maize,Kharif (Jun-Sep),49.12,22.9,65.2,12.2,858.3,11580.6,6588.6,3447.2,109.62,Low,4
AGRI-14990,2024,12,Nagapattinam,Coastal Alluvium & Saline,Paddy (Rice),Navarai (Dec-Mar),24.82,28.0,50.8,250.3,1022.1,6680.0,3039.2,2110.2,70.38,High,4
AGRI-14991,2025,3,Karur,Red Sandy & Black Clay,Pulses (Blackgram/Greengram),Rainfed (Oct-Nov),94.94,33.0,77.7,110.9,1910.0,2815.6,5193.9,2330.7,199.24,High,3
AGRI-14992,2026,8,Karur,Red Sandy & Black Clay,Maize,Rabi (Oct-Jan),38.18,19.7,75.6,8.0,673.7,9005.7,4956.5,2639.9,88.25,Normal,3
AGRI-14993,2026,2,Madurai,Clayey Red Loam,Sugarcane,Mid (Feb-Mar),75.87,26.3,59.6,92.6,26753.1,37015.3,12817.7,15107.4,356.27,Normal,3
AGRI-14994,2026,6,Tiruchirappalli,Alluvial Clay & Red Loam,Sugarcane,Late (Apr-May),2.87,29.0,69.2,64.8,1026.3,1369.3,441.5,588.1,12.36,Normal,7
AGRI-14995,2021,8,Perambalur,Black Cotton Soil,Pulses (Blackgram/Greengram),Rainfed (Oct-Nov),60.58,24.4,85.9,60.9,1225.4,1624.8,2883.7,1549.6,82.72,Low,4
AGRI-14996,2026,12,Nagapattinam,Coastal Alluvium & Saline,Cotton,Winter Irrigated (Aug-Feb),40.96,31.7,60.0,245.2,122.6,7609.3,4210.0,2698.7,152.04,High,7
AGRI-14997,2026,4,Karur,Red Sandy & Black Clay,Maize,Rabi (Oct-Jan),88.05,32.5,78.2,16.2,1604.1,21871.3,11800.9,6819.5,202.13,Normal,2
AGRI-14998,2024,5,Thanjavur,Cauvery Delta Alluvium,Groundnut,Chithirai Pattam (Apr-May),33.42,30.3,56.5,0.0,4148.2,1591.3,2972.2,2496.3,51.44,Normal,2
AGRI-14999,2023,11,Karur,Red Sandy & Black Clay,Maize,Kharif (Jun-Sep),75.71,26.3,66.2,150.5,1422.9,21357.9,10834.8,5811.6,169.89,High,7
